img,type,answer,randomise,display,,,,
,,,,instructions,,,,
02a108b4bc4d6ca41a136435224928d2.jpg,filler,J,,image,,,,
02b795f5cb873198bbcdcba8e3e11cca.jpg,filler,J,1,image,,,,
02c05e69286823f10f4ab01f26fc6812.jpg,filler,J,1,image,,,,
04de1856fcea231f42ad01035f9b1c56.jpg,filler,J,1,image,,,,
07c99bf394859e3fdde94626a4aedb79.jpg,filler,J,1,image,,,,
07fbc5d4f0c1ab43be1954cbf040156e.jpg,filler,J,1,image,,,,
0841f280aff55c74ee0dffdaf4188ea4.jpg,filler,J,1,image,,,,1
e3d45b63373ad9031cb579c0db267bd0.jpg,window,J,2,image,,,,
07cf5e9b9aad501863fe286256b8433d.jpg,window,J,2,image,,,,
2a569badca3d9b61a0187834037c83e6.jpg,window,J,2,image,,,,
NeutMidNonsoc_5.jpg,target,F,,image,,,,
NeutMidNonsoc_5.jpg,target,F,,image,,,,
0cfe87730c34e33ddefcea72a76866e1.jpg,filler,J,1,image,,,,
1e5331dcb6300b78f27530fad9151075.jpg,filler,J,1,image,,,,
1e8d554bd33ee06f1f5bb421c6f25fe9.jpg,filler,J,1,image,,,,
1ed3f9920ce7b51e85a48d73b6970a23.jpg,filler,J,1,image,,,,
1edf5f73aaf37ebc3193e17560540498.jpg,filler,J,1,image,,,,
1eec067883ec4da9a4f1847ce01edf8b.jpg,filler,J,1,image,,,,
1f13b2825be0ba034d5aa84a1f6a3db5.jpg,filler,J,1,image,,,,
1f8f17ae4c44378ad7ea2db1ef0bfc25.jpg,filler,J,1,image,,,,
2a2a25458985c1efa5ba592c203c6387.jpg,window,J,2,image,,,,
525cb60d16d968df5c9ee892baf24f6d.jpg,window,J,2,image,,,,
5a4a9d13e15e2bbb4dcd772f15dc001a.jpg,window,J,2,image,,,,
3d1624eb4c35402296bf9bc2e790f343.jpg,target,F,,image,,,,
3d1624eb4c35402296bf9bc2e790f343.jpg,target,F,,image,,,,
1fe7a8e5f31789be5be02e5cf90ec71f.jpg,filler,J,1,image,,,,
1ff93f044a2f56339403ccc24740e14b.jpg,filler,J,1,image,,,,
29d7775002cc48aee7b8ad5509ade341.jpg,filler,J,1,image,,,,
2a0735c755f4e13681ed4ddf484b6ec1.jpg,filler,J,1,image,,,,
2a0893b9eb05c70bbf37427ff8b03490.jpg,filler,J,1,image,,,,
2a4a081b01992094c1ec1fe3089f9fd8.jpg,filler,J,1,image,,,,
2a7327a4a7c977e3b369401cc7c96a47.jpg,filler,J,1,image,,,,
2a8659163f2f90b32eba885c4df554d5.jpg,filler,J,1,image,,,,
5a5ebefcd63b8bf5d411bf5895ad304f.jpg,window,J,2,image,,,,
Lava 1.jpg,window,J,2,image,,,,
45e9c719ed026298564123ee8e1c87f7.jpg,window,J,2,image,,,,
2abb120cd5a781286741182cc4bb6dd2.jpg,target,F,,image,,,,
2abb120cd5a781286741182cc4bb6dd2.jpg,target,F,,image,,,,
2af838af77d779b2a4e28f27f7fb1691.jpg,filler,J,1,image,,,,
2b59757d380eb3ba7c90a7e31c7fd497.jpg,filler,J,1,image,,,,
2b9365dbc0a3ae7cfe0fe309b113a73d.jpg,filler,J,1,image,,,,
2bc6edca13992e7542e0f46926126271.jpg,filler,J,1,image,,,,
2bc874bae8fec267de2ad426eb28d294.jpg,filler,J,1,image,,,,
2c10a7cd5422dcf220c595692e36ffd9.jpg,filler,J,1,image,,,,
2c69023e250595976996f3d786cc6227.jpg,filler,J,1,image,,,,
2c9bea06e1286af79725ebe7a1a3a112.jpg,filler,J,1,image,,,,
2d16fb8f4ab378c76d8e307deac8a4f1.jpg,filler,J,1,image,,,,
2dd7673f102f00cb5c92362a3ee4ee28.jpg,filler,J,1,image,,,,
2df3f25d74084b32e9ad4c052a53c88b.jpg,filler,J,1,image,,,,
2e3b0025fcff7340461ebb7fc282d7c9.jpg,filler,J,1,image,,,,
2ebeee33f96273cf4dc22c5f5a8d6e1c.jpg,filler,J,1,image,,,,
2f07d5fc0d8464c81783119fa98c83ec.jpg,filler,J,1,image,,,,
2f5b09056f0bdfb476f76b191d07fa5d.jpg,filler,J,1,image,,,,
2f5ba10137ac413573a293e864786b2a.jpg,filler,J,1,image,,,,
34b1378abebc1c5b87fd7099a5dc46a0.jpg,filler,J,1,image,,,,
3a461fed090d7fa83689e4a534c0914f.jpg,filler,J,1,image,,,,
3a58b529c25a3e1d0f3434f486489de7.jpg,filler,J,1,image,,,,
3ad1eaf82976bfcd62fdf7efe3f73714.jpg,filler,J,1,image,,,,
3b08f28d9d585bfe9af0a73b73fcaa96.jpg,filler,J,1,image,,,,
6eb0f7a8f13f3f2caf00adb1f6eef754.jpg,window,J,2,image,,,,
1ed67ec76a0c777b8e5355f354aba9da.jpg,window,J,2,image,,,,
3e5b343cffc0b3479d7d5da6b5e224fd.jpg,window,J,2,image,,,,
5fdc482e5b42049a82ca070062ab59d8.jpg,target,F,,image,,,,
5fdc482e5b42049a82ca070062ab59d8.jpg,target,F,,image,,,,
3b28318716c8f229919610055035ba3e.jpg,filler,J,1,image,,,,
1e6b7bdeff775085076c033c886f9be9.jpg,window,J,2,image,,,,
Landscapes_052_h.jpg,window,J,2,image,,,,
Cemetery 1.jpg,window,J,2,image,,,,
7f71ecb2b2d72740920f76cd5a95b2e2.jpg,target,F,,image,,,,
7f71ecb2b2d72740920f76cd5a95b2e2.jpg,target,F,,image,,,,
3b5f8186b01245bd21db960b757f3528.jpg,filler,J,1,image,,,,
4fe3deb0d27f19aeb04af520ad209ca8.jpg,window,J,2,image,,,,
3e79264c864696403ae198c00df0e69e.jpg,window,J,2,image,,,,
Landscapes_129_v.jpg,window,J,2,image,,,,
06a9ade692b9894b771ba657cade7770.jpg,target,F,,image,,,,
06a9ade692b9894b771ba657cade7770.jpg,target,F,,image,,,,
3b801dce0def3b08832596e9d9c49581.jpg,filler,J,1,image,,,,
3c7e9ab5489449b4c6daec12e1f3d512.jpg,filler,J,1,image,,,,
3c864b0c187d2004d777ac98d383d561.jpg,filler,J,1,image,,,,
3c9c98c501bd196ba8bdd97e02415df9.jpg,filler,J,1,image,,,,
3cb07366b282476d5e15cb9f405bd2d6.jpg,filler,J,1,image,,,,
3e7d77afa0df3f55870ed51e1786d9dd.jpg,filler,J,1,image,,,,
3ecd4ba69fcbc46e244afb86051e36e6.jpg,filler,J,1,image,,,,
3ed4c65eb4ba874e455ada92d56a3ff9.jpg,filler,J,1,image,,,,
40e5090bc4b80a9e6346667a8a77b628.jpg,filler,J,1,image,,,,
4730d1370313a6b79a564e59e360bcbf.jpg,filler,J,1,image,,,,
4aaab8b4282b035ffe042c903fe216b5.jpg,filler,J,1,image,,,,
4b658467b584dbf955af617eefdba7a8.jpg,filler,J,1,image,,,,
2fa736ef1406c56611e6867fb7c058d2.jpg,window,J,2,image,,,,
2a4cdd3fa89eb55661ced0660a0958a7.jpg,window,J,2,image,,,,
3c5a0b25483f34187dd3f8eca10ad399.jpg,window,J,2,image,,,,
Landscapes_135_h.jpg,target,F,,image,,,,
Landscapes_135_h.jpg,target,F,,image,,,,
4bdbc769d61a05c14ff2061b68ffd00e.jpg,filler,J,1,image,,,,
5e6a3bfabc8c77270810b762f10c109f.jpg,window,J,2,image,,,,
4bfd331e8be7dce80892eaf12107913c.jpg,window,J,2,image,,,,
3face544b929a821942abc87804bcb8c.jpg,window,J,2,image,,,,
7ab03626f990062e6132f7a256c68cc0.jpg,target,F,,image,,,,
7ab03626f990062e6132f7a256c68cc0.jpg,target,F,,image,,,,
2e67e1886846163e09def50361dcd5c8.jpg,window,J,2,image,,,,
02ec8ea5e3554dfb0f838780cc287758.jpg,window,J,2,image,,,,
6cc4d5111dddfd9c14a17b570873ac58.jpg,window,J,2,image,,,,
feda202ca3d6bfd1aeb0da37fdc38a57.jpg,target,F,,image,,,,
feda202ca3d6bfd1aeb0da37fdc38a57.jpg,target,F,,image,,,,
3b9b0cddad6641fd97540f00b03e68aa.jpg,window,J,2,image,,,,
07bdda6b3822bc761b9c451536422c73.jpg,window,J,2,image,,,,
2ede5cad9dac264188de4895e29cf9d0.jpg,window,J,2,image,,,,
04010bc443e63d3299791526581d1c6a.jpg,target,F,,image,,,,
04010bc443e63d3299791526581d1c6a.jpg,target,F,,image,,,,
4c19353ba58999a9227a934adfe2af14.jpg,filler,J,1,image,,,,
4dcbdde00377d70a80cbacaa741c7602.jpg,filler,J,1,image,,,,
4e15898fb6cb711be8d1e1e816b03784.jpg,filler,J,1,image,,,,
4f3497df2aaac96eb256183bddc77997.jpg,filler,J,1,image,,,,
4f813c908c615542ba97a1961baca514.jpg,filler,J,1,image,,,,
4ff83d776a4c37345cbaa621c254c0fd.jpg,filler,J,1,image,,,,
52ffa3e5889e09af34e5fe0491aa89b8.jpg,filler,J,1,image,,,,
06d26db007c559279f26819efcdd8c97.jpg,window,J,2,image,,,,
Landscapes_023_h.jpg,window,J,2,image,,,,
1f396089db473a11f89829bac0516dd9.jpg,window,J,2,image,,,,
5b9a17117584d671f8ac090ec0bace1e.jpg,target,F,,image,,,,
5b9a17117584d671f8ac090ec0bace1e.jpg,target,F,,image,,,,
5c344c83b55c07756e19fae1a5300792.jpg,filler,J,1,image,,,,
Car race 1.jpg,window,J,2,image,,,,
7d5fb60ad9e1bfc8b38a03e2bcc3fc1a.jpg,window,J,2,image,,,,
ff4c377b9537cea0387d911a6595c7c4.jpg,window,J,2,image,,,,
1f9a82ccaf0a33edbbaab571d60d0058.jpg,target,F,,image,,,,
1f9a82ccaf0a33edbbaab571d60d0058.jpg,target,F,,image,,,,
5c78fe6abbe718fae2557f125fe74fce.jpg,filler,J,1,image,,,,
5cae6c11d1d0c4474bb13e36561a7405.jpg,filler,J,1,image,,,,
5cb416190537771b6f25cbe8b4327181.jpg,filler,J,1,image,,,,
Memorial 1.jpg,window,J,2,image,,,,
1e26d745a0951bfa5278805abf6ba298.jpg,window,J,2,image,,,,
4d8ac604ab8dea4a21a43bfa9c19ab7f.jpg,window,J,2,image,,,,
6ef7925a3b6b6f4edb74c00708d0a723.jpg,target,F,,image,,,,
6ef7925a3b6b6f4edb74c00708d0a723.jpg,target,F,,image,,,,
5ce0e06c6bfc43ccca69e402df32e6de.jpg,filler,J,1,image,,,,
5e2c41acd6ccc23db61dd172046a448b.jpg,filler,J,1,image,,,,
5e70857d86fae523ed418da4aabbadef.jpg,filler,J,1,image,,,,
1e94ffb7f9974a4e16b4667988e5fe04.jpg,window,J,2,image,,,,
4f906715b94332ac1ad636e504ea9e71.jpg,window,J,2,image,,,,
3e1d450dbf3abfdba940934fbdbdf4b0.jpg,window,J,2,image,,,,
6c34e2878569d763bdd92cdc72c8be88.jpg,target,F,,image,,,,
6c34e2878569d763bdd92cdc72c8be88.jpg,target,F,,image,,,,
5e8ead9588d17ee461adaf7ffd36f02c.jpg,filler,J,1,image,,,,
5eb846e28e527493325eec4a6452dd76.jpg,filler,J,1,image,,,,
5ed3e85143dd69756b5c7b887c567814.jpg,filler,J,1,image,,,,
5eee6ef0621803de55e3bdef7a82cfdb.jpg,filler,J,1,image,,,,
5fb85b26e06604418db1a3e2203834d3.jpg,filler,J,1,image,,,,
649f832aa79a19023e6b5c57def92ce2.jpg,filler,J,1,image,,,,
68c72dd7cd34456b92edccced920eacb.jpg,filler,J,1,image,,,,
6a0e16f76b1ef187293e2ea57ba99878.jpg,filler,J,1,image,,,,
6a1f7a09ee1f269f87aeae190abc835d.jpg,filler,J,1,image,,,,
6a9ccdf7b1101d4aaaa89370842c3e6e.jpg,filler,J,1,image,,,,
6b46bd140a81b8847aecac1bb1bfdbc9.jpg,filler,J,1,image,,,,
3de10e6b1ab832ee5fe530905005b0bc.jpg,window,J,2,image,,,,
3b90ee1dc537a556738135864d40f85e.jpg,window,J,2,image,,,,
ff0271319cf154407ab900cd09fed85e.jpg,window,J,2,image,,,,
1e55bcaa25fabbc8578a7277fc33739b.jpg,target,F,,image,,,,
1e55bcaa25fabbc8578a7277fc33739b.jpg,target,F,,image,,,,
6b607a30cd6194b5b5118fedf563ba22.jpg,filler,J,1,image,,,,
5aa26873791de695c77077986f7a4d1f.jpg,window,J,2,image,,,,
5bcf13250037ead4c56e6af86bc07c6e.jpg,window,J,2,image,,,,
43a33bfed518af75d58418a42cba88d4.jpg,window,J,2,image,,,,
1ee7db919447af22c4e020dc971d886d.jpg,target,F,,image,,,,
1ee7db919447af22c4e020dc971d886d.jpg,target,F,,image,,,,
6c45b1aa2208e73263969a4dc451c31d.jpg,filler,J,1,image,,,,
6d2297f38d5267ae82e9ac85f0de07d6.jpg,filler,J,1,image,,,,
6d7ebc90231cefb9b3260f3d9e2a5196.jpg,filler,J,1,image,,,,
6dd370430dcdaed8369b96b7a74032cb.jpg,filler,J,1,image,,,,
6e2de1dd06b840fb0c30558af808c851.jpg,filler,J,1,image,,,,
6e49ee322f5e8bccbd3ec79ca8846e0f.jpg,filler,J,1,image,,,,
6e748cd68c6812d0fc1bb211f903b5a9.jpg,filler,J,1,image,,,,
6eb77fb9a7158c68e2e7e2073f76346e.jpg,filler,J,1,image,,,,
6f397a5a13eae545dcfafda9a8dfd470.jpg,filler,J,1,image,,,,
6f72a56bcebcd44502301b6312286d1c.jpg,filler,J,1,image,,,,
6fb8d165bf94fd96f876c5337c1fb7a1.jpg,filler,J,1,image,,,,
7096db64fae6464d83aba73b658251b8.jpg,filler,J,1,image,,,,
755d2fb55d7e1b024b5e3575860079ae.jpg,filler,J,1,image,,,,
7a0b236f5a29d6e70d6829a1cae74475.jpg,filler,J,1,image,,,,
7a1394df030b44c0f58428531dd132b9.jpg,filler,J,1,image,,,,
ff5efa3f3c7ebb6c1f0e5e8274b1e998.jpg,window,J,2,image,,,,
4ca115e127ab0d0abbe6e72cdeb11969.jpg,window,J,2,image,,,,
c4dc993ac6429076c86e372fa818705b.jpg,window,J,2,image,,,,
04d47b8184a2bdde9179efa50640e7d3.jpg,target,F,,image,,,,
04d47b8184a2bdde9179efa50640e7d3.jpg,target,F,,image,,,,
7a6897b5600a8cd03bdb9fc9aab346f4.jpg,filler,J,1,image,,,,
7a92fdd4e9290b94c76ca206be478381.jpg,filler,J,1,image,,,,
7a9aefb6311f5886f7be892f8a0c2ea0.jpg,filler,J,1,image,,,,
4ae4e103acd454eb7db267c5f0d1220c.jpg,window,J,2,image,,,,
3c87996b88b26718a08fb1765c20c424.jpg,window,J,2,image,,,,
Landscapes_055_h.jpg,window,J,2,image,,,,
3d59b2b50b93bc6789d97509f8441be6.jpg,target,F,,image,,,,
3d59b2b50b93bc6789d97509f8441be6.jpg,target,F,,image,,,,
7a9b726dca56a772d94e5f0be3da7d10.jpg,filler,J,1,image,,,,
7aba3625a49a4996c6396b5b1cebf9d5.jpg,filler,J,1,image,,,,
7abae2e837e9126364bdb22f4ebf503c.jpg,filler,J,1,image,,,,
7af4a6833957cf859967230ab8c574f6.jpg,filler,J,1,image,,,,
7b29974e4790c66113bfacce113703f9.jpg,filler,J,1,image,,,,
7b4607b1073540052ff3b1c8ea9f75cd.jpg,filler,J,1,image,,,,
7c3727e04deaab6514ccfebce2b5eab4.jpg,filler,J,1,image,,,,
2301953e90a7e451f9113cb4ad3d4d78.jpg,window,J,2,image,,,,
5341ee309eb21192d4807c3923552ccc.jpg,window,J,2,image,,,,
1e97f5f28a04bcb22ac4e46ec8955edb.jpg,window,J,2,image,,,,
Landscapes_089_h.jpg,target,F,,image,,,,
Landscapes_089_h.jpg,target,F,,image,,,,
7d7b28d6967278de3edf8038daa4acab.jpg,filler,J,1,image,,,,
7e61e7f268732d10ac8cbfea7ab1e230.jpg,filler,J,1,image,,,,
7e6ec80221ddf41366dd962782cda702.jpg,filler,J,1,image,,,,
206bc985a381318246da8073d6491671.jpg,window,J,2,image,,,,
3bd7160a76965b5288a75d7b5764a9af.jpg,window,J,2,image,,,,
05959e48f7447bcd3f67d4807a6b7b4e.jpg,window,J,2,image,,,,
8979facd2551c9b4d2ed46316c3109e3.jpg,target,F,,image,,,,
8979facd2551c9b4d2ed46316c3109e3.jpg,target,F,,image,,,,
82cf1a5eee839afa60f6715d20dbb1b9.jpg,filler,J,1,image,,,,
8454ece9752037482fcd9fd2656d3b19.jpg,filler,J,1,image,,,,
85068ae7ad2f011f10f9315136ea8edb.jpg,filler,J,1,image,,,,
8a671534eb7506a51ac4dc7d68844cf5.jpg,filler,J,1,image,,,,
8e02b71136c90353c2cf8364321471c4.jpg,filler,J,1,image,,,,
8f55c9d0c4c820b2e85289fa1628b2d9.jpg,filler,J,1,image,,,,
909748c59bf7785c92b93a166f69c96c.jpg,filler,J,1,image,,,,
934f698ff8624cabd604511f1a8886ef.jpg,filler,J,1,image,,,,
5d646a08d36c9bb80141a9e8bea3a271.jpg,window,J,2,image,,,,
1dd3a731a3e1716b73cb2d1b65d83d7a.jpg,window,J,2,image,,,,
fdf141341272f2fe0bb0941ce95e772e.jpg,window,J,2,image,,,,
ffacecd7ff2483bae112f8f0e8356a68.jpg,target,F,,image,,,,
ffacecd7ff2483bae112f8f0e8356a68.jpg,target,F,,image,,,,
936b1a5a94ef3443a5bd19b4e5ef8b19.jpg,filler,J,1,image,,,,
95ec441c437220f6d8aa1a2ddeb1660d.jpg,filler,J,1,image,,,,
972fb942db7626855284740dbe9e1f47.jpg,filler,J,1,image,,,,
9b232553d93a0296afd1e5f0655fa0db.jpg,filler,J,1,image,,,,
a1a243a04e8306c0ab514527d35972e8.jpg,filler,J,1,image,,,,
2dd0aad5b99bf1d8f7739cdc4f2ae114.jpg,window,J,2,image,,,,
2fc170131665d79a6c9d0f52ae59bbce.jpg,window,J,2,image,,,,
4c18e4824a044715f6b0a9dee928188c.jpg,window,J,2,image,,,,
ff296975cff994a989c6146faba10ef2.jpg,target,F,,image,,,,
ff296975cff994a989c6146faba10ef2.jpg,target,F,,image,,,,
a3c07962576e26bf069a586249b4729d.jpg,filler,J,1,image,,,,
a89aa50e38e4274d7bc86d4c7fbe3744.jpg,filler,J,1,image,,,,
1dd996ab9593336670e1b93dd8ba9f1a.jpg,window,J,2,image,,,,
3f25e223f09d791def484428512b18ba.jpg,window,J,2,image,,,,
5dc840dd5ba5e502a92e137859fcbe0a.jpg,window,J,2,image,,,,
3c42c59470c5a78bd8fad7a3f4223af9.jpg,target,F,,image,,,,
3c42c59470c5a78bd8fad7a3f4223af9.jpg,target,F,,image,,,,
ad6135cac014220d71be886d1fc1edd5.jpg,filler,J,1,image,,,,
adafd12f7c4e36f07af42923aa0f04d7.jpg,filler,J,1,image,,,,
af30e8d6bc3e85951f69b3bf3cbd23c2.jpg,filler,J,1,image,,,,
b5171130d014c97a27cd6eafd24f167b.jpg,filler,J,1,image,,,,
bbb8bd08c0620e9fa7d1a1312c5d486b.jpg,filler,J,1,image,,,,
bd2216b367dbf187b54b9bd2be31be93.jpg,filler,J,1,image,,,,
Bridge 1.jpg,filler,J,1,image,,,,
c012c28cc4d4db4f20c9a57fdd3ef690.jpg,filler,J,1,image,,,,
c22c849bf3a2eb9c47904abc83a7b181.jpg,filler,J,1,image,,,,
c55c55359d44aae1d05792430170aafe.jpg,filler,J,1,image,,,,
Car crash 1.jpg,filler,J,1,image,,,,
ccffa36581808a0f8ac1dbc98ffac6d4.jpg,filler,J,1,image,,,,
cda1396fccd74c472d7c287ffd2d3178.jpg,filler,J,1,image,,,,
ce4298cacb4018d8db1be3961f95b8d8.jpg,filler,J,1,image,,,,
072df3db3bb17ed49dac836642611d58.jpg,window,J,2,image,,,,
1dd77ec744fb837935ab3df63483c776.jpg,window,J,2,image,,,,
4bc5893aeb876b471fb80f30149068f9.jpg,window,J,2,image,,,,
07b98f0075d2baf40f8a46dbc3147988.jpg,target,F,,image,,,,
07b98f0075d2baf40f8a46dbc3147988.jpg,target,F,,image,,,,
897df60dab22035da407d39cf375c1f1.jpg,window,J,2,image,,,,
4e071a14e8bb8810b4d9f8b22a564dbe.jpg,window,J,2,image,,,,
2a01c0454e5be6e72c730c5951d01eb3.jpg,window,J,2,image,,,,
6a428827436fae2f1dc16138cf69fbc3.jpg,target,F,,image,,,,
6a428827436fae2f1dc16138cf69fbc3.jpg,target,F,,image,,,,
Cemetery 4.jpg,filler,J,1,image,,,,
d973404fde2b9eb2cd2fe6ede0b9509e.jpg,filler,J,1,image,,,,
Dock 1.jpg,filler,J,1,image,,,,
e3cf3724b9ff964d61ed9ffb3153ba07.jpg,filler,J,1,image,,,,
1ea7203c56796c5909a142fa13567bcb.jpg,window,J,2,image,,,,
06d33ac733c970cbc37f9d1a6c38116d.jpg,window,J,2,image,,,,
a24aebe501ae4ad878398ba32977dc9a.jpg,window,J,2,image,,,,
Explosion 1.jpg,target,F,,image,,,,
Explosion 1.jpg,target,F,,image,,,,
ec4c36d347e615b04c97b3f24fbbe4c6.jpg,filler,J,1,image,,,,
2e36014d90938082491aee58d3f6a590.jpg,window,J,2,image,,,,
2caf6014b29179b1f94d0ea603ccb55c.jpg,window,J,2,image,,,,
fff88adebb85162c61c1e3dd4f9b8e0d.jpg,window,J,2,image,,,,
04c7e1e045d2a464c7660a5a1dc6b521.jpg,target,F,,image,,,,
04c7e1e045d2a464c7660a5a1dc6b521.jpg,target,F,,image,,,,
f8d0e2b556c983221f680fe311a7169d.jpg,filler,J,1,image,,,,
f96a5e1d7f9bf2b47d481848ba5a0e84.jpg,filler,J,1,image,,,,
1e7d10af2893cad8262309c1cbc2cf9a.jpg,window,J,2,image,,,,
4e4f251d7da99a21bed322d4b773464c.jpg,window,J,2,image,,,,
3cb19fb52f25013ec9cbcb7175929250.jpg,window,J,2,image,,,,
Garbage dump 5.jpg,target,F,,image,,,,
Garbage dump 5.jpg,target,F,,image,,,,
fdb47bbf9620a5c8cacadc5cb6ee9e10.jpg,filler,J,1,image,,,,
fdba06ca0c1cd11d6ee0d98573e406e8.jpg,filler,J,1,image,,,,
fdbc78acd066bcb6e19c6cff0fa8f998.jpg,filler,J,1,image,,,,
fdbd3a714f0c4fe61c9cbe5a481ead5f.jpg,filler,J,1,image,,,,
fdc81d983bdaae0ee1a29ed59c432f71.jpg,filler,J,1,image,,,,
fdc9e62b6263dadd11d44260bb730622.jpg,filler,J,1,image,,,,
fdca2e3d40551f708df879c689a10bce.jpg,filler,J,1,image,,,,
fdd27cc0a8845d0684f9195c323d4b30.jpg,filler,J,1,image,,,,
fddaf473f2ead15f3a812051a379fb26.jpg,filler,J,1,image,,,,
fde00b03bd2d502f8c332e7e38b462db.jpg,filler,J,1,image,,,,
fde41f8a2e6a3eda0bf51e766243ad14.jpg,filler,J,1,image,,,,
fde5736d346afa70585fdc64dace1fdf.jpg,filler,J,1,image,,,,
fdf0fa785be5db657cacae60f9aef489.jpg,filler,J,1,image,,,,
fdf1ad1e3e138c6f01a18ffa41e22238.jpg,filler,J,1,image,,,,
fdf2fc3da9fb502ef8162e23865739b5.jpg,filler,J,1,image,,,,
fdfafa60d3368a4791964fe6c16e2cba.jpg,filler,J,1,image,,,,
fdfca37959eee6869b01efa06724510f.jpg,filler,J,1,image,,,,
fe005f49f1de99213a56bc2360f5db23.jpg,filler,J,1,image,,,,
fe008d327e26279951e9b863aa0a010e.jpg,filler,J,1,image,,,,
fe00f1d3b66c4c6e3c441b9c5c929391.jpg,filler,J,1,image,,,,
fe0d44278af08e5d030e12f986184f2b.jpg,filler,J,1,image,,,,
fe10af56247c460794ccb0fdb4f10a06.jpg,filler,J,1,image,,,,
fe12a81ec4f462dba63c63d1af8cbd3e.jpg,filler,J,1,image,,,,
fe311329a304ffd9358dc8999a64086e.jpg,filler,J,1,image,,,,
fe31b8e64c7a433543f0dff2157f5de1.jpg,filler,J,1,image,,,,
fe46f8d490701b8ef2844670d86bc820.jpg,filler,J,1,image,,,,
fe4c0d3e9d748f67d909ef5458961b7b.jpg,filler,J,1,image,,,,
fe4f2afb90b918a645dc5f9af336049d.jpg,filler,J,1,image,,,,
fe58c84892f6758aae689cc6092a9ecd.jpg,filler,J,1,image,,,,
2a9254a61bb8e28d864ca46df2215281.jpg,window,J,2,image,,,,
7de6a3205503633c18772d3428043f0a.jpg,window,J,2,image,,,,
173e8fe5c0c53b4f5385c8a7e86a861a.jpg,window,J,2,image,,,,
98e1de33aecf9079ec4fef36414a6b93.jpg,target,F,,image,,,,
98e1de33aecf9079ec4fef36414a6b93.jpg,target,F,,image,,,,
fe5bfeaa6f1c94ad359bad0af54b2e0d.jpg,filler,J,1,image,,,,
3745bc579754295db3b4c811a6ad37cd.jpg,window,J,2,image,,,,
3b27853f18bb065fae257ee8cd35cd73.jpg,window,J,2,image,,,,
2d2d8c2e920bc48382220b61ceb63b0f.jpg,window,J,2,image,,,,
NegMidNonsoc_16.jpg,target,F,,image,,,,
NegMidNonsoc_16.jpg,target,F,,image,,,,
fe5cffd30c7b41710f86d2368aedc324.jpg,filler,J,1,image,,,,
4fd2506b035ecc80da8c2d87cd421e05.jpg,window,J,2,image,,,,
5633f9422a3017da51795872b9af4b55.jpg,window,J,2,image,,,,
2a78229e95a5f44039805368f842acef.jpg,window,J,2,image,,,,
Pollution 1.jpg,target,F,,image,,,,
Pollution 1.jpg,target,F,,image,,,,
fe5e73a188c13e29c0d52cc4fd6f28e9.jpg,filler,J,1,image,,,,
4bb3362aaf479c55173bc0b64e62f3f0.jpg,window,J,2,image,,,,
02c5e03a399d585427e32b454d57de71.jpg,window,J,2,image,,,,
1dc5c3b08060954e521c75ea837eb71d.jpg,window,J,2,image,,,,
Landscapes_002_h.jpg,target,F,,image,,,,
Landscapes_002_h.jpg,target,F,,image,,,,
fe621bb1913b7105fa49291116b40129.jpg,filler,J,1,image,,,,
fea18953dac5a0b06e045ef63cf457e4.jpg,filler,J,1,image,,,,
febbb3263f91782510b34af10d869f71.jpg,filler,J,1,image,,,,
fec11dda30431706f5eb888ce3492570.jpg,filler,J,1,image,,,,
fec7756d48d357270fcfa030a36914be.jpg,filler,J,1,image,,,,
1f884f3be8fd5e4e460b23c78db76d16.jpg,window,J,2,image,,,,
7b6b28b51bdf1d8f19c64cd3cf985f7f.jpg,window,J,2,image,,,,
2ff37af171e83c338a4728dc7287d9ff.jpg,window,J,2,image,,,,
1e11737ef84d2540acdb3e95be306366.jpg,target,F,,image,,,,
1e11737ef84d2540acdb3e95be306366.jpg,target,F,,image,,,,
fecc35769dff0f2c19ad0dc2ff4283e8.jpg,filler,J,1,image,,,,
fed68ff713db60eac84b65889ac38028.jpg,filler,J,1,image,,,,
fee53c5af6902ac98a31fbd6b92d402d.jpg,filler,J,1,image,,,,
1e9a7348801ea6809c3124d8d5ea2cae.jpg,window,J,2,image,,,,
2a984543bf5c81146908ad57894dfa5d.jpg,window,J,2,image,,,,
fdd4060c0d7bd6109ed71def86cf1ef3.jpg,window,J,2,image,,,,
Volcano 1.jpg,target,F,,image,,,,
Volcano 1.jpg,target,F,,image,,,,
feebb8e8928813d014605bb6670122fa.jpg,filler,J,1,image,,,,
Landscapes_019_h.jpg,window,J,2,image,,,,
4286a8ffe01bd93a8f45987b79087df3.jpg,window,J,2,image,,,,
5e63b232f65210ac92c0210d437b6800.jpg,window,J,2,image,,,,
8abf8e0d7f0269df0963a5e1f0c98fc5.jpg,target,F,,image,,,,
8abf8e0d7f0269df0963a5e1f0c98fc5.jpg,target,F,,image,,,,
feed37c68b65b98d87dfbded917a2cbf.jpg,filler,J,1,image,,,,
4b22918da670c5f795651efafe73eee9.jpg,window,J,2,image,,,,
1f36c2fb67e730ab45dac6eecb826ed4.jpg,window,J,2,image,,,,
Fire 4.jpg,window,J,2,image,,,,
fe72718d821af79325bd7f405b581abd.jpg,target,F,,image,,,,
fe72718d821af79325bd7f405b581abd.jpg,target,F,,image,,,,
fef52d08fa721202036106f66f1505ac.jpg,filler,J,1,image,,,,
ff08d7dc5bacb06fdf12fd18421b093b.jpg,filler,J,1,image,,,,
ff14a197f1041a87f504215f7ada432d.jpg,filler,J,1,image,,,,
ff15b6b78a535a23938bb6e3a4368882.jpg,filler,J,1,image,,,,
ff225bd1b288aa4ee588ca11ca102c91.jpg,filler,J,1,image,,,,
ff353ccc3514866b992a57472cff8627.jpg,filler,J,1,image,,,,
ff378d46eed167348823a016aa1e9043.jpg,filler,J,1,image,,,,
ff41cde42c0ebd0f7bb4faf73b95e696.jpg,filler,J,1,image,,,,
ff63b7ec291c70a9709fa1bbaab78152.jpg,filler,J,1,image,,,,
ff656bce66113851d9c0cd8c9534bcf4.jpg,filler,J,1,image,,,,
ff6a78b340d9ad7036df93a7cad6734a.jpg,filler,J,1,image,,,,
Landscapes_040_h.jpg,window,J,2,image,,,,
1f80696cb32ea4cf78d96db7492824c3.jpg,window,J,2,image,,,,
c648ba549cd6ebecdfba6f6998579cdc.jpg,window,J,2,image,,,,
1ec3da084ef6bb404b0f4e706f3dca08.jpg,target,F,,image,,,,
1ec3da084ef6bb404b0f4e706f3dca08.jpg,target,F,,image,,,,
ff6c0343eb49f6b0730243abbfa6d997.jpg,filler,J,1,image,,,,
ff707ee4de67b0d1c520972dcded99aa.jpg,filler,J,1,image,,,,
ff7279b0fc8a347bad8ca68136521c56.jpg,filler,J,1,image,,,,
ff78877db954ed80e7ee532dcd386e3d.jpg,filler,J,1,image,,,,
2b7ba3e163d37ef892b5dca98704d076.jpg,window,J,2,image,,,,
5f606dab9259c7683c6dfdfd08697f81.jpg,window,J,2,image,,,,
3c6385d5f57104049b91e0f234839524.jpg,window,J,2,image,,,,
3a86857c680b20161adf067d5fa9433d.jpg,target,F,,image,,,,
3a86857c680b20161adf067d5fa9433d.jpg,target,F,,image,,,,
ff8bff3a0844bc1f8d78481d6ff3a55c.jpg,filler,J,1,image,,,,
ff8d991d099a9954a31627bb941db4d2.jpg,filler,J,1,image,,,,
ff967975689f96f4b07168ad87230030.jpg,filler,J,1,image,,,,
ffae6b854145e6d36e5b5e07904bcae3.jpg,filler,J,1,image,,,,
ffaf7b39304dbee9621d179ea71d3c03.jpg,filler,J,1,image,,,,
5a89c950bc23e81703d5bfc64c71b618.jpg,window,J,2,image,,,,
Landscapes_047_v.jpg,window,J,2,image,,,,
134b290238223fd49f2dee79a7587f06.jpg,window,J,2,image,,,,
4d7c83a8e9b0984905e4da0d496113c7.jpg,target,F,,image,,,,
4d7c83a8e9b0984905e4da0d496113c7.jpg,target,F,,image,,,,
ffb4a2224773cc9402115b14ee95ee01.jpg,filler,J,1,image,,,,
ffb4b1dca9f9b9551c1f6ddc5542cf78.jpg,filler,J,1,image,,,,
ffb6386524ab5a89415001700ece2b30.jpg,filler,J,1,image,,,,
ffbde31cbf675ee721e5f3669beb82c7.jpg,filler,J,1,image,,,,
ffbf67b06880abe66cf01e4026e70732.jpg,filler,J,1,image,,,,
ffc381d9e3a24898d5b811277ea0c156.jpg,filler,J,1,image,,,,
ffc5bd4192ad5288d30d9bbf720c3b79.jpg,filler,J,1,image,,,,
ffcb4a1fcd23dbe53b9a10e0e90ec3ad.jpg,filler,J,1,image,,,,
ffceddd6954c2444e8f5a8bc32f9fd6e.jpg,filler,J,1,image,,,,
ffdf620df04da17f68ccd52445f2e6ab.jpg,filler,J,1,image,,,,
ffef5b6ece3a2dda515e981c7b22d3fd.jpg,filler,J,1,image,,,,
fff167ffc85ab2ac837930990e8e9937.jpg,filler,J,1,image,,,,
1e571e151e1117ad2d65e10293008f3b.jpg,window,J,2,image,,,,
596a8204446f64a40a24b47025799e47.jpg,window,J,2,image,,,,
fdd4e30b0b1221015ef606488e2dfa47.jpg,window,J,2,image,,,,
2f3e68a37d68e5bab426786d2ae708cf.jpg,target,F,,image,,,,
2f3e68a37d68e5bab426786d2ae708cf.jpg,target,F,,image,,,,
fff1f99a649e3d1cfa2bd2097cae35e9.jpg,filler,J,1,image,,,,
Fireworks 1.jpg,filler,J,1,image,,,,
3f8d7962634e0d8474cdb7bcf0528913.jpg,window,J,2,image,,,,
3b8104eef9537f390f5ec146d03f1e38.jpg,window,J,2,image,,,,
3a8eb81e5cc8bd1f922c58d6639e07a1.jpg,window,J,2,image,,,,
Lightning 3.jpg,target,F,,image,,,,
Lightning 3.jpg,target,F,,image,,,,
Graveyard 4.jpg,filler,J,1,image,,,,
Hallway 1.jpg,filler,J,1,image,,,,
Jail 1.jpg,filler,J,1,image,,,,
Lightning 1.jpg,filler,J,1,image,,,,
Nature 1.jpg,filler,J,1,image,,,,
2e0b12b91aca4c29a1ba4e7455992f58.jpg,window,J,2,image,,,,
3f6828840d37b374ae7d8e5c9d3ab667.jpg,window,J,2,image,,,,
4e79ab8466acd6464fe5ffb948599840.jpg,window,J,2,image,,,,
1e8b1c227937cf0e65acd92b50392f3e.jpg,target,F,,image,,,,
1e8b1c227937cf0e65acd92b50392f3e.jpg,target,F,,image,,,,
Nature 2.jpg,filler,J,1,image,,,,
NegHighNonsoc_13.jpg,filler,J,1,image,,,,
NegHighNonsoc_15.jpg,filler,J,1,image,,,,
1e0bf22bb974ebd8945c4143dd06ba19.jpg,window,J,2,image,,,,
2c7340a47a4daa8b614df5c379f2c502.jpg,window,J,2,image,,,,
92ee26717754e199f9c2e354579b52ca.jpg,window,J,2,image,,,,
3f2fd9474f29da0b50ff9286b429bbc0.jpg,target,F,,image,,,,
3f2fd9474f29da0b50ff9286b429bbc0.jpg,target,F,,image,,,,
NegHighNonsoc_2.jpg,filler,J,1,image,,,,
NegHighNonsoc_23.jpg,filler,J,1,image,,,,
NegMidNonsoc_11.jpg,filler,J,1,image,,,,
NegMidNonsoc_18.jpg,filler,J,1,image,,,,
NegMidNonsoc_25.jpg,filler,J,1,image,,,,
3677b20957c6d8049c45e827b3db92d7.jpg,window,J,2,image,,,,
fde012ce438a27c70a4a07c1ecb7ea7b.jpg,window,J,2,image,,,,
ffb04fb049762daf16684b2a3cc84517.jpg,window,J,2,image,,,,
7343e3dc0a765f0152c87b9cea4d9743.jpg,target,F,,image,,,,
7343e3dc0a765f0152c87b9cea4d9743.jpg,target,F,,image,,,,
NeutMidNonsoc_2.jpg,filler,J,1,image,,,,
NeutMidNonsoc_8.jpg,filler,J,1,image,,,,
Path 1.jpg,filler,J,1,image,,,,
Power lines 1.jpg,filler,J,1,image,,,,
Sky 1.jpg,filler,J,1,image,,,,
Skyscraper 1.jpg,filler,J,1,image,,,,
Volcano 2.jpg,filler,J,1,image,,,,
Wedding 12.jpg,filler,J,1,image,,,,
Landscapes_003_v.jpg,filler,J,1,image,,,,
Landscapes_007_h.jpg,filler,J,1,image,,,,
2a94aa054427f320ddea81ce314f57c4.jpg,window,J,2,image,,,,
3d6e7640deab0cc48ff66f82112f4939.jpg,window,J,2,image,,,,
1e17d2e98031547bec6f4684524e29d2.jpg,window,J,2,image,,,,
4d617813ee2d6d8c2ce9cc2d540e163f.jpg,target,F,,image,,,,
4d617813ee2d6d8c2ce9cc2d540e163f.jpg,target,F,,image,,,,
Landscapes_009_h.jpg,filler,J,1,image,,,,
Landscapes_011_h.jpg,filler,J,1,image,,,,
Landscapes_029_v.jpg,filler,J,1,image,,,,
Landscapes_030_v.jpg,filler,J,1,image,,,,
Landscapes_031_h.jpg,filler,J,1,image,,,,
Landscapes_032_v.jpg,filler,J,1,image,,,,
Landscapes_034_h.jpg,filler,J,1,image,,,,
Landscapes_037_v.jpg,filler,J,1,image,,,,
Landscapes_041_h.jpg,filler,J,1,image,,,,
Landscapes_043_h.jpg,filler,J,1,image,,,,
3a28649190d86c53706846e0df52129b.jpg,window,J,2,image,,,,
Landscapes_158_h.jpg,window,J,2,image,,,,
1f2dda51b5242f07a9d6c869db4548e1.jpg,window,J,2,image,,,,
6a8a7d8712318130339bb151a1a480d1.jpg,target,F,,image,,,,
6a8a7d8712318130339bb151a1a480d1.jpg,target,F,,image,,,,
Landscapes_044_h.jpg,filler,J,1,image,,,,
Landscapes_045_h.jpg,filler,J,1,image,,,,
Landscapes_048_h.jpg,filler,J,1,image,,,,
Landscapes_049_h.jpg,filler,J,1,image,,,,
Landscapes_054_h.jpg,filler,J,1,image,,,,
Car race 2.jpg,window,J,2,image,,,,
Solar panel 1.jpg,window,J,2,image,,,,
1f3b7686aec06ee6317689913a80be4d.jpg,window,J,2,image,,,,
2e736b206488e9fae823363bdfc23722.jpg,target,F,,image,,,,
2e736b206488e9fae823363bdfc23722.jpg,target,F,,image,,,,
Landscapes_056_h.jpg,filler,J,1,image,,,,
Landscapes_057_h.jpg,filler,J,1,image,,,,
Landscapes_058_h.jpg,filler,J,1,image,,,,
Landscapes_059_v.jpg,filler,J,1,image,,,,
Landscapes_061_h.jpg,filler,J,1,image,,,,
1ef4cac9464d4653598135ae1d61b04c.jpg,window,J,2,image,,,,
86c6916d7a254e7c3e9678b792b824ed.jpg,window,J,2,image,,,,
4ca335e2c5ee8ab076c153a7e30fd87a.jpg,window,J,2,image,,,,
2f35eee0d0df52af0fb2c2e2785a2264.jpg,target,F,,image,,,,
2f35eee0d0df52af0fb2c2e2785a2264.jpg,target,F,,image,,,,
Landscapes_062_h.jpg,filler,J,1,image,,,,
Landscapes_063_h.jpg,filler,J,1,image,,,,
Landscapes_065_h.jpg,filler,J,1,image,,,,
Landscapes_067_h.jpg,filler,J,1,image,,,,
Landscapes_072_h.jpg,filler,J,1,image,,,,
Landscapes_075_h.jpg,filler,J,1,image,,,,
Landscapes_077_v.jpg,filler,J,1,image,,,,
Landscapes_078_h.jpg,filler,J,1,image,,,,
Landscapes_080_h.jpg,filler,J,1,image,,,,
Landscapes_083_h.jpg,filler,J,1,image,,,,
Landscapes_084_v.jpg,filler,J,1,image,,,,
Landscapes_085_h.jpg,filler,J,1,image,,,,
Landscapes_093_h.jpg,filler,J,1,image,,,,
Landscapes_097_v.jpg,filler,J,1,image,,,,
Landscapes_112_v.jpg,filler,J,1,image,,,,
Landscapes_120_v.jpg,filler,J,1,image,,,,
Landscapes_122_v.jpg,filler,J,1,image,,,,
Landscapes_128_h.jpg,filler,J,1,image,,,,
Landscapes_140_v.jpg,filler,J,1,image,,,,
Landscapes_164_h.jpg,filler,J,1,image,,,,
,,,,rest,,,,