Event Index,UTC Timestamp,UTC Date and Time,Local Timestamp,Local Timezone,Local Date and Time,Experiment ID,Experiment Version,Tree Node Key,Repeat Key,Schedule ID,Participant Public ID,Participant Private ID,Participant Starting Group,Participant Status,Participant Completion Code,Participant External Session ID,Participant Device Type,Participant Device,Participant OS,Participant Browser,Participant Monitor Size,Participant Viewport Size,Checkpoint,Room ID,Room Order,Task Name,Task Version,branch-ck1c,randomiser-8rl3,branch-tpdd,branch-qy9p,Spreadsheet,Current Spreadsheet,Trial Number,Display,Screen,Screen ID,Screen Counter,Response Type,Response,Onset Time,Clock Time,Reaction Time,Absolute Onset Time,Absolute Clock Time,Absolute Reaction Time,Correct,Response Onset,Response Duration,Proportion,Tag,Component Name,Object Name,Object Number,Object ID,Spreadsheet: display,Spreadsheet: number,Spreadsheet: img,Spreadsheet: type,Spreadsheet: mem_type,Spreadsheet: answer,Spreadsheet: border,Spreadsheet: memory,Spreadsheet: ans1,Spreadsheet: ans2,Spreadsheet: ans3,Spreadsheet: val1,Spreadsheet: val2,Spreadsheet: val3,Manipulation: Spreadsheet,Store: correct3,Store: total3
1,1729007513719,15/10/2024 15:51:53,1728993113719,-4,15/10/2024 07:51:53,187004,3,task-o7gw,repeat-3dmk#2->-repeat-tj2w#3,40662216,BLIND,11852219,,complete,,,computer,Desktop or Laptop,Windows 10,Chrome 129.0.0.0,2560x1440,2560x1305,,,0,Subjective rating Practice,7,Inaccurate~Accurate,2,,Inaccurate~Inaccurate~Accurate,emo_prac,emo_prac,,,,,,info,BEGIN,,,,,,,0,,,,,,,,,,,,,,,,,,,,,,,,,
2,1729007516162,15/10/2024 15:51:56,1728993116162,-4,15/10/2024 07:51:56,187004,3,task-o7gw,repeat-3dmk#2->-repeat-tj2w#3,40662216,BLIND,11852219,,complete,,,computer,Desktop or Laptop,Windows 10,Chrome 129.0.0.0,2560x1440,2560x1305,,,0,Subjective rating Practice,7,Inaccurate~Accurate,2,,Inaccurate~Inaccurate~Accurate,emo_prac,emo_prac,1,instructions,Screen 12,eyep1y,1,continue,,2357.2,2352.0999999999995,2357.2,2357.2,2352.0999999999995,2357.2,1,2357.2,0,0,,Click To Continue,Continue Button,2,object-4,instructions,,,,,,,,,,,,,,,,
3,1729007548425,15/10/2024 15:52:28,1728993148425,-4,15/10/2024 07:52:28,187004,3,task-o7gw,repeat-3dmk#2->-repeat-tj2w#3,40662216,BLIND,11852219,,complete,,,computer,Desktop or Laptop,Windows 10,Chrome 129.0.0.0,2560x1440,2560x1305,,,0,Subjective rating Practice,7,Inaccurate~Accurate,2,,Inaccurate~Inaccurate~Accurate,emo_prac,emo_prac,1,instructions,Screen 9,l1vn7l,2,continue,,32267.90000001192,32262.199999999997,32267.90000001192,32267.90000001192,32262.199999999997,32267.90000001192,1,32267.90000001192,0,0,,Click To Continue,Continue Button,3,object-65,instructions,,,,,,,,,,,,,,,,
4,1729007548432,15/10/2024 15:52:28,1728993148432,-4,15/10/2024 07:52:28,187004,3,task-o7gw,repeat-3dmk#2->-repeat-tj2w#3,40662216,BLIND,11852219,,complete,,,computer,Desktop or Laptop,Windows 10,Chrome 129.0.0.0,2560x1440,2560x1305,,,0,Subjective rating Practice,7,Inaccurate~Accurate,2,,Inaccurate~Inaccurate~Accurate,emo_prac,emo_prac,1,instructions,Screen 10,xskzd4,3,info,,5.900000000001455,0,5.900000000001455,5.900000000001455,0,5.900000000001455,1,5.900000000001455,0,0,,Slider,Slider,5,object-39,instructions,,,,,,,,,,,,,,,,
5,1729007555556,15/10/2024 15:52:35,1728993155556,-4,15/10/2024 07:52:35,187004,3,task-o7gw,repeat-3dmk#2->-repeat-tj2w#3,40662216,BLIND,11852219,,complete,,,computer,Desktop or Laptop,Windows 10,Chrome 129.0.0.0,2560x1440,2560x1305,,,0,Subjective rating Practice,7,Inaccurate~Accurate,2,,Inaccurate~Inaccurate~Accurate,emo_prac,emo_prac,1,instructions,Screen 10,xskzd4,3,continue,,7136.700000011922,7135.200000000004,7136.700000011922,7136.700000011922,7135.200000000004,7136.700000011922,1,7136.700000011922,0,0,,Click To Continue,Continue Button,9,object-66,instructions,,,,,,,,,,,,,,,,
6,1729007555556,15/10/2024 15:52:35,1728993155556,-4,15/10/2024 07:52:35,187004,3,task-o7gw,repeat-3dmk#2->-repeat-tj2w#3,40662216,BLIND,11852219,,complete,,,computer,Desktop or Laptop,Windows 10,Chrome 129.0.0.0,2560x1440,2560x1305,,,0,Subjective rating Practice,7,Inaccurate~Accurate,2,,Inaccurate~Inaccurate~Accurate,emo_prac,emo_prac,1,instructions,Screen 10,xskzd4,3,response,9,2091.4000000000015,7135.200000000004,7137.0999999880805,2091.4000000000015,7135.200000000004,7137.0999999880805,1,2091.4000000000015,5045.699999988079,0,,Slider,Slider,5,object-39,instructions,,,,,,,,,,,,,,,,
7,1729007555560,15/10/2024 15:52:35,1728993155560,-4,15/10/2024 07:52:35,187004,3,task-o7gw,repeat-3dmk#2->-repeat-tj2w#3,40662216,BLIND,11852219,,complete,,,computer,Desktop or Laptop,Windows 10,Chrome 129.0.0.0,2560x1440,2560x1305,,,0,Subjective rating Practice,7,Inaccurate~Accurate,2,,Inaccurate~Inaccurate~Accurate,emo_prac,emo_prac,1,instructions,Screen 11,fgeg47,4,info,,5.8000000238389475,0,5.8000000238389475,5.8000000238389475,0,5.8000000238389475,1,5.8000000238389475,0,0,,Slider,Slider,5,object-61,instructions,,,,,,,,,,,,,,,,
8,1729007562588,15/10/2024 15:52:42,1728993162588,-4,15/10/2024 07:52:42,187004,3,task-o7gw,repeat-3dmk#2->-repeat-tj2w#3,40662216,BLIND,11852219,,complete,,,computer,Desktop or Laptop,Windows 10,Chrome 129.0.0.0,2560x1440,2560x1305,,,0,Subjective rating Practice,7,Inaccurate~Accurate,2,,Inaccurate~Inaccurate~Accurate,emo_prac,emo_prac,1,instructions,Screen 11,fgeg47,4,continue,,7033.60000003576,7032,7033.60000003576,7033.60000003576,7032,7033.60000003576,1,7033.60000003576,0,0,,Click To Continue,Continue Button,9,object-67,instructions,,,,,,,,,,,,,,,,
9,1729007562589,15/10/2024 15:52:42,1728993162589,-4,15/10/2024 07:52:42,187004,3,task-o7gw,repeat-3dmk#2->-repeat-tj2w#3,40662216,BLIND,11852219,,complete,,,computer,Desktop or Laptop,Windows 10,Chrome 129.0.0.0,2560x1440,2560x1305,,,0,Subjective rating Practice,7,Inaccurate~Accurate,2,,Inaccurate~Inaccurate~Accurate,emo_prac,emo_prac,1,instructions,Screen 11,fgeg47,4,response,3,1964.0999999999985,7032,7034.899999988076,1964.0999999999985,7032,7034.899999988076,1,1964.0999999999985,5070.799999988078,0,,Slider,Slider,5,object-61,instructions,,,,,,,,,,,,,,,,
10,1729007562590,15/10/2024 15:52:42,1728993162590,-4,15/10/2024 07:52:42,187004,3,task-o7gw,repeat-3dmk#2->-repeat-tj2w#3,40662216,BLIND,11852219,,complete,,,computer,Desktop or Laptop,Windows 10,Chrome 129.0.0.0,2560x1440,2560x1305,,,0,Subjective rating Practice,7,Inaccurate~Accurate,2,,Inaccurate~Inaccurate~Accurate,emo_prac,emo_prac,,,,,,info,END,,,48858,,,,0,,,,,,,,,,,,,,,,,,,,,,,,,
1,1729007689290,15/10/2024 15:54:49,1728993289290,-4,15/10/2024 07:54:49,187004,3,task-o7gw,repeat-3dmk#4->-repeat-tj2w#2,40662325,BLIND,11852361,,complete,,,computer,Desktop or Laptop,Windows 10,Chrome 129.0.0.0,1536x864,1536x738,,,0,Subjective rating Practice,7,Inaccurate~Inaccurate~Inaccurate~Accurate,2,,Inaccurate~Accurate,emo_prac,emo_prac,,,,,,info,BEGIN,,,,,,,0,,,,,,,,,,,,,,,,,,,,,,,,,
2,1729007692231,15/10/2024 15:54:52,1728993292231,-4,15/10/2024 07:54:52,187004,3,task-o7gw,repeat-3dmk#4->-repeat-tj2w#2,40662325,BLIND,11852361,,complete,,,computer,Desktop or Laptop,Windows 10,Chrome 129.0.0.0,1536x864,1536x738,,,0,Subjective rating Practice,7,Inaccurate~Inaccurate~Inaccurate~Accurate,2,,Inaccurate~Accurate,emo_prac,emo_prac,1,instructions,Screen 12,eyep1y,1,continue,,2850.100000011921,2847.3,2850.100000011921,2850.100000011921,2847.3,2850.100000011921,1,2850.100000011921,0,0,,Click To Continue,Continue Button,2,object-4,instructions,,,,,,,,,,,,,,,,
3,1729007712235,15/10/2024 15:55:12,1728993312235,-4,15/10/2024 07:55:12,187004,3,task-o7gw,repeat-3dmk#4->-repeat-tj2w#2,40662325,BLIND,11852361,,complete,,,computer,Desktop or Laptop,Windows 10,Chrome 129.0.0.0,1536x864,1536x738,,,0,Subjective rating Practice,7,Inaccurate~Inaccurate~Inaccurate~Accurate,2,,Inaccurate~Accurate,emo_prac,emo_prac,1,instructions,Screen 9,l1vn7l,2,continue,,20006.399999976158,19998.1,20006.399999976158,20006.399999976158,19998.1,20006.399999976158,1,20006.399999976158,0,0,,Click To Continue,Continue Button,3,object-65,instructions,,,,,,,,,,,,,,,,
4,1729007712278,15/10/2024 15:55:12,1728993312278,-4,15/10/2024 07:55:12,187004,3,task-o7gw,repeat-3dmk#4->-repeat-tj2w#2,40662325,BLIND,11852361,,complete,,,computer,Desktop or Laptop,Windows 10,Chrome 129.0.0.0,1536x864,1536x738,,,0,Subjective rating Practice,7,Inaccurate~Inaccurate~Inaccurate~Accurate,2,,Inaccurate~Accurate,emo_prac,emo_prac,1,instructions,Screen 10,xskzd4,3,info,,16.399999999997817,0,16.399999999997817,16.399999999997817,0,16.399999999997817,1,16.399999999997817,0,0,,Slider,Slider,5,object-39,instructions,,,,,,,,,,,,,,,,
5,1729007726271,15/10/2024 15:55:26,1728993326271,-4,15/10/2024 07:55:26,187004,3,task-o7gw,repeat-3dmk#4->-repeat-tj2w#2,40662325,BLIND,11852361,,complete,,,computer,Desktop or Laptop,Windows 10,Chrome 129.0.0.0,1536x864,1536x738,,,0,Subjective rating Practice,7,Inaccurate~Inaccurate~Inaccurate~Accurate,2,,Inaccurate~Accurate,emo_prac,emo_prac,1,instructions,Screen 10,xskzd4,3,continue,,14043.000000023843,14036.900000000001,14043.000000023843,14043.000000023843,14036.900000000001,14043.000000023843,1,14043.000000023843,0,0,,Click To Continue,Continue Button,9,object-66,instructions,,,,,,,,,,,,,,,,
6,1729007726283,15/10/2024 15:55:26,1728993326283,-4,15/10/2024 07:55:26,187004,3,task-o7gw,repeat-3dmk#4->-repeat-tj2w#2,40662325,BLIND,11852361,,complete,,,computer,Desktop or Laptop,Windows 10,Chrome 129.0.0.0,1536x864,1536x738,,,0,Subjective rating Practice,7,Inaccurate~Inaccurate~Inaccurate~Accurate,2,,Inaccurate~Accurate,emo_prac,emo_prac,1,instructions,Screen 10,xskzd4,3,response,8,6843.600000000002,14036.900000000001,14053.200000000004,6843.600000000002,14036.900000000001,14053.200000000004,1,6843.600000000002,7209.600000000002,0,,Slider,Slider,5,object-39,instructions,,,,,,,,,,,,,,,,
7,1729007726301,15/10/2024 15:55:26,1728993326301,-4,15/10/2024 07:55:26,187004,3,task-o7gw,repeat-3dmk#4->-repeat-tj2w#2,40662325,BLIND,11852361,,complete,,,computer,Desktop or Laptop,Windows 10,Chrome 129.0.0.0,1536x864,1536x738,,,0,Subjective rating Practice,7,Inaccurate~Inaccurate~Inaccurate~Accurate,2,,Inaccurate~Accurate,emo_prac,emo_prac,1,instructions,Screen 11,fgeg47,4,info,,16.30000000000291,0,16.30000000000291,16.30000000000291,0,16.30000000000291,1,16.30000000000291,0,0,,Slider,Slider,5,object-61,instructions,,,,,,,,,,,,,,,,
8,1729007733287,15/10/2024 15:55:33,1728993333287,-4,15/10/2024 07:55:33,187004,3,task-o7gw,repeat-3dmk#4->-repeat-tj2w#2,40662325,BLIND,11852361,,complete,,,computer,Desktop or Laptop,Windows 10,Chrome 129.0.0.0,1536x864,1536x738,,,0,Subjective rating Practice,7,Inaccurate~Inaccurate~Inaccurate~Accurate,2,,Inaccurate~Accurate,emo_prac,emo_prac,1,instructions,Screen 11,fgeg47,4,continue,,7023,7010,7023,7023,7010,7023,1,7023,0,0,,Click To Continue,Continue Button,9,object-67,instructions,,,,,,,,,,,,,,,,
9,1729007733290,15/10/2024 15:55:33,1728993333290,-4,15/10/2024 07:55:33,187004,3,task-o7gw,repeat-3dmk#4->-repeat-tj2w#2,40662325,BLIND,11852361,,complete,,,computer,Desktop or Laptop,Windows 10,Chrome 129.0.0.0,1536x864,1536x738,,,0,Subjective rating Practice,7,Inaccurate~Inaccurate~Inaccurate~Accurate,2,,Inaccurate~Accurate,emo_prac,emo_prac,1,instructions,Screen 11,fgeg47,4,response,8,5045.199999999997,7010,7026,5045.199999999997,7010,7026,1,5045.199999999997,1980.800000000003,0,,Slider,Slider,5,object-61,instructions,,,,,,,,,,,,,,,,
10,1729007733301,15/10/2024 15:55:33,1728993333301,-4,15/10/2024 07:55:33,187004,3,task-o7gw,repeat-3dmk#4->-repeat-tj2w#2,40662325,BLIND,11852361,,complete,,,computer,Desktop or Laptop,Windows 10,Chrome 129.0.0.0,1536x864,1536x738,,,0,Subjective rating Practice,7,Inaccurate~Inaccurate~Inaccurate~Accurate,2,,Inaccurate~Accurate,emo_prac,emo_prac,,,,,,info,END,,,43971,,,,0,,,,,,,,,,,,,,,,,,,,,,,,,
1,1729011248986,15/10/2024 16:54:08,1728993248986,-5,15/10/2024 06:54:08,187004,3,task-o7gw,repeat-3dmk#2->-repeat-tj2w#2,40664870,BLIND,11852267,,complete,,,computer,Desktop or Laptop,Mac OS 10.15.7,Safari 17.6,1440x900,1440x820,,,0,Subjective rating Practice,7,Inaccurate~Accurate,2,,Inaccurate~Accurate,emo_prac,emo_prac,,,,,,info,BEGIN,,,,,,,0,,,,,,,,,,,,,,,,,,,,,,,,,
2,1729011251229,15/10/2024 16:54:11,1728993251229,-5,15/10/2024 06:54:11,187004,3,task-o7gw,repeat-3dmk#2->-repeat-tj2w#2,40664870,BLIND,11852267,,complete,,,computer,Desktop or Laptop,Mac OS 10.15.7,Safari 17.6,1440x900,1440x820,,,0,Subjective rating Practice,7,Inaccurate~Accurate,2,,Inaccurate~Accurate,emo_prac,emo_prac,1,instructions,Screen 12,eyep1y,1,continue,,2160,2150,2160,2160,2150,2160,1,2160,0,0,,Click To Continue,Continue Button,2,object-4,instructions,,,,,,,,,,,,,,,,
3,1729011258429,15/10/2024 16:54:18,1728993258429,-5,15/10/2024 06:54:18,187004,3,task-o7gw,repeat-3dmk#2->-repeat-tj2w#2,40664870,BLIND,11852267,,complete,,,computer,Desktop or Laptop,Mac OS 10.15.7,Safari 17.6,1440x900,1440x820,,,0,Subjective rating Practice,7,Inaccurate~Accurate,2,,Inaccurate~Accurate,emo_prac,emo_prac,1,instructions,Screen 9,l1vn7l,2,continue,,7210.000000000002,7200,7210.000000000002,7210.000000000002,7200,7210.000000000002,1,7210.000000000002,0,0,,Click To Continue,Continue Button,3,object-65,instructions,,,,,,,,,,,,,,,,
4,1729011258452,15/10/2024 16:54:18,1728993258452,-5,15/10/2024 06:54:18,187004,3,task-o7gw,repeat-3dmk#2->-repeat-tj2w#2,40664870,BLIND,11852267,,complete,,,computer,Desktop or Laptop,Mac OS 10.15.7,Safari 17.6,1440x900,1440x820,,,0,Subjective rating Practice,7,Inaccurate~Accurate,2,,Inaccurate~Accurate,emo_prac,emo_prac,1,instructions,Screen 10,xskzd4,3,info,,16,0,16,16,0,16,1,16,0,0,,Slider,Slider,5,object-39,instructions,,,,,,,,,,,,,,,,
5,1729011262197,15/10/2024 16:54:22,1728993262197,-5,15/10/2024 06:54:22,187004,3,task-o7gw,repeat-3dmk#2->-repeat-tj2w#2,40664870,BLIND,11852267,,complete,,,computer,Desktop or Laptop,Mac OS 10.15.7,Safari 17.6,1440x900,1440x820,,,0,Subjective rating Practice,7,Inaccurate~Accurate,2,,Inaccurate~Accurate,emo_prac,emo_prac,1,instructions,Screen 10,xskzd4,3,continue,,3777,3768,3777,3777,3768,3777,1,3777,0,0,,Click To Continue,Continue Button,9,object-66,instructions,,,,,,,,,,,,,,,,
6,1729011262203,15/10/2024 16:54:22,1728993262203,-5,15/10/2024 06:54:22,187004,3,task-o7gw,repeat-3dmk#2->-repeat-tj2w#2,40664870,BLIND,11852267,,complete,,,computer,Desktop or Laptop,Mac OS 10.15.7,Safari 17.6,1440x900,1440x820,,,0,Subjective rating Practice,7,Inaccurate~Accurate,2,,Inaccurate~Accurate,emo_prac,emo_prac,1,instructions,Screen 10,xskzd4,3,response,,3783,3768,3783,3783,3768,3783,1,3783,0,0,,Slider,Slider,5,object-39,instructions,,,,,,,,,,,,,,,,
7,1729011262219,15/10/2024 16:54:22,1728993262219,-5,15/10/2024 06:54:22,187004,3,task-o7gw,repeat-3dmk#2->-repeat-tj2w#2,40664870,BLIND,11852267,,complete,,,computer,Desktop or Laptop,Mac OS 10.15.7,Safari 17.6,1440x900,1440x820,,,0,Subjective rating Practice,7,Inaccurate~Accurate,2,,Inaccurate~Accurate,emo_prac,emo_prac,1,instructions,Screen 11,fgeg47,4,info,,17,0,17,17,0,17,1,17,0,0,,Slider,Slider,5,object-61,instructions,,,,,,,,,,,,,,,,
8,1729011263595,15/10/2024 16:54:23,1728993263595,-5,15/10/2024 06:54:23,187004,3,task-o7gw,repeat-3dmk#2->-repeat-tj2w#2,40664870,BLIND,11852267,,complete,,,computer,Desktop or Laptop,Mac OS 10.15.7,Safari 17.6,1440x900,1440x820,,,0,Subjective rating Practice,7,Inaccurate~Accurate,2,,Inaccurate~Accurate,emo_prac,emo_prac,1,instructions,Screen 11,fgeg47,4,continue,,1408,1400,1408,1408,1400,1408,1,1408,0,0,,Click To Continue,Continue Button,9,object-67,instructions,,,,,,,,,,,,,,,,
9,1729011263597,15/10/2024 16:54:23,1728993263597,-5,15/10/2024 06:54:23,187004,3,task-o7gw,repeat-3dmk#2->-repeat-tj2w#2,40664870,BLIND,11852267,,complete,,,computer,Desktop or Laptop,Mac OS 10.15.7,Safari 17.6,1440x900,1440x820,,,0,Subjective rating Practice,7,Inaccurate~Accurate,2,,Inaccurate~Accurate,emo_prac,emo_prac,1,instructions,Screen 11,fgeg47,4,response,,1410.0000000000036,1400,1410.0000000000036,1410.0000000000036,1400,1410.0000000000036,1,1410.0000000000036,0,0,,Slider,Slider,5,object-61,instructions,,,,,,,,,,,,,,,,
10,1729011263600,15/10/2024 16:54:23,1728993263600,-5,15/10/2024 06:54:23,187004,3,task-o7gw,repeat-3dmk#2->-repeat-tj2w#2,40664870,BLIND,11852267,,complete,,,computer,Desktop or Laptop,Mac OS 10.15.7,Safari 17.6,1440x900,1440x820,,,0,Subjective rating Practice,7,Inaccurate~Accurate,2,,Inaccurate~Accurate,emo_prac,emo_prac,,,,,,info,END,,,14557,,,,0,,,,,,,,,,,,,,,,,,,,,,,,,
1,1729011702184,15/10/2024 17:01:42,1728997302184,-4,15/10/2024 09:01:42,187004,3,task-o7gw,repeat-3dmk#4->-repeat-tj2w#3,40665096,BLIND,11852269,,complete,,,computer,Desktop or Laptop,Windows 10,Chrome 129.0.0.0,1366x768,1366x633,,,0,Subjective rating Practice,7,Inaccurate~Inaccurate~Inaccurate~Accurate,2,,Inaccurate~Inaccurate~Accurate,emo_prac,emo_prac,,,,,,info,BEGIN,,,,,,,0,,,,,,,,,,,,,,,,,,,,,,,,,
2,1729011705287,15/10/2024 17:01:45,1728997305287,-4,15/10/2024 09:01:45,187004,3,task-o7gw,repeat-3dmk#4->-repeat-tj2w#3,40665096,BLIND,11852269,,complete,,,computer,Desktop or Laptop,Windows 10,Chrome 129.0.0.0,1366x768,1366x633,,,0,Subjective rating Practice,7,Inaccurate~Inaccurate~Inaccurate~Accurate,2,,Inaccurate~Inaccurate~Accurate,emo_prac,emo_prac,1,instructions,Screen 12,eyep1y,1,continue,,2715.1999999910595,2699.5999999999995,2715.1999999910595,2715.1999999910595,2699.5999999999995,2715.1999999910595,1,2715.1999999910595,0,0,,Click To Continue,Continue Button,2,object-4,instructions,,,,,,,,,,,,,,,,
3,1729011777545,15/10/2024 17:02:57,1728997377545,-4,15/10/2024 09:02:57,187004,3,task-o7gw,repeat-3dmk#4->-repeat-tj2w#3,40665096,BLIND,11852269,,complete,,,computer,Desktop or Laptop,Windows 10,Chrome 129.0.0.0,1366x768,1366x633,,,0,Subjective rating Practice,7,Inaccurate~Inaccurate~Inaccurate~Accurate,2,,Inaccurate~Inaccurate~Accurate,emo_prac,emo_prac,1,instructions,Screen 9,l1vn7l,2,continue,,72272.29999999404,72262.59999999999,72272.29999999404,72272.29999999404,72262.59999999999,72272.29999999404,1,72272.29999999404,0,0,,Click To Continue,Continue Button,3,object-65,instructions,,,,,,,,,,,,,,,,
4,1729011777576,15/10/2024 17:02:57,1728997377576,-4,15/10/2024 09:02:57,187004,3,task-o7gw,repeat-3dmk#4->-repeat-tj2w#3,40665096,BLIND,11852269,,complete,,,computer,Desktop or Laptop,Windows 10,Chrome 129.0.0.0,1366x768,1366x633,,,0,Subjective rating Practice,7,Inaccurate~Inaccurate~Inaccurate~Accurate,2,,Inaccurate~Inaccurate~Accurate,emo_prac,emo_prac,1,instructions,Screen 10,xskzd4,3,info,,16.69999999999709,0,16.69999999999709,16.69999999999709,0,16.69999999999709,1,16.69999999999709,0,0,,Slider,Slider,5,object-39,instructions,,,,,,,,,,,,,,,,
5,1729011788569,15/10/2024 17:03:08,1728997388569,-4,15/10/2024 09:03:08,187004,3,task-o7gw,repeat-3dmk#4->-repeat-tj2w#3,40665096,BLIND,11852269,,complete,,,computer,Desktop or Laptop,Windows 10,Chrome 129.0.0.0,1366x768,1366x633,,,0,Subjective rating Practice,7,Inaccurate~Inaccurate~Inaccurate~Accurate,2,,Inaccurate~Inaccurate~Accurate,emo_prac,emo_prac,1,instructions,Screen 10,xskzd4,3,continue,,11032.199999994045,11016.200000000012,11032.199999994045,11032.199999994045,11016.200000000012,11032.199999994045,1,11032.199999994045,0,0,,Click To Continue,Continue Button,9,object-66,instructions,,,,,,,,,,,,,,,,
6,1729011788575,15/10/2024 17:03:08,1728997388575,-4,15/10/2024 09:03:08,187004,3,task-o7gw,repeat-3dmk#4->-repeat-tj2w#3,40665096,BLIND,11852269,,complete,,,computer,Desktop or Laptop,Windows 10,Chrome 129.0.0.0,1366x768,1366x633,,,0,Subjective rating Practice,7,Inaccurate~Inaccurate~Inaccurate~Accurate,2,,Inaccurate~Inaccurate~Accurate,emo_prac,emo_prac,1,instructions,Screen 10,xskzd4,3,response,9,8766.300000000003,11016.200000000012,11032.900000000023,8766.300000000003,11016.200000000012,11032.900000000023,1,8766.300000000003,2266.6000000000204,0,,Slider,Slider,5,object-39,instructions,,,,,,,,,,,,,,,,
7,1729011788600,15/10/2024 17:03:08,1728997388600,-4,15/10/2024 09:03:08,187004,3,task-o7gw,repeat-3dmk#4->-repeat-tj2w#3,40665096,BLIND,11852269,,complete,,,computer,Desktop or Laptop,Windows 10,Chrome 129.0.0.0,1366x768,1366x633,,,0,Subjective rating Practice,7,Inaccurate~Inaccurate~Inaccurate~Accurate,2,,Inaccurate~Inaccurate~Accurate,emo_prac,emo_prac,1,instructions,Screen 11,fgeg47,4,info,,16.70000000001164,0,16.70000000001164,16.70000000001164,0,16.70000000001164,1,16.70000000001164,0,0,,Slider,Slider,5,object-61,instructions,,,,,,,,,,,,,,,,
8,1729011811419,15/10/2024 17:03:31,1728997411419,-4,15/10/2024 09:03:31,187004,3,task-o7gw,repeat-3dmk#4->-repeat-tj2w#3,40665096,BLIND,11852269,,complete,,,computer,Desktop or Laptop,Windows 10,Chrome 129.0.0.0,1366x768,1366x633,,,0,Subjective rating Practice,7,Inaccurate~Inaccurate~Inaccurate~Accurate,2,,Inaccurate~Inaccurate~Accurate,emo_prac,emo_prac,1,instructions,Screen 11,fgeg47,4,continue,,22865.5,22848.699999999997,22865.5,22865.5,22848.699999999997,22865.5,1,22865.5,0,0,,Click To Continue,Continue Button,9,object-67,instructions,,,,,,,,,,,,,,,,
9,1729011811427,15/10/2024 17:03:31,1728997411427,-4,15/10/2024 09:03:31,187004,3,task-o7gw,repeat-3dmk#4->-repeat-tj2w#3,40665096,BLIND,11852269,,complete,,,computer,Desktop or Laptop,Windows 10,Chrome 129.0.0.0,1366x768,1366x633,,,0,Subjective rating Practice,7,Inaccurate~Inaccurate~Inaccurate~Accurate,2,,Inaccurate~Inaccurate~Accurate,emo_prac,emo_prac,1,instructions,Screen 11,fgeg47,4,response,9,20848.79999999999,22848.699999999997,22865.5,20848.79999999999,22848.699999999997,22865.5,1,20848.79999999999,2016.7000000000116,0,,Slider,Slider,5,object-61,instructions,,,,,,,,,,,,,,,,
10,1729011811432,15/10/2024 17:03:31,1728997411432,-4,15/10/2024 09:03:31,187004,3,task-o7gw,repeat-3dmk#4->-repeat-tj2w#3,40665096,BLIND,11852269,,complete,,,computer,Desktop or Laptop,Windows 10,Chrome 129.0.0.0,1366x768,1366x633,,,0,Subjective rating Practice,7,Inaccurate~Inaccurate~Inaccurate~Accurate,2,,Inaccurate~Inaccurate~Accurate,emo_prac,emo_prac,,,,,,info,END,,,109150,,,,0,,,,,,,,,,,,,,,,,,,,,,,,,
1,1729012279039,15/10/2024 17:11:19,1728997879039,-4,15/10/2024 09:11:19,187004,3,task-o7gw,repeat-3dmk#2->-repeat-tj2w#1,40665417,BLIND,11852238,,complete,,,computer,Desktop or Laptop,Windows 10,Firefox 131.0,2560x1440,2560x1287,,,0,Subjective rating Practice,7,Inaccurate~Accurate,2,,Accurate,emo_prac,emo_prac,,,,,,info,BEGIN,,,,,,,0,,,,,,,,,,,,,,,,,,,,,,,,,
2,1729012281469,15/10/2024 17:11:21,1728997881469,-4,15/10/2024 09:11:21,187004,3,task-o7gw,repeat-3dmk#2->-repeat-tj2w#1,40665417,BLIND,11852238,,complete,,,computer,Desktop or Laptop,Windows 10,Firefox 131.0,2560x1440,2560x1287,,,0,Subjective rating Practice,7,Inaccurate~Accurate,2,,Accurate,emo_prac,emo_prac,1,instructions,Screen 12,eyep1y,1,continue,,2378.88,2366.66,2378.88,2378.88,2366.66,2378.88,1,2378.88,0,0,,Click To Continue,Continue Button,2,object-4,instructions,,,,,,,,,,,,,,,,
3,1729012287678,15/10/2024 17:11:27,1728997887678,-4,15/10/2024 09:11:27,187004,3,task-o7gw,repeat-3dmk#2->-repeat-tj2w#1,40665417,BLIND,11852238,,complete,,,computer,Desktop or Laptop,Windows 10,Firefox 131.0,2560x1440,2560x1287,,,0,Subjective rating Practice,7,Inaccurate~Accurate,2,,Accurate,emo_prac,emo_prac,1,instructions,Screen 9,l1vn7l,2,continue,,6219.22,6216.660000000001,6219.22,6219.22,6216.660000000001,6219.22,1,6219.22,0,0,,Click To Continue,Continue Button,3,object-65,instructions,,,,,,,,,,,,,,,,
4,1729012287692,15/10/2024 17:11:27,1728997887692,-4,15/10/2024 09:11:27,187004,3,task-o7gw,repeat-3dmk#2->-repeat-tj2w#1,40665417,BLIND,11852238,,complete,,,computer,Desktop or Laptop,Windows 10,Firefox 131.0,2560x1440,2560x1287,,,0,Subjective rating Practice,7,Inaccurate~Accurate,2,,Accurate,emo_prac,emo_prac,1,instructions,Screen 10,xskzd4,3,info,,16.659999999999854,0,16.659999999999854,16.659999999999854,0,16.659999999999854,1,16.659999999999854,0,0,,Slider,Slider,5,object-39,instructions,,,,,,,,,,,,,,,,
5,1729012289870,15/10/2024 17:11:29,1728997889870,-4,15/10/2024 09:11:29,187004,3,task-o7gw,repeat-3dmk#2->-repeat-tj2w#1,40665417,BLIND,11852238,,complete,,,computer,Desktop or Laptop,Windows 10,Firefox 131.0,2560x1440,2560x1287,,,0,Subjective rating Practice,7,Inaccurate~Accurate,2,,Accurate,emo_prac,emo_prac,1,instructions,Screen 10,xskzd4,3,continue,,2195.5599999999995,2183.34,2195.5599999999995,2195.5599999999995,2183.34,2195.5599999999995,1,2195.5599999999995,0,0,,Click To Continue,Continue Button,9,object-66,instructions,,,,,,,,,,,,,,,,
6,1729012289872,15/10/2024 17:11:29,1728997889872,-4,15/10/2024 09:11:29,187004,3,task-o7gw,repeat-3dmk#2->-repeat-tj2w#1,40665417,BLIND,11852238,,complete,,,computer,Desktop or Laptop,Windows 10,Firefox 131.0,2560x1440,2560x1287,,,0,Subjective rating Practice,7,Inaccurate~Accurate,2,,Accurate,emo_prac,emo_prac,1,instructions,Screen 10,xskzd4,3,response,,2197.5599999999995,2183.34,2197.5599999999995,2197.5599999999995,2183.34,2197.5599999999995,1,2197.5599999999995,0,0,,Slider,Slider,5,object-39,instructions,,,,,,,,,,,,,,,,
7,1729012289878,15/10/2024 17:11:29,1728997889878,-4,15/10/2024 09:11:29,187004,3,task-o7gw,repeat-3dmk#2->-repeat-tj2w#1,40665417,BLIND,11852238,,complete,,,computer,Desktop or Laptop,Windows 10,Firefox 131.0,2560x1440,2560x1287,,,0,Subjective rating Practice,7,Inaccurate~Accurate,2,,Accurate,emo_prac,emo_prac,1,instructions,Screen 11,fgeg47,4,info,,16.659999999999854,0,16.659999999999854,16.659999999999854,0,16.659999999999854,1,16.659999999999854,0,0,,Slider,Slider,5,object-61,instructions,,,,,,,,,,,,,,,,
8,1729012293378,15/10/2024 17:11:33,1728997893378,-4,15/10/2024 09:11:33,187004,3,task-o7gw,repeat-3dmk#2->-repeat-tj2w#1,40665417,BLIND,11852238,,complete,,,computer,Desktop or Laptop,Windows 10,Firefox 131.0,2560x1440,2560x1287,,,0,Subjective rating Practice,7,Inaccurate~Accurate,2,,Accurate,emo_prac,emo_prac,1,instructions,Screen 11,fgeg47,4,continue,,3520.2199999999993,3516.539999999999,3520.2199999999993,3520.2199999999993,3516.539999999999,3520.2199999999993,1,3520.2199999999993,0,0,,Click To Continue,Continue Button,9,object-67,instructions,,,,,,,,,,,,,,,,
9,1729012293378,15/10/2024 17:11:33,1728997893378,-4,15/10/2024 09:11:33,187004,3,task-o7gw,repeat-3dmk#2->-repeat-tj2w#1,40665417,BLIND,11852238,,complete,,,computer,Desktop or Laptop,Windows 10,Firefox 131.0,2560x1440,2560x1287,,,0,Subjective rating Practice,7,Inaccurate~Accurate,2,,Accurate,emo_prac,emo_prac,1,instructions,Screen 11,fgeg47,4,response,,3521.2199999999993,3516.539999999999,3521.2199999999993,3521.2199999999993,3516.539999999999,3521.2199999999993,1,3521.2199999999993,0,0,,Slider,Slider,5,object-61,instructions,,,,,,,,,,,,,,,,
10,1729012293380,15/10/2024 17:11:33,1728997893380,-4,15/10/2024 09:11:33,187004,3,task-o7gw,repeat-3dmk#2->-repeat-tj2w#1,40665417,BLIND,11852238,,complete,,,computer,Desktop or Laptop,Windows 10,Firefox 131.0,2560x1440,2560x1287,,,0,Subjective rating Practice,7,Inaccurate~Accurate,2,,Accurate,emo_prac,emo_prac,,,,,,info,END,,,14315,,,,0,,,,,,,,,,,,,,,,,,,,,,,,,
1,1729015106591,15/10/2024 17:58:26,1729015106591,0,15/10/2024 17:58:26,187004,3,task-o7gw,repeat-3dmk#3->-repeat-tj2w#3,40666478,BLIND,11852314,,complete,,,computer,Desktop or Laptop,Windows 10,Chrome 129.0.0.0,1366x768,1041x640,,,0,Subjective rating Practice,7,Inaccurate~Inaccurate~Accurate,2,,Inaccurate~Inaccurate~Accurate,emo_prac,emo_prac,,,,,,info,BEGIN,,,,,,,0,,,,,,,,,,,,,,,,,,,,,,,,,
2,1729015111659,15/10/2024 17:58:31,1729015111659,0,15/10/2024 17:58:31,187004,3,task-o7gw,repeat-3dmk#3->-repeat-tj2w#3,40666478,BLIND,11852314,,complete,,,computer,Desktop or Laptop,Windows 10,Chrome 129.0.0.0,1366x768,1041x640,,,0,Subjective rating Practice,7,Inaccurate~Inaccurate~Accurate,2,,Inaccurate~Inaccurate~Accurate,emo_prac,emo_prac,1,instructions,Screen 12,eyep1y,1,continue,,4164.999999998508,4152.0999999999985,4164.999999998508,4164.999999998508,4152.0999999999985,4164.999999998508,1,4164.999999998508,0,0,,Click To Continue,Continue Button,2,object-4,instructions,,,,,,,,,,,,,,,,
3,1729015122874,15/10/2024 17:58:42,1729015122874,0,15/10/2024 17:58:42,187004,3,task-o7gw,repeat-3dmk#3->-repeat-tj2w#3,40666478,BLIND,11852314,,complete,,,computer,Desktop or Laptop,Windows 10,Chrome 129.0.0.0,1366x768,1041x640,,,0,Subjective rating Practice,7,Inaccurate~Inaccurate~Accurate,2,,Inaccurate~Inaccurate~Accurate,emo_prac,emo_prac,1,instructions,Screen 9,l1vn7l,2,continue,,11228.5,11217.7,11228.5,11228.5,11217.7,11228.5,1,11228.5,0,0,,Click To Continue,Continue Button,3,object-65,instructions,,,,,,,,,,,,,,,,
4,1729015122905,15/10/2024 17:58:42,1729015122905,0,15/10/2024 17:58:42,187004,3,task-o7gw,repeat-3dmk#3->-repeat-tj2w#3,40666478,BLIND,11852314,,complete,,,computer,Desktop or Laptop,Windows 10,Chrome 129.0.0.0,1366x768,1041x640,,,0,Subjective rating Practice,7,Inaccurate~Inaccurate~Accurate,2,,Inaccurate~Inaccurate~Accurate,emo_prac,emo_prac,1,instructions,Screen 10,xskzd4,3,info,,16.799999999999272,0,16.799999999999272,16.799999999999272,0,16.799999999999272,1,16.799999999999272,0,0,,Slider,Slider,5,object-39,instructions,,,,,,,,,,,,,,,,
5,1729015132711,15/10/2024 17:58:52,1729015132711,0,15/10/2024 17:58:52,187004,3,task-o7gw,repeat-3dmk#3->-repeat-tj2w#3,40666478,BLIND,11852314,,complete,,,computer,Desktop or Laptop,Windows 10,Chrome 129.0.0.0,1366x768,1041x640,,,0,Subjective rating Practice,7,Inaccurate~Inaccurate~Accurate,2,,Inaccurate~Inaccurate~Accurate,emo_prac,emo_prac,1,instructions,Screen 10,xskzd4,3,continue,,9847.499999995529,9844.499999999996,9847.499999995529,9847.499999995529,9844.499999999996,9847.499999995529,1,9847.499999995529,0,0,,Click To Continue,Continue Button,9,object-66,instructions,,,,,,,,,,,,,,,,
6,1729015132712,15/10/2024 17:58:52,1729015132712,0,15/10/2024 17:58:52,187004,3,task-o7gw,repeat-3dmk#3->-repeat-tj2w#3,40666478,BLIND,11852314,,complete,,,computer,Desktop or Laptop,Windows 10,Chrome 129.0.0.0,1366x768,1041x640,,,0,Subjective rating Practice,7,Inaccurate~Inaccurate~Accurate,2,,Inaccurate~Inaccurate~Accurate,emo_prac,emo_prac,1,instructions,Screen 10,xskzd4,3,response,9,8354.600000000002,9844.499999999996,9848.69999999851,8354.600000000002,9844.499999999996,9848.69999999851,1,8354.600000000002,1494.099999998507,0,,Slider,Slider,5,object-39,instructions,,,,,,,,,,,,,,,,
7,1729015132724,15/10/2024 17:58:52,1729015132724,0,15/10/2024 17:58:52,187004,3,task-o7gw,repeat-3dmk#3->-repeat-tj2w#3,40666478,BLIND,11852314,,complete,,,computer,Desktop or Laptop,Windows 10,Chrome 129.0.0.0,1366x768,1041x640,,,0,Subjective rating Practice,7,Inaccurate~Inaccurate~Accurate,2,,Inaccurate~Inaccurate~Accurate,emo_prac,emo_prac,1,instructions,Screen 11,fgeg47,4,info,,16.69999999999709,0,16.69999999999709,16.69999999999709,0,16.69999999999709,1,16.69999999999709,0,0,,Slider,Slider,5,object-61,instructions,,,,,,,,,,,,,,,,
8,1729015137521,15/10/2024 17:58:57,1729015137521,0,15/10/2024 17:58:57,187004,3,task-o7gw,repeat-3dmk#3->-repeat-tj2w#3,40666478,BLIND,11852314,,complete,,,computer,Desktop or Laptop,Windows 10,Chrome 129.0.0.0,1366x768,1041x640,,,0,Subjective rating Practice,7,Inaccurate~Inaccurate~Accurate,2,,Inaccurate~Inaccurate~Accurate,emo_prac,emo_prac,1,instructions,Screen 11,fgeg47,4,continue,,4813.199999998513,4805.300000000003,4813.199999998513,4813.199999998513,4805.300000000003,4813.199999998513,1,4813.199999998513,0,0,,Click To Continue,Continue Button,9,object-67,instructions,,,,,,,,,,,,,,,,
9,1729015137527,15/10/2024 17:58:57,1729015137527,0,15/10/2024 17:58:57,187004,3,task-o7gw,repeat-3dmk#3->-repeat-tj2w#3,40666478,BLIND,11852314,,complete,,,computer,Desktop or Laptop,Windows 10,Chrome 129.0.0.0,1366x768,1041x640,,,0,Subjective rating Practice,7,Inaccurate~Inaccurate~Accurate,2,,Inaccurate~Inaccurate~Accurate,emo_prac,emo_prac,1,instructions,Screen 11,fgeg47,4,response,8,1473.4000000000015,4805.300000000003,4819.699999998513,1473.4000000000015,4805.300000000003,4819.699999998513,1,1473.4000000000015,3346.2999999985113,0,,Slider,Slider,5,object-61,instructions,,,,,,,,,,,,,,,,
10,1729015137531,15/10/2024 17:58:57,1729015137531,0,15/10/2024 17:58:57,187004,3,task-o7gw,repeat-3dmk#3->-repeat-tj2w#3,40666478,BLIND,11852314,,complete,,,computer,Desktop or Laptop,Windows 10,Chrome 129.0.0.0,1366x768,1041x640,,,0,Subjective rating Practice,7,Inaccurate~Inaccurate~Accurate,2,,Inaccurate~Inaccurate~Accurate,emo_prac,emo_prac,,,,,,info,END,,,30889,,,,0,,,,,,,,,,,,,,,,,,,,,,,,,
1,1729015543378,15/10/2024 18:05:43,1728990343378,-7,15/10/2024 04:05:43,187004,3,task-o7gw,repeat-3dmk#3->-repeat-tj2w#3,40666657,BLIND,11852271,,complete,,,computer,Desktop or Laptop,Windows 10,Chrome 109.0.0.0,1280x1024,1280x923,,,0,Subjective rating Practice,7,Inaccurate~Inaccurate~Accurate,2,,Inaccurate~Inaccurate~Accurate,emo_prac,emo_prac,,,,,,info,BEGIN,,,,,,,0,,,,,,,,,,,,,,,,,,,,,,,,,
2,1729015608532,15/10/2024 18:06:48,1728990408532,-7,15/10/2024 04:06:48,187004,3,task-o7gw,repeat-3dmk#3->-repeat-tj2w#3,40666657,BLIND,11852271,,complete,,,computer,Desktop or Laptop,Windows 10,Chrome 109.0.0.0,1280x1024,1280x923,,,0,Subjective rating Practice,7,Inaccurate~Inaccurate~Accurate,2,,Inaccurate~Inaccurate~Accurate,emo_prac,emo_prac,1,instructions,Screen 12,eyep1y,1,continue,,64813.37199999553,64797.408,64813.37199999553,64813.37199999553,64797.408,64813.37199999553,1,64813.37199999553,0,0,,Click To Continue,Continue Button,2,object-4,instructions,,,,,,,,,,,,,,,,
3,1729015616545,15/10/2024 18:06:56,1728990416545,-7,15/10/2024 04:06:56,187004,3,task-o7gw,repeat-3dmk#3->-repeat-tj2w#3,40666657,BLIND,11852271,,complete,,,computer,Desktop or Laptop,Windows 10,Chrome 109.0.0.0,1280x1024,1280x923,,,0,Subjective rating Practice,7,Inaccurate~Inaccurate~Accurate,2,,Inaccurate~Inaccurate~Accurate,emo_prac,emo_prac,1,instructions,Screen 9,l1vn7l,2,continue,,8033.011999999988,8016.34599999999,8033.011999999988,8033.011999999988,8016.34599999999,8033.011999999988,1,8033.011999999988,0,0,,Click To Continue,Continue Button,3,object-65,instructions,,,,,,,,,,,,,,,,
4,1729015616629,15/10/2024 18:06:56,1728990416629,-7,15/10/2024 04:06:56,187004,3,task-o7gw,repeat-3dmk#3->-repeat-tj2w#3,40666657,BLIND,11852271,,complete,,,computer,Desktop or Laptop,Windows 10,Chrome 109.0.0.0,1280x1024,1280x923,,,0,Subjective rating Practice,7,Inaccurate~Inaccurate~Accurate,2,,Inaccurate~Inaccurate~Accurate,emo_prac,emo_prac,1,instructions,Screen 10,xskzd4,3,info,,16.66599999999744,0,16.66599999999744,16.66599999999744,0,16.66599999999744,1,16.66599999999744,0,0,,Slider,Slider,5,object-39,instructions,,,,,,,,,,,,,,,,
5,1729015619751,15/10/2024 18:06:59,1728990419751,-7,15/10/2024 04:06:59,187004,3,task-o7gw,repeat-3dmk#3->-repeat-tj2w#3,40666657,BLIND,11852271,,complete,,,computer,Desktop or Laptop,Windows 10,Chrome 109.0.0.0,1280x1024,1280x923,,,0,Subjective rating Practice,7,Inaccurate~Inaccurate~Accurate,2,,Inaccurate~Inaccurate~Accurate,emo_prac,emo_prac,1,instructions,Screen 10,xskzd4,3,continue,,3202.217999997025,3199.872000000003,3202.217999997025,3202.217999997025,3199.872000000003,3202.217999997025,1,3202.217999997025,0,0,,Click To Continue,Continue Button,9,object-66,instructions,,,,,,,,,,,,,,,,
6,1729015619756,15/10/2024 18:06:59,1728990419756,-7,15/10/2024 04:06:59,187004,3,task-o7gw,repeat-3dmk#3->-repeat-tj2w#3,40666657,BLIND,11852271,,complete,,,computer,Desktop or Laptop,Windows 10,Chrome 109.0.0.0,1280x1024,1280x923,,,0,Subjective rating Practice,7,Inaccurate~Inaccurate~Accurate,2,,Inaccurate~Inaccurate~Accurate,emo_prac,emo_prac,1,instructions,Screen 10,xskzd4,3,response,,3216.5380000000005,3199.872000000003,3216.5380000000005,3216.5380000000005,3199.872000000003,3216.5380000000005,1,3216.5380000000005,0,0,,Slider,Slider,5,object-39,instructions,,,,,,,,,,,,,,,,
7,1729015619776,15/10/2024 18:06:59,1728990419776,-7,15/10/2024 04:06:59,187004,3,task-o7gw,repeat-3dmk#3->-repeat-tj2w#3,40666657,BLIND,11852271,,complete,,,computer,Desktop or Laptop,Windows 10,Chrome 109.0.0.0,1280x1024,1280x923,,,0,Subjective rating Practice,7,Inaccurate~Inaccurate~Accurate,2,,Inaccurate~Inaccurate~Accurate,emo_prac,emo_prac,1,instructions,Screen 11,fgeg47,4,info,,16.66599999999744,0,16.66599999999744,16.66599999999744,0,16.66599999999744,1,16.66599999999744,0,0,,Slider,Slider,5,object-61,instructions,,,,,,,,,,,,,,,,
8,1729015621759,15/10/2024 18:07:01,1728990421759,-7,15/10/2024 04:07:01,187004,3,task-o7gw,repeat-3dmk#3->-repeat-tj2w#3,40666657,BLIND,11852271,,complete,,,computer,Desktop or Laptop,Windows 10,Chrome 109.0.0.0,1280x1024,1280x923,,,0,Subjective rating Practice,7,Inaccurate~Inaccurate~Accurate,2,,Inaccurate~Inaccurate~Accurate,emo_prac,emo_prac,1,instructions,Screen 11,fgeg47,4,continue,,2031.445999998512,2016.5859999999957,2031.445999998512,2031.445999998512,2016.5859999999957,2031.445999998512,1,2031.445999998512,0,0,,Click To Continue,Continue Button,9,object-67,instructions,,,,,,,,,,,,,,,,
9,1729015621760,15/10/2024 18:07:01,1728990421760,-7,15/10/2024 04:07:01,187004,3,task-o7gw,repeat-3dmk#3->-repeat-tj2w#3,40666657,BLIND,11852271,,complete,,,computer,Desktop or Laptop,Windows 10,Chrome 109.0.0.0,1280x1024,1280x923,,,0,Subjective rating Practice,7,Inaccurate~Inaccurate~Accurate,2,,Inaccurate~Inaccurate~Accurate,emo_prac,emo_prac,1,instructions,Screen 11,fgeg47,4,response,,2032.1459999940416,2016.5859999999957,2032.1459999940416,2032.1459999940416,2016.5859999999957,2032.1459999940416,1,2032.1459999940416,0,0,,Slider,Slider,5,object-61,instructions,,,,,,,,,,,,,,,,
10,1729015621763,15/10/2024 18:07:01,1728990421763,-7,15/10/2024 04:07:01,187004,3,task-o7gw,repeat-3dmk#3->-repeat-tj2w#3,40666657,BLIND,11852271,,complete,,,computer,Desktop or Laptop,Windows 10,Chrome 109.0.0.0,1280x1024,1280x923,,,0,Subjective rating Practice,7,Inaccurate~Inaccurate~Accurate,2,,Inaccurate~Inaccurate~Accurate,emo_prac,emo_prac,,,,,,info,END,,,78283,,,,0,,,,,,,,,,,,,,,,,,,,,,,,,
1,1729025489007,15/10/2024 20:51:29,1729011089007,-4,15/10/2024 12:51:29,187004,3,task-o7gw,repeat-3dmk#1->-repeat-tj2w#1,40670386,BLIND,11853201,,complete,,,computer,Desktop or Laptop,Linux x86_64,Firefox 132.0,1920x1080,1920x1080,,,0,Subjective rating Practice,7,Accurate,2,,Accurate,emo_prac,emo_prac,,,,,,info,BEGIN,,,,,,,0,,,,,,,,,,,,,,,,,,,,,,,,,
2,1729025491284,15/10/2024 20:51:31,1729011091284,-4,15/10/2024 12:51:31,187004,3,task-o7gw,repeat-3dmk#1->-repeat-tj2w#1,40670386,BLIND,11853201,,complete,,,computer,Desktop or Laptop,Linux x86_64,Firefox 132.0,1920x1080,1920x1080,,,0,Subjective rating Practice,7,Accurate,2,,Accurate,emo_prac,emo_prac,1,instructions,Screen 12,eyep1y,1,continue,,2124.1,2114.7599999999998,2124.1,2124.1,2114.7599999999998,2124.1,1,2124.1,0,0,,Click To Continue,Continue Button,2,object-4,instructions,,,,,,,,,,,,,,,,
3,1729025502379,15/10/2024 20:51:42,1729011102379,-4,15/10/2024 12:51:42,187004,3,task-o7gw,repeat-3dmk#1->-repeat-tj2w#1,40670386,BLIND,11853201,,complete,,,computer,Desktop or Laptop,Linux x86_64,Firefox 132.0,1920x1080,1920x1080,,,0,Subjective rating Practice,7,Accurate,2,,Accurate,emo_prac,emo_prac,1,instructions,Screen 9,l1vn7l,2,continue,,11104.34,11091.02,11104.34,11104.34,11091.02,11104.34,1,11104.34,0,0,,Click To Continue,Continue Button,3,object-65,instructions,,,,,,,,,,,,,,,,
4,1729025502396,15/10/2024 20:51:42,1729011102396,-4,15/10/2024 12:51:42,187004,3,task-o7gw,repeat-3dmk#1->-repeat-tj2w#1,40670386,BLIND,11853201,,complete,,,computer,Desktop or Laptop,Linux x86_64,Firefox 132.0,1920x1080,1920x1080,,,0,Subjective rating Practice,7,Accurate,2,,Accurate,emo_prac,emo_prac,1,instructions,Screen 10,xskzd4,3,info,,16.18000000000029,0,16.18000000000029,16.18000000000029,0,16.18000000000029,1,16.18000000000029,0,0,,Slider,Slider,5,object-39,instructions,,,,,,,,,,,,,,,,
5,1729025510882,15/10/2024 20:51:50,1729011110882,-4,15/10/2024 12:51:50,187004,3,task-o7gw,repeat-3dmk#1->-repeat-tj2w#1,40670386,BLIND,11853201,,complete,,,computer,Desktop or Laptop,Linux x86_64,Firefox 132.0,1920x1080,1920x1080,,,0,Subjective rating Practice,7,Accurate,2,,Accurate,emo_prac,emo_prac,1,instructions,Screen 10,xskzd4,3,continue,,8514.32,8509.46,8514.32,8514.32,8509.46,8514.32,1,8514.32,0,0,,Click To Continue,Continue Button,9,object-66,instructions,,,,,,,,,,,,,,,,
6,1729025510882,15/10/2024 20:51:50,1729011110882,-4,15/10/2024 12:51:50,187004,3,task-o7gw,repeat-3dmk#1->-repeat-tj2w#1,40670386,BLIND,11853201,,complete,,,computer,Desktop or Laptop,Linux x86_64,Firefox 132.0,1920x1080,1920x1080,,,0,Subjective rating Practice,7,Accurate,2,,Accurate,emo_prac,emo_prac,1,instructions,Screen 10,xskzd4,3,response,,8515.32,8509.46,8515.32,8515.32,8509.46,8515.32,1,8515.32,0,0,,Slider,Slider,5,object-39,instructions,,,,,,,,,,,,,,,,
7,1729025510890,15/10/2024 20:51:50,1729011110890,-4,15/10/2024 12:51:50,187004,3,task-o7gw,repeat-3dmk#1->-repeat-tj2w#1,40670386,BLIND,11853201,,complete,,,computer,Desktop or Laptop,Linux x86_64,Firefox 132.0,1920x1080,1920x1080,,,0,Subjective rating Practice,7,Accurate,2,,Accurate,emo_prac,emo_prac,1,instructions,Screen 11,fgeg47,4,info,,13.860000000000582,0,13.860000000000582,13.860000000000582,0,13.860000000000582,1,13.860000000000582,0,0,,Slider,Slider,5,object-61,instructions,,,,,,,,,,,,,,,,
8,1729025662011,15/10/2024 20:54:22,1729011262011,-4,15/10/2024 12:54:22,187004,3,task-o7gw,repeat-3dmk#1->-repeat-tj2w#1,40670386,BLIND,11853201,,complete,,,computer,Desktop or Laptop,Linux x86_64,Firefox 132.0,1920x1080,1920x1080,,,0,Subjective rating Practice,7,Accurate,2,,Accurate,emo_prac,emo_prac,1,instructions,Screen 11,fgeg47,4,continue,,151134.86,151125.97999999998,151134.86,151134.86,151125.97999999998,151134.86,1,151134.86,0,0,,Click To Continue,Continue Button,9,object-67,instructions,,,,,,,,,,,,,,,,
9,1729025662013,15/10/2024 20:54:22,1729011262013,-4,15/10/2024 12:54:22,187004,3,task-o7gw,repeat-3dmk#1->-repeat-tj2w#1,40670386,BLIND,11853201,,complete,,,computer,Desktop or Laptop,Linux x86_64,Firefox 132.0,1920x1080,1920x1080,,,0,Subjective rating Practice,7,Accurate,2,,Accurate,emo_prac,emo_prac,1,instructions,Screen 11,fgeg47,4,response,,151136.86,151125.97999999998,151136.86,151136.86,151125.97999999998,151136.86,1,151136.86,0,0,,Slider,Slider,5,object-61,instructions,,,,,,,,,,,,,,,,
10,1729025662014,15/10/2024 20:54:22,1729011262014,-4,15/10/2024 12:54:22,187004,3,task-o7gw,repeat-3dmk#1->-repeat-tj2w#1,40670386,BLIND,11853201,,complete,,,computer,Desktop or Laptop,Linux x86_64,Firefox 132.0,1920x1080,1920x1080,,,0,Subjective rating Practice,7,Accurate,2,,Accurate,emo_prac,emo_prac,,,,,,info,END,,,172971,,,,0,,,,,,,,,,,,,,,,,,,,,,,,,
1,1729008201198,15/10/2024 16:03:21,1728990201198,-5,15/10/2024 06:03:21,187004,3,task-o7gw,repeat-3dmk#1->-repeat-tj2w#1,40662745,BLIND,11852253,,complete,,,computer,Desktop or Laptop,Windows 10,Chrome 129.0.0.0,1280x720,1600x732,,,0,Subjective rating Practice,7,Accurate,2,,Accurate,emo_prac,emo_prac,,,,,,info,BEGIN,,,,,,,0,,,,,,,,,,,,,,,,,,,,,,,,,
2,1729008213019,15/10/2024 16:03:33,1728990213019,-5,15/10/2024 06:03:33,187004,3,task-o7gw,repeat-3dmk#1->-repeat-tj2w#1,40662745,BLIND,11852253,,complete,,,computer,Desktop or Laptop,Windows 10,Chrome 129.0.0.0,1280x720,1600x732,,,0,Subjective rating Practice,7,Accurate,2,,Accurate,emo_prac,emo_prac,1,instructions,Screen 12,eyep1y,1,continue,,11625,11615.2,11625,11625,11615.2,11625,1,11625,0,0,,Click To Continue,Continue Button,2,object-4,instructions,,,,,,,,,,,,,,,,
3,1729008238437,15/10/2024 16:03:58,1728990238437,-5,15/10/2024 06:03:58,187004,3,task-o7gw,repeat-3dmk#1->-repeat-tj2w#1,40662745,BLIND,11852253,,complete,,,computer,Desktop or Laptop,Windows 10,Chrome 129.0.0.0,1280x720,1600x732,,,0,Subjective rating Practice,7,Accurate,2,,Accurate,emo_prac,emo_prac,1,instructions,Screen 9,l1vn7l,2,continue,,25428.40000002384,25413.399999999998,25428.40000002384,25428.40000002384,25413.399999999998,25428.40000002384,1,25428.40000002384,0,0,,Click To Continue,Continue Button,3,object-65,instructions,,,,,,,,,,,,,,,,
4,1729008238483,15/10/2024 16:03:58,1728990238483,-5,15/10/2024 06:03:58,187004,3,task-o7gw,repeat-3dmk#1->-repeat-tj2w#1,40662745,BLIND,11852253,,complete,,,computer,Desktop or Laptop,Windows 10,Chrome 129.0.0.0,1280x720,1600x732,,,0,Subjective rating Practice,7,Accurate,2,,Accurate,emo_prac,emo_prac,1,instructions,Screen 10,xskzd4,3,info,,16.400000000001455,0,16.400000000001455,16.400000000001455,0,16.400000000001455,1,16.400000000001455,0,0,,Slider,Slider,5,object-39,instructions,,,,,,,,,,,,,,,,
5,1729008262248,15/10/2024 16:04:22,1728990262248,-5,15/10/2024 06:04:22,187004,3,task-o7gw,repeat-3dmk#1->-repeat-tj2w#1,40662745,BLIND,11852253,,complete,,,computer,Desktop or Laptop,Windows 10,Chrome 129.0.0.0,1280x720,1600x732,,,0,Subjective rating Practice,7,Accurate,2,,Accurate,emo_prac,emo_prac,1,instructions,Screen 10,xskzd4,3,continue,,23826.29999997616,23813.700000000004,23826.29999997616,23826.29999997616,23813.700000000004,23826.29999997616,1,23826.29999997616,0,0,,Click To Continue,Continue Button,9,object-66,instructions,,,,,,,,,,,,,,,,
6,1729008262255,15/10/2024 16:04:22,1728990262255,-5,15/10/2024 06:04:22,187004,3,task-o7gw,repeat-3dmk#1->-repeat-tj2w#1,40662745,BLIND,11852253,,complete,,,computer,Desktop or Laptop,Windows 10,Chrome 129.0.0.0,1280x720,1600x732,,,0,Subjective rating Practice,7,Accurate,2,,Accurate,emo_prac,emo_prac,1,instructions,Screen 10,xskzd4,3,response,8,4332.800000000003,23813.700000000004,23830.30000000001,4332.800000000003,23813.700000000004,23830.30000000001,1,4332.800000000003,19497.500000000007,0,,Slider,Slider,5,object-39,instructions,,,,,,,,,,,,,,,,
7,1729008262293,15/10/2024 16:04:22,1728990262293,-5,15/10/2024 06:04:22,187004,3,task-o7gw,repeat-3dmk#1->-repeat-tj2w#1,40662745,BLIND,11852253,,complete,,,computer,Desktop or Laptop,Windows 10,Chrome 129.0.0.0,1280x720,1600x732,,,0,Subjective rating Practice,7,Accurate,2,,Accurate,emo_prac,emo_prac,1,instructions,Screen 11,fgeg47,4,info,,16.60000000000582,0,16.60000000000582,16.60000000000582,0,16.60000000000582,1,16.60000000000582,0,0,,Slider,Slider,5,object-61,instructions,,,,,,,,,,,,,,,,
8,1729008281678,15/10/2024 16:04:41,1728990281678,-5,15/10/2024 06:04:41,187004,3,task-o7gw,repeat-3dmk#1->-repeat-tj2w#1,40662745,BLIND,11852253,,complete,,,computer,Desktop or Laptop,Windows 10,Chrome 129.0.0.0,1280x720,1600x732,,,0,Subjective rating Practice,7,Accurate,2,,Accurate,emo_prac,emo_prac,1,instructions,Screen 11,fgeg47,4,continue,,19442.30000002384,19430.800000000003,19442.30000002384,19442.30000002384,19430.800000000003,19442.30000002384,1,19442.30000002384,0,0,,Click To Continue,Continue Button,9,object-67,instructions,,,,,,,,,,,,,,,,
9,1729008281684,15/10/2024 16:04:41,1728990281684,-5,15/10/2024 06:04:41,187004,3,task-o7gw,repeat-3dmk#1->-repeat-tj2w#1,40662745,BLIND,11852253,,complete,,,computer,Desktop or Laptop,Windows 10,Chrome 129.0.0.0,1280x720,1600x732,,,0,Subjective rating Practice,7,Accurate,2,,Accurate,emo_prac,emo_prac,1,instructions,Screen 11,fgeg47,4,response,3,17597.800000000003,19430.800000000003,19447.40000000001,17597.800000000003,19430.800000000003,19447.40000000001,1,17597.800000000003,1849.6000000000058,0,,Slider,Slider,5,object-61,instructions,,,,,,,,,,,,,,,,
10,1729008281689,15/10/2024 16:04:41,1728990281689,-5,15/10/2024 06:04:41,187004,3,task-o7gw,repeat-3dmk#1->-repeat-tj2w#1,40662745,BLIND,11852253,,complete,,,computer,Desktop or Laptop,Windows 10,Chrome 129.0.0.0,1280x720,1600x732,,,0,Subjective rating Practice,7,Accurate,2,,Accurate,emo_prac,emo_prac,,,,,,info,END,,,80439,,,,0,,,,,,,,,,,,,,,,,,,,,,,,,
1,1729011624772,15/10/2024 17:00:24,1728997224772,-4,15/10/2024 09:00:24,187004,3,task-o7gw,repeat-3dmk#2->-repeat-tj2w#2,40665055,BLIND,11852258,,complete,,,computer,Desktop or Laptop,Windows 10,Chrome 129.0.0.0,1368x912,1368x757,,,0,Subjective rating Practice,7,Inaccurate~Accurate,2,,Inaccurate~Accurate,emo_prac,emo_prac,,,,,,info,BEGIN,,,,,,,0,,,,,,,,,,,,,,,,,,,,,,,,,
2,1729011627348,15/10/2024 17:00:27,1728997227348,-4,15/10/2024 09:00:27,187004,3,task-o7gw,repeat-3dmk#2->-repeat-tj2w#2,40665055,BLIND,11852258,,complete,,,computer,Desktop or Laptop,Windows 10,Chrome 129.0.0.0,1368x912,1368x757,,,0,Subjective rating Practice,7,Inaccurate~Accurate,2,,Inaccurate~Accurate,emo_prac,emo_prac,1,instructions,Screen 12,eyep1y,1,continue,,2431.399999976158,2418.3999999999996,2431.399999976158,2431.399999976158,2418.3999999999996,2431.399999976158,1,2431.399999976158,0,0,,Click To Continue,Continue Button,2,object-4,instructions,,,,,,,,,,,,,,,,
3,1729011635430,15/10/2024 17:00:35,1728997235430,-4,15/10/2024 09:00:35,187004,3,task-o7gw,repeat-3dmk#2->-repeat-tj2w#2,40665055,BLIND,11852258,,complete,,,computer,Desktop or Laptop,Windows 10,Chrome 129.0.0.0,1368x912,1368x757,,,0,Subjective rating Practice,7,Inaccurate~Accurate,2,,Inaccurate~Accurate,emo_prac,emo_prac,1,instructions,Screen 9,l1vn7l,2,continue,,8094.6,8088.800000000001,8094.6,8094.6,8088.800000000001,8094.6,1,8094.6,0,0,,Click To Continue,Continue Button,3,object-65,instructions,,,,,,,,,,,,,,,,
4,1729011635450,15/10/2024 17:00:35,1728997235450,-4,15/10/2024 09:00:35,187004,3,task-o7gw,repeat-3dmk#2->-repeat-tj2w#2,40665055,BLIND,11852258,,complete,,,computer,Desktop or Laptop,Windows 10,Chrome 129.0.0.0,1368x912,1368x757,,,0,Subjective rating Practice,7,Inaccurate~Accurate,2,,Inaccurate~Accurate,emo_prac,emo_prac,1,instructions,Screen 10,xskzd4,3,info,,16.700000000000728,0,16.700000000000728,16.700000000000728,0,16.700000000000728,1,16.700000000000728,0,0,,Slider,Slider,5,object-39,instructions,,,,,,,,,,,,,,,,
5,1729011645050,15/10/2024 17:00:45,1728997245050,-4,15/10/2024 09:00:45,187004,3,task-o7gw,repeat-3dmk#2->-repeat-tj2w#2,40665055,BLIND,11852258,,complete,,,computer,Desktop or Laptop,Windows 10,Chrome 129.0.0.0,1368x912,1368x757,,,0,Subjective rating Practice,7,Inaccurate~Accurate,2,,Inaccurate~Accurate,emo_prac,emo_prac,1,instructions,Screen 10,xskzd4,3,continue,,9623.600000000002,9607,9623.600000000002,9623.600000000002,9607,9623.600000000002,1,9623.600000000002,0,0,,Click To Continue,Continue Button,9,object-66,instructions,,,,,,,,,,,,,,,,
6,1729011645051,15/10/2024 17:00:45,1728997245051,-4,15/10/2024 09:00:45,187004,3,task-o7gw,repeat-3dmk#2->-repeat-tj2w#2,40665055,BLIND,11852258,,complete,,,computer,Desktop or Laptop,Windows 10,Chrome 129.0.0.0,1368x912,1368x757,,,0,Subjective rating Practice,7,Inaccurate~Accurate,2,,Inaccurate~Accurate,emo_prac,emo_prac,1,instructions,Screen 10,xskzd4,3,response,6,2651.899999999998,9607,9623.600000000002,2651.899999999998,9607,9623.600000000002,1,2651.899999999998,6971.700000000004,0,,Slider,Slider,5,object-39,instructions,,,,,,,,,,,,,,,,
7,1729011645069,15/10/2024 17:00:45,1728997245069,-4,15/10/2024 09:00:45,187004,3,task-o7gw,repeat-3dmk#2->-repeat-tj2w#2,40665055,BLIND,11852258,,complete,,,computer,Desktop or Laptop,Windows 10,Chrome 129.0.0.0,1368x912,1368x757,,,0,Subjective rating Practice,7,Inaccurate~Accurate,2,,Inaccurate~Accurate,emo_prac,emo_prac,1,instructions,Screen 11,fgeg47,4,info,,16.600000000002183,0,16.600000000002183,16.600000000002183,0,16.600000000002183,1,16.600000000002183,0,0,,Slider,Slider,5,object-61,instructions,,,,,,,,,,,,,,,,
8,1729011653469,15/10/2024 17:00:53,1728997253469,-4,15/10/2024 09:00:53,187004,3,task-o7gw,repeat-3dmk#2->-repeat-tj2w#2,40665055,BLIND,11852258,,complete,,,computer,Desktop or Laptop,Windows 10,Chrome 129.0.0.0,1368x912,1368x757,,,0,Subjective rating Practice,7,Inaccurate~Accurate,2,,Inaccurate~Accurate,emo_prac,emo_prac,1,instructions,Screen 11,fgeg47,4,continue,,8438.099999952316,8422.2,8438.099999952316,8438.099999952316,8422.2,8438.099999952316,1,8438.099999952316,0,0,,Click To Continue,Continue Button,9,object-67,instructions,,,,,,,,,,,,,,,,
9,1729011653476,15/10/2024 17:00:53,1728997253476,-4,15/10/2024 09:00:53,187004,3,task-o7gw,repeat-3dmk#2->-repeat-tj2w#2,40665055,BLIND,11852258,,complete,,,computer,Desktop or Laptop,Windows 10,Chrome 129.0.0.0,1368x912,1368x757,,,0,Subjective rating Practice,7,Inaccurate~Accurate,2,,Inaccurate~Accurate,emo_prac,emo_prac,1,instructions,Screen 11,fgeg47,4,response,2,2734.899999999998,8422.2,8438.7,2734.899999999998,8422.2,8438.7,1,2734.899999999998,5703.800000000003,0,,Slider,Slider,5,object-61,instructions,,,,,,,,,,,,,,,,
10,1729011653480,15/10/2024 17:00:53,1728997253480,-4,15/10/2024 09:00:53,187004,3,task-o7gw,repeat-3dmk#2->-repeat-tj2w#2,40665055,BLIND,11852258,,complete,,,computer,Desktop or Laptop,Windows 10,Chrome 129.0.0.0,1368x912,1368x757,,,0,Subjective rating Practice,7,Inaccurate~Accurate,2,,Inaccurate~Accurate,emo_prac,emo_prac,,,,,,info,END,,,28638,,,,0,,,,,,,,,,,,,,,,,,,,,,,,,
1,1729009229174,15/10/2024 16:20:29,1728984029174,-7,15/10/2024 02:20:29,187004,3,task-o7gw,repeat-3dmk#1->-repeat-tj2w#2,40663540,BLIND,11852276,,complete,,,computer,Desktop or Laptop,Windows 10,Chrome 129.0.0.0,1900x956,1892x950,,,0,Subjective rating Practice,7,Accurate,2,,Inaccurate~Accurate,emo_prac,emo_prac,,,,,,info,BEGIN,,,,,,,0,,,,,,,,,,,,,,,,,,,,,,,,,
2,1729009231943,15/10/2024 16:20:31,1728984031943,-7,15/10/2024 02:20:31,187004,3,task-o7gw,repeat-3dmk#1->-repeat-tj2w#2,40663540,BLIND,11852276,,complete,,,computer,Desktop or Laptop,Windows 10,Chrome 129.0.0.0,1900x956,1892x950,,,0,Subjective rating Practice,7,Accurate,2,,Inaccurate~Accurate,emo_prac,emo_prac,1,instructions,Screen 12,eyep1y,1,continue,,2505,2500,2505,2505,2500,2505,1,2505,0,0,,Click To Continue,Continue Button,2,object-4,instructions,,,,,,,,,,,,,,,,
3,1729009240486,15/10/2024 16:20:40,1728984040486,-7,15/10/2024 02:20:40,187004,3,task-o7gw,repeat-3dmk#1->-repeat-tj2w#2,40663540,BLIND,11852276,,complete,,,computer,Desktop or Laptop,Windows 10,Chrome 129.0.0.0,1900x956,1892x950,,,0,Subjective rating Practice,7,Accurate,2,,Inaccurate~Accurate,emo_prac,emo_prac,1,instructions,Screen 9,l1vn7l,2,continue,,8548,8534,8548,8548,8534,8548,1,8548,0,0,,Click To Continue,Continue Button,3,object-65,instructions,,,,,,,,,,,,,,,,
4,1729009240498,15/10/2024 16:20:40,1728984040498,-7,15/10/2024 02:20:40,187004,3,task-o7gw,repeat-3dmk#1->-repeat-tj2w#2,40663540,BLIND,11852276,,complete,,,computer,Desktop or Laptop,Windows 10,Chrome 129.0.0.0,1900x956,1892x950,,,0,Subjective rating Practice,7,Accurate,2,,Inaccurate~Accurate,emo_prac,emo_prac,1,instructions,Screen 10,xskzd4,3,info,,17,0,17,17,0,17,1,17,0,0,,Slider,Slider,5,object-39,instructions,,,,,,,,,,,,,,,,
5,1729009246493,15/10/2024 16:20:46,1728984046493,-7,15/10/2024 02:20:46,187004,3,task-o7gw,repeat-3dmk#1->-repeat-tj2w#2,40663540,BLIND,11852276,,complete,,,computer,Desktop or Laptop,Windows 10,Chrome 129.0.0.0,1900x956,1892x950,,,0,Subjective rating Practice,7,Accurate,2,,Inaccurate~Accurate,emo_prac,emo_prac,1,instructions,Screen 10,xskzd4,3,continue,,6015,5999,6015,6015,5999,6015,1,6015,0,0,,Click To Continue,Continue Button,9,object-66,instructions,,,,,,,,,,,,,,,,
6,1729009246494,15/10/2024 16:20:46,1728984046494,-7,15/10/2024 02:20:46,187004,3,task-o7gw,repeat-3dmk#1->-repeat-tj2w#2,40663540,BLIND,11852276,,complete,,,computer,Desktop or Laptop,Windows 10,Chrome 129.0.0.0,1900x956,1892x950,,,0,Subjective rating Practice,7,Accurate,2,,Inaccurate~Accurate,emo_prac,emo_prac,1,instructions,Screen 10,xskzd4,3,response,,6016,5999,6016,6016,5999,6016,1,6016,0,0,,Slider,Slider,5,object-39,instructions,,,,,,,,,,,,,,,,
7,1729009246500,15/10/2024 16:20:46,1728984046500,-7,15/10/2024 02:20:46,187004,3,task-o7gw,repeat-3dmk#1->-repeat-tj2w#2,40663540,BLIND,11852276,,complete,,,computer,Desktop or Laptop,Windows 10,Chrome 129.0.0.0,1900x956,1892x950,,,0,Subjective rating Practice,7,Accurate,2,,Inaccurate~Accurate,emo_prac,emo_prac,1,instructions,Screen 11,fgeg47,4,info,,17,0,17,17,0,17,1,17,0,0,,Slider,Slider,5,object-61,instructions,,,,,,,,,,,,,,,,
8,1729009251126,15/10/2024 16:20:51,1728984051126,-7,15/10/2024 02:20:51,187004,3,task-o7gw,repeat-3dmk#1->-repeat-tj2w#2,40663540,BLIND,11852276,,complete,,,computer,Desktop or Laptop,Windows 10,Chrome 129.0.0.0,1900x956,1892x950,,,0,Subjective rating Practice,7,Accurate,2,,Inaccurate~Accurate,emo_prac,emo_prac,1,instructions,Screen 11,fgeg47,4,continue,,4656,4650,4656,4656,4650,4656,1,4656,0,0,,Click To Continue,Continue Button,9,object-67,instructions,,,,,,,,,,,,,,,,
9,1729009251129,15/10/2024 16:20:51,1728984051129,-7,15/10/2024 02:20:51,187004,3,task-o7gw,repeat-3dmk#1->-repeat-tj2w#2,40663540,BLIND,11852276,,complete,,,computer,Desktop or Laptop,Windows 10,Chrome 129.0.0.0,1900x956,1892x950,,,0,Subjective rating Practice,7,Accurate,2,,Inaccurate~Accurate,emo_prac,emo_prac,1,instructions,Screen 11,fgeg47,4,response,,4658,4650,4658,4658,4650,4658,1,4658,0,0,,Slider,Slider,5,object-61,instructions,,,,,,,,,,,,,,,,
10,1729009251130,15/10/2024 16:20:51,1728984051130,-7,15/10/2024 02:20:51,187004,3,task-o7gw,repeat-3dmk#1->-repeat-tj2w#2,40663540,BLIND,11852276,,complete,,,computer,Desktop or Laptop,Windows 10,Chrome 129.0.0.0,1900x956,1892x950,,,0,Subjective rating Practice,7,Accurate,2,,Inaccurate~Accurate,emo_prac,emo_prac,,,,,,info,END,,,21895,,,,0,,,,,,,,,,,,,,,,,,,,,,,,,
END OF FILE
