Event Index,UTC Timestamp,UTC Date and Time,Local Timestamp,Local Timezone,Local Date and Time,Experiment ID,Experiment Version,Tree Node Key,Repeat Key,Schedule ID,Participant Public ID,Participant Private ID,Participant Starting Group,Participant Status,Participant Completion Code,Participant External Session ID,Participant Device Type,Participant Device,Participant OS,Participant Browser,Participant Monitor Size,Participant Viewport Size,Checkpoint,Room ID,Room Order,Task Name,Task Version,branch-ck1c,randomiser-8rl3,branch-tpdd,branch-qy9p,branch-phuz,branch-3j3b,Spreadsheet,Current Spreadsheet,Trial Number,Display,Screen,Screen ID,Screen Counter,Response Type,Response,Onset Time,Clock Time,Reaction Time,Absolute Onset Time,Absolute Clock Time,Absolute Reaction Time,Correct,Response Onset,Response Duration,Proportion,Tag,Component Name,Object Name,Object Number,Object ID,Spreadsheet: display,Spreadsheet: number,Spreadsheet: img,Spreadsheet: type,Spreadsheet: answer,Spreadsheet: border,Spreadsheet: memory,Manipulation: Spreadsheet
1,1737121199813,17/01/2025 13:39:59,1737103199813,-5,17/01/2025 03:39:59,153647,19,task-x1rt,repeat-3dmk#4->-repeat-ku6w#1,42543854,BLIND,12412388,,complete,,678a596ef767b9becdc5a9f7,computer,Desktop or Laptop,Windows 10,Firefox 134.0,1920x1080,1920x947,,,0,Memory Task (instr only),4,Inaccurate~Inaccurate~Inaccurate~Accurate,1,Inaccurate~Accurate,,Accurate,,memory_version_1,memory_version_1,,,,,,info,BEGIN,,,,,,,0,,,,,,,,,,,,,,,,
2,1737121208027,17/01/2025 13:40:08,1737103208027,-5,17/01/2025 03:40:08,153647,19,task-x1rt,repeat-3dmk#4->-repeat-ku6w#1,42543854,BLIND,12412388,,complete,,678a596ef767b9becdc5a9f7,computer,Desktop or Laptop,Windows 10,Firefox 134.0,1920x1080,1920x947,,,0,Memory Task (instr only),4,Inaccurate~Inaccurate~Inaccurate~Accurate,1,Inaccurate~Accurate,,Accurate,,memory_version_1,memory_version_1,1,instructions,Screen 1,9emqwl,1,continue,,7811.62,7810.259999999999,7811.62,7811.62,7810.259999999999,7811.62,1,7811.62,0,0,,Click To Continue,Continue Button,2,object-4,instructions,,,,,,,
3,1737121227011,17/01/2025 13:40:27,1737103227011,-5,17/01/2025 03:40:27,153647,19,task-x1rt,repeat-3dmk#4->-repeat-ku6w#1,42543854,BLIND,12412388,,complete,,678a596ef767b9becdc5a9f7,computer,Desktop or Laptop,Windows 10,Firefox 134.0,1920x1080,1920x947,,,0,Memory Task (instr only),4,Inaccurate~Inaccurate~Inaccurate~Accurate,1,Inaccurate~Accurate,,Accurate,,memory_version_1,memory_version_1,1,instructions,Screen 2,rbq82w,2,continue,,18985.36,18983.86,18985.36,18985.36,18983.86,18985.36,1,18985.36,0,0,,Click To Continue,Text,10,object-62,instructions,,,,,,,
4,1737121240219,17/01/2025 13:40:40,1737103240219,-5,17/01/2025 03:40:40,153647,19,task-x1rt,repeat-3dmk#4->-repeat-ku6w#1,42543854,BLIND,12412388,,complete,,678a596ef767b9becdc5a9f7,computer,Desktop or Laptop,Windows 10,Firefox 134.0,1920x1080,1920x947,,,0,Memory Task (instr only),4,Inaccurate~Inaccurate~Inaccurate~Accurate,1,Inaccurate~Accurate,,Accurate,,memory_version_1,memory_version_1,1,instructions,Screen 4,8hhdnx,3,continue,,13209.5,13195.480000000003,13209.5,13209.5,13195.480000000003,13209.5,1,13209.5,0,0,,Click To Continue,Text,10,object-80,instructions,,,,,,,
5,1737121264660,17/01/2025 13:41:04,1737103264660,-5,17/01/2025 03:41:04,153647,19,task-x1rt,repeat-3dmk#4->-repeat-ku6w#1,42543854,BLIND,12412388,,complete,,678a596ef767b9becdc5a9f7,computer,Desktop or Laptop,Windows 10,Firefox 134.0,1920x1080,1920x947,,,0,Memory Task (instr only),4,Inaccurate~Inaccurate~Inaccurate~Accurate,1,Inaccurate~Accurate,,Accurate,,memory_version_1,memory_version_1,1,instructions,Screen 6,5bug7j,4,continue,,24456.019999999997,24454.6,24456.019999999997,24456.019999999997,24454.6,24456.019999999997,1,24456.019999999997,0,0,,Click To Continue,Text,10,object-108,instructions,,,,,,,
6,1737121292802,17/01/2025 13:41:32,1737103292802,-5,17/01/2025 03:41:32,153647,19,task-x1rt,repeat-3dmk#4->-repeat-ku6w#1,42543854,BLIND,12412388,,complete,,678a596ef767b9becdc5a9f7,computer,Desktop or Laptop,Windows 10,Firefox 134.0,1920x1080,1920x947,,,0,Memory Task (instr only),4,Inaccurate~Inaccurate~Inaccurate~Accurate,1,Inaccurate~Accurate,,Accurate,,memory_version_1,memory_version_1,1,instructions,Screen 7,2p8goo,5,continue,,28143.42,28132.08,28143.42,28143.42,28132.08,28143.42,1,28143.42,0,0,,Click To Continue,Text,4,object-123,instructions,,,,,,,
7,1737121292803,17/01/2025 13:41:32,1737103292803,-5,17/01/2025 03:41:32,153647,19,task-x1rt,repeat-3dmk#4->-repeat-ku6w#1,42543854,BLIND,12412388,,complete,,678a596ef767b9becdc5a9f7,computer,Desktop or Laptop,Windows 10,Firefox 134.0,1920x1080,1920x947,,,0,Memory Task (instr only),4,Inaccurate~Inaccurate~Inaccurate~Accurate,1,Inaccurate~Accurate,,Accurate,,memory_version_1,memory_version_1,,,,,,info,END,,,92950,,,,0,,,,,,,,,,,,,,,,
1,1737121373072,17/01/2025 13:42:53,1737103373072,-5,17/01/2025 03:42:53,153647,19,task-x1rt,repeat-3dmk#4->-repeat-ku6w#2,42543985,BLIND,12412388,,complete,,678a596ef767b9becdc5a9f7,computer,Desktop or Laptop,Windows 10,Firefox 134.0,1920x1080,1920x947,,,0,Memory Task (instr only),4,Inaccurate~Inaccurate~Inaccurate~Accurate,1,Inaccurate~Accurate,,Accurate,,memory_version_1,memory_version_1,,,,,,info,BEGIN,,,,,,,0,,,,,,,,,,,,,,,,
2,1737121374162,17/01/2025 13:42:54,1737103374162,-5,17/01/2025 03:42:54,153647,19,task-x1rt,repeat-3dmk#4->-repeat-ku6w#2,42543985,BLIND,12412388,,complete,,678a596ef767b9becdc5a9f7,computer,Desktop or Laptop,Windows 10,Firefox 134.0,1920x1080,1920x947,,,0,Memory Task (instr only),4,Inaccurate~Inaccurate~Inaccurate~Accurate,1,Inaccurate~Accurate,,Accurate,,memory_version_1,memory_version_1,1,instructions,Screen 1,9emqwl,1,continue,,1053.6400000000003,1036.92,1053.6400000000003,1053.6400000000003,1036.92,1053.6400000000003,1,1053.6400000000003,0,0,,Click To Continue,Continue Button,2,object-4,instructions,,,,,,,
3,1737121375234,17/01/2025 13:42:55,1737103375234,-5,17/01/2025 03:42:55,153647,19,task-x1rt,repeat-3dmk#4->-repeat-ku6w#2,42543985,BLIND,12412388,,complete,,678a596ef767b9becdc5a9f7,computer,Desktop or Laptop,Windows 10,Firefox 134.0,1920x1080,1920x947,,,0,Memory Task (instr only),4,Inaccurate~Inaccurate~Inaccurate~Accurate,1,Inaccurate~Accurate,,Accurate,,memory_version_1,memory_version_1,1,instructions,Screen 2,rbq82w,2,continue,,1088.7799999999997,1087.08,1088.7799999999997,1088.7799999999997,1087.08,1088.7799999999997,1,1088.7799999999997,0,0,,Click To Continue,Text,10,object-62,instructions,,,,,,,
4,1737121375675,17/01/2025 13:42:55,1737103375675,-5,17/01/2025 03:42:55,153647,19,task-x1rt,repeat-3dmk#4->-repeat-ku6w#2,42543985,BLIND,12412388,,complete,,678a596ef767b9becdc5a9f7,computer,Desktop or Laptop,Windows 10,Firefox 134.0,1920x1080,1920x947,,,0,Memory Task (instr only),4,Inaccurate~Inaccurate~Inaccurate~Accurate,1,Inaccurate~Accurate,,Accurate,,memory_version_1,memory_version_1,1,instructions,Screen 4,8hhdnx,3,continue,,441.6999999999998,434.8199999999997,441.6999999999998,441.6999999999998,434.8199999999997,441.6999999999998,1,441.6999999999998,0,0,,Click To Continue,Text,10,object-80,instructions,,,,,,,
5,1737121376084,17/01/2025 13:42:56,1737103376084,-5,17/01/2025 03:42:56,153647,19,task-x1rt,repeat-3dmk#4->-repeat-ku6w#2,42543985,BLIND,12412388,,complete,,678a596ef767b9becdc5a9f7,computer,Desktop or Laptop,Windows 10,Firefox 134.0,1920x1080,1920x947,,,0,Memory Task (instr only),4,Inaccurate~Inaccurate~Inaccurate~Accurate,1,Inaccurate~Accurate,,Accurate,,memory_version_1,memory_version_1,1,instructions,Screen 6,5bug7j,4,continue,,415.8800000000001,401.3800000000001,415.8800000000001,415.8800000000001,401.3800000000001,415.8800000000001,1,415.8800000000001,0,0,,Click To Continue,Text,10,object-108,instructions,,,,,,,
6,1737121376761,17/01/2025 13:42:56,1737103376761,-5,17/01/2025 03:42:56,153647,19,task-x1rt,repeat-3dmk#4->-repeat-ku6w#2,42543985,BLIND,12412388,,complete,,678a596ef767b9becdc5a9f7,computer,Desktop or Laptop,Windows 10,Firefox 134.0,1920x1080,1920x947,,,0,Memory Task (instr only),4,Inaccurate~Inaccurate~Inaccurate~Accurate,1,Inaccurate~Accurate,,Accurate,,memory_version_1,memory_version_1,1,instructions,Screen 7,2p8goo,5,continue,,693.5,685.7000000000007,693.5,693.5,685.7000000000007,693.5,1,693.5,0,0,,Click To Continue,Text,4,object-123,instructions,,,,,,,
7,1737121376763,17/01/2025 13:42:56,1737103376763,-5,17/01/2025 03:42:56,153647,19,task-x1rt,repeat-3dmk#4->-repeat-ku6w#2,42543985,BLIND,12412388,,complete,,678a596ef767b9becdc5a9f7,computer,Desktop or Laptop,Windows 10,Firefox 134.0,1920x1080,1920x947,,,0,Memory Task (instr only),4,Inaccurate~Inaccurate~Inaccurate~Accurate,1,Inaccurate~Accurate,,Accurate,,memory_version_1,memory_version_1,,,,,,info,END,,,3656,,,,0,,,,,,,,,,,,,,,,
1,1737122825617,17/01/2025 14:07:05,1737104825617,-5,17/01/2025 04:07:05,153647,19,task-x1rt,repeat-3dmk#4->-repeat-ku6w#1,42544880,BLIND,12412740,,complete,,678a5ff96409f0574fc37d1d,computer,Desktop or Laptop,Windows 10,Edge 131.0.0.0,1920x1080,1912x1000,,,0,Memory Task (instr only),4,Inaccurate~Inaccurate~Inaccurate~Accurate,1,Inaccurate~Inaccurate~Inaccurate~Accurate,,Inaccurate~Inaccurate~Accurate,,memory_version_1,memory_version_1,,,,,,info,BEGIN,,,,,,,0,,,,,,,,,,,,,,,,
2,1737122831088,17/01/2025 14:07:11,1737104831088,-5,17/01/2025 04:07:11,153647,19,task-x1rt,repeat-3dmk#4->-repeat-ku6w#1,42544880,BLIND,12412740,,complete,,678a5ff96409f0574fc37d1d,computer,Desktop or Laptop,Windows 10,Edge 131.0.0.0,1920x1080,1912x1000,,,0,Memory Task (instr only),4,Inaccurate~Inaccurate~Inaccurate~Accurate,1,Inaccurate~Inaccurate~Inaccurate~Accurate,,Inaccurate~Inaccurate~Accurate,,memory_version_1,memory_version_1,1,instructions,Screen 1,9emqwl,1,continue,,5321.90000000014,5313.5,5321.90000000014,5321.90000000014,5313.5,5321.90000000014,1,5321.90000000014,0,0,,Click To Continue,Continue Button,2,object-4,instructions,,,,,,,
3,1737122856224,17/01/2025 14:07:36,1737104856224,-5,17/01/2025 04:07:36,153647,19,task-x1rt,repeat-3dmk#4->-repeat-ku6w#1,42544880,BLIND,12412740,,complete,,678a5ff96409f0574fc37d1d,computer,Desktop or Laptop,Windows 10,Edge 131.0.0.0,1920x1080,1912x1000,,,0,Memory Task (instr only),4,Inaccurate~Inaccurate~Inaccurate~Accurate,1,Inaccurate~Inaccurate~Inaccurate~Accurate,,Inaccurate~Inaccurate~Accurate,,memory_version_1,memory_version_1,1,instructions,Screen 2,rbq82w,2,continue,,25143.90000000014,25134.5,25143.90000000014,25143.90000000014,25134.5,25143.90000000014,1,25143.90000000014,0,0,,Click To Continue,Text,10,object-62,instructions,,,,,,,
4,1737122859688,17/01/2025 14:07:39,1737104859688,-5,17/01/2025 04:07:39,153647,19,task-x1rt,repeat-3dmk#4->-repeat-ku6w#1,42544880,BLIND,12412740,,complete,,678a5ff96409f0574fc37d1d,computer,Desktop or Laptop,Windows 10,Edge 131.0.0.0,1920x1080,1912x1000,,,0,Memory Task (instr only),4,Inaccurate~Inaccurate~Inaccurate~Accurate,1,Inaccurate~Inaccurate~Inaccurate~Accurate,,Inaccurate~Inaccurate~Accurate,,memory_version_1,memory_version_1,1,instructions,Screen 4,8hhdnx,3,continue,,3473.600000000093,3464.5,3473.600000000093,3473.600000000093,3464.5,3473.600000000093,1,3473.600000000093,0,0,,Click To Continue,Text,10,object-80,instructions,,,,,,,
5,1737122887296,17/01/2025 14:08:07,1737104887296,-5,17/01/2025 04:08:07,153647,19,task-x1rt,repeat-3dmk#4->-repeat-ku6w#1,42544880,BLIND,12412740,,complete,,678a5ff96409f0574fc37d1d,computer,Desktop or Laptop,Windows 10,Edge 131.0.0.0,1920x1080,1912x1000,,,0,Memory Task (instr only),4,Inaccurate~Inaccurate~Inaccurate~Accurate,1,Inaccurate~Inaccurate~Inaccurate~Accurate,,Inaccurate~Inaccurate~Accurate,,memory_version_1,memory_version_1,1,instructions,Screen 6,5bug7j,4,continue,,27617.200000000186,27616.199999999997,27617.200000000186,27617.200000000186,27616.199999999997,27617.200000000186,1,27617.200000000186,0,0,,Click To Continue,Text,10,object-108,instructions,,,,,,,
6,1737122895640,17/01/2025 14:08:15,1737104895640,-5,17/01/2025 04:08:15,153647,19,task-x1rt,repeat-3dmk#4->-repeat-ku6w#1,42544880,BLIND,12412740,,complete,,678a5ff96409f0574fc37d1d,computer,Desktop or Laptop,Windows 10,Edge 131.0.0.0,1920x1080,1912x1000,,,0,Memory Task (instr only),4,Inaccurate~Inaccurate~Inaccurate~Accurate,1,Inaccurate~Inaccurate~Inaccurate~Accurate,,Inaccurate~Inaccurate~Accurate,,memory_version_1,memory_version_1,1,instructions,Screen 7,2p8goo,5,continue,,8344.700000000143,8328.300000000003,8344.700000000143,8344.700000000143,8328.300000000003,8344.700000000143,1,8344.700000000143,0,0,,Click To Continue,Text,4,object-123,instructions,,,,,,,
7,1737122895641,17/01/2025 14:08:15,1737104895641,-5,17/01/2025 04:08:15,153647,19,task-x1rt,repeat-3dmk#4->-repeat-ku6w#1,42544880,BLIND,12412740,,complete,,678a5ff96409f0574fc37d1d,computer,Desktop or Laptop,Windows 10,Edge 131.0.0.0,1920x1080,1912x1000,,,0,Memory Task (instr only),4,Inaccurate~Inaccurate~Inaccurate~Accurate,1,Inaccurate~Inaccurate~Inaccurate~Accurate,,Inaccurate~Inaccurate~Accurate,,memory_version_1,memory_version_1,,,,,,info,END,,,69981,,,,0,,,,,,,,,,,,,,,,
1,1737122954943,17/01/2025 14:09:14,1737104954943,-5,17/01/2025 04:09:14,153647,19,task-x1rt,repeat-3dmk#4->-repeat-ku6w#2,42544941,BLIND,12412740,,complete,,678a5ff96409f0574fc37d1d,computer,Desktop or Laptop,Windows 10,Edge 131.0.0.0,1920x1080,1912x1000,,,0,Memory Task (instr only),4,Inaccurate~Inaccurate~Inaccurate~Accurate,1,Inaccurate~Inaccurate~Inaccurate~Accurate,,Inaccurate~Inaccurate~Accurate,,memory_version_1,memory_version_1,,,,,,info,BEGIN,,,,,,,0,,,,,,,,,,,,,,,,
2,1737122956200,17/01/2025 14:09:16,1737104956200,-5,17/01/2025 04:09:16,153647,19,task-x1rt,repeat-3dmk#4->-repeat-ku6w#2,42544941,BLIND,12412740,,complete,,678a5ff96409f0574fc37d1d,computer,Desktop or Laptop,Windows 10,Edge 131.0.0.0,1920x1080,1912x1000,,,0,Memory Task (instr only),4,Inaccurate~Inaccurate~Inaccurate~Accurate,1,Inaccurate~Inaccurate~Inaccurate~Accurate,,Inaccurate~Inaccurate~Accurate,,memory_version_1,memory_version_1,1,instructions,Screen 1,9emqwl,1,continue,,1213.2999999998137,1199.3000000000002,1213.2999999998137,1213.2999999998137,1199.3000000000002,1213.2999999998137,1,1213.2999999998137,0,0,,Click To Continue,Continue Button,2,object-4,instructions,,,,,,,
3,1737122960624,17/01/2025 14:09:20,1737104960624,-5,17/01/2025 04:09:20,153647,19,task-x1rt,repeat-3dmk#4->-repeat-ku6w#2,42544941,BLIND,12412740,,complete,,678a5ff96409f0574fc37d1d,computer,Desktop or Laptop,Windows 10,Edge 131.0.0.0,1920x1080,1912x1000,,,0,Memory Task (instr only),4,Inaccurate~Inaccurate~Inaccurate~Accurate,1,Inaccurate~Inaccurate~Inaccurate~Accurate,,Inaccurate~Inaccurate~Accurate,,memory_version_1,memory_version_1,1,instructions,Screen 2,rbq82w,2,continue,,4437.800000000093,4430.599999999999,4437.800000000093,4437.800000000093,4430.599999999999,4437.800000000093,1,4437.800000000093,0,0,,Click To Continue,Text,10,object-62,instructions,,,,,,,
4,1737122961095,17/01/2025 14:09:21,1737104961095,-5,17/01/2025 04:09:21,153647,19,task-x1rt,repeat-3dmk#4->-repeat-ku6w#2,42544941,BLIND,12412740,,complete,,678a5ff96409f0574fc37d1d,computer,Desktop or Laptop,Windows 10,Edge 131.0.0.0,1920x1080,1912x1000,,,0,Memory Task (instr only),4,Inaccurate~Inaccurate~Inaccurate~Accurate,1,Inaccurate~Inaccurate~Inaccurate~Accurate,,Inaccurate~Inaccurate~Accurate,,memory_version_1,memory_version_1,1,instructions,Screen 4,8hhdnx,3,continue,,478.29999999972097,466.3000000000002,478.29999999972097,478.29999999972097,466.3000000000002,478.29999999972097,1,478.29999999972097,0,0,,Click To Continue,Text,10,object-80,instructions,,,,,,,
5,1737122965912,17/01/2025 14:09:25,1737104965912,-5,17/01/2025 04:09:25,153647,19,task-x1rt,repeat-3dmk#4->-repeat-ku6w#2,42544941,BLIND,12412740,,complete,,678a5ff96409f0574fc37d1d,computer,Desktop or Laptop,Windows 10,Edge 131.0.0.0,1920x1080,1912x1000,,,0,Memory Task (instr only),4,Inaccurate~Inaccurate~Inaccurate~Accurate,1,Inaccurate~Inaccurate~Inaccurate~Accurate,,Inaccurate~Inaccurate~Accurate,,memory_version_1,memory_version_1,1,instructions,Screen 6,5bug7j,4,continue,,4828.999999999721,4813.8,4828.999999999721,4828.999999999721,4813.8,4828.999999999721,1,4828.999999999721,0,0,,Click To Continue,Text,10,object-108,instructions,,,,,,,
6,1737122966838,17/01/2025 14:09:26,1737104966838,-5,17/01/2025 04:09:26,153647,19,task-x1rt,repeat-3dmk#4->-repeat-ku6w#2,42544941,BLIND,12412740,,complete,,678a5ff96409f0574fc37d1d,computer,Desktop or Laptop,Windows 10,Edge 131.0.0.0,1920x1080,1912x1000,,,0,Memory Task (instr only),4,Inaccurate~Inaccurate~Inaccurate~Accurate,1,Inaccurate~Inaccurate~Inaccurate~Accurate,,Inaccurate~Inaccurate~Accurate,,memory_version_1,memory_version_1,1,instructions,Screen 7,2p8goo,5,continue,,942,932.7999999999993,942,942,932.7999999999993,942,1,942,0,0,,Click To Continue,Text,4,object-123,instructions,,,,,,,
7,1737122966840,17/01/2025 14:09:26,1737104966840,-5,17/01/2025 04:09:26,153647,19,task-x1rt,repeat-3dmk#4->-repeat-ku6w#2,42544941,BLIND,12412740,,complete,,678a5ff96409f0574fc37d1d,computer,Desktop or Laptop,Windows 10,Edge 131.0.0.0,1920x1080,1912x1000,,,0,Memory Task (instr only),4,Inaccurate~Inaccurate~Inaccurate~Accurate,1,Inaccurate~Inaccurate~Inaccurate~Accurate,,Inaccurate~Inaccurate~Accurate,,memory_version_1,memory_version_1,,,,,,info,END,,,11859,,,,0,,,,,,,,,,,,,,,,
1,1737122990049,17/01/2025 14:09:50,1737104990049,-5,17/01/2025 04:09:50,153647,19,task-x1rt,repeat-3dmk#4->-repeat-ku6w#3,42544969,BLIND,12412740,,complete,,678a5ff96409f0574fc37d1d,computer,Desktop or Laptop,Windows 10,Edge 131.0.0.0,1920x1080,1912x1000,,,0,Memory Task (instr only),4,Inaccurate~Inaccurate~Inaccurate~Accurate,1,Inaccurate~Inaccurate~Inaccurate~Accurate,,Inaccurate~Inaccurate~Accurate,,memory_version_1,memory_version_1,,,,,,info,BEGIN,,,,,,,0,,,,,,,,,,,,,,,,
2,1737122990896,17/01/2025 14:09:50,1737104990896,-5,17/01/2025 04:09:50,153647,19,task-x1rt,repeat-3dmk#4->-repeat-ku6w#3,42544969,BLIND,12412740,,complete,,678a5ff96409f0574fc37d1d,computer,Desktop or Laptop,Windows 10,Edge 131.0.0.0,1920x1080,1912x1000,,,0,Memory Task (instr only),4,Inaccurate~Inaccurate~Inaccurate~Accurate,1,Inaccurate~Inaccurate~Inaccurate~Accurate,,Inaccurate~Inaccurate~Accurate,,memory_version_1,memory_version_1,1,instructions,Screen 1,9emqwl,1,continue,,814.2699999999068,799.3699999999999,814.2699999999068,814.2699999999068,799.3699999999999,814.2699999999068,1,814.2699999999068,0,0,,Click To Continue,Continue Button,2,object-4,instructions,,,,,,,
3,1737122992208,17/01/2025 14:09:52,1737104992208,-5,17/01/2025 04:09:52,153647,19,task-x1rt,repeat-3dmk#4->-repeat-ku6w#3,42544969,BLIND,12412740,,complete,,678a5ff96409f0574fc37d1d,computer,Desktop or Laptop,Windows 10,Edge 131.0.0.0,1920x1080,1912x1000,,,0,Memory Task (instr only),4,Inaccurate~Inaccurate~Inaccurate~Accurate,1,Inaccurate~Inaccurate~Inaccurate~Accurate,,Inaccurate~Inaccurate~Accurate,,memory_version_1,memory_version_1,1,instructions,Screen 2,rbq82w,2,continue,,1326.5999999996275,1315.8000000000002,1326.5999999996275,1326.5999999996275,1315.8000000000002,1326.5999999996275,1,1326.5999999996275,0,0,,Click To Continue,Text,10,object-62,instructions,,,,,,,
4,1737122992767,17/01/2025 14:09:52,1737104992767,-5,17/01/2025 04:09:52,153647,19,task-x1rt,repeat-3dmk#4->-repeat-ku6w#3,42544969,BLIND,12412740,,complete,,678a5ff96409f0574fc37d1d,computer,Desktop or Laptop,Windows 10,Edge 131.0.0.0,1920x1080,1912x1000,,,0,Memory Task (instr only),4,Inaccurate~Inaccurate~Inaccurate~Accurate,1,Inaccurate~Inaccurate~Inaccurate~Accurate,,Inaccurate~Inaccurate~Accurate,,memory_version_1,memory_version_1,1,instructions,Screen 4,8hhdnx,3,continue,,569.9999999998136,566.3000000000002,569.9999999998136,569.9999999998136,566.3000000000002,569.9999999998136,1,569.9999999998136,0,0,,Click To Continue,Text,10,object-80,instructions,,,,,,,
5,1737122993254,17/01/2025 14:09:53,1737104993254,-5,17/01/2025 04:09:53,153647,19,task-x1rt,repeat-3dmk#4->-repeat-ku6w#3,42544969,BLIND,12412740,,complete,,678a5ff96409f0574fc37d1d,computer,Desktop or Laptop,Windows 10,Edge 131.0.0.0,1920x1080,1912x1000,,,0,Memory Task (instr only),4,Inaccurate~Inaccurate~Inaccurate~Accurate,1,Inaccurate~Inaccurate~Inaccurate~Accurate,,Inaccurate~Inaccurate~Accurate,,memory_version_1,memory_version_1,1,instructions,Screen 6,5bug7j,4,continue,,491.09999999972024,483.09999999999945,491.09999999972024,491.09999999972024,483.09999999999945,491.09999999972024,1,491.09999999972024,0,0,,Click To Continue,Text,10,object-108,instructions,,,,,,,
6,1737122994264,17/01/2025 14:09:54,1737104994264,-5,17/01/2025 04:09:54,153647,19,task-x1rt,repeat-3dmk#4->-repeat-ku6w#3,42544969,BLIND,12412740,,complete,,678a5ff96409f0574fc37d1d,computer,Desktop or Laptop,Windows 10,Edge 131.0.0.0,1920x1080,1912x1000,,,0,Memory Task (instr only),4,Inaccurate~Inaccurate~Inaccurate~Accurate,1,Inaccurate~Inaccurate~Inaccurate~Accurate,,Inaccurate~Inaccurate~Accurate,,memory_version_1,memory_version_1,1,instructions,Screen 7,2p8goo,5,continue,,1017.199999999907,1016,1017.199999999907,1017.199999999907,1016,1017.199999999907,1,1017.199999999907,0,0,,Click To Continue,Text,4,object-123,instructions,,,,,,,
7,1737122994265,17/01/2025 14:09:54,1737104994265,-5,17/01/2025 04:09:54,153647,19,task-x1rt,repeat-3dmk#4->-repeat-ku6w#3,42544969,BLIND,12412740,,complete,,678a5ff96409f0574fc37d1d,computer,Desktop or Laptop,Windows 10,Edge 131.0.0.0,1920x1080,1912x1000,,,0,Memory Task (instr only),4,Inaccurate~Inaccurate~Inaccurate~Accurate,1,Inaccurate~Inaccurate~Inaccurate~Accurate,,Inaccurate~Inaccurate~Accurate,,memory_version_1,memory_version_1,,,,,,info,END,,,4180,,,,0,,,,,,,,,,,,,,,,
1,1737123028856,17/01/2025 14:10:28,1737105028856,-5,17/01/2025 04:10:28,153647,19,task-x1rt,repeat-3dmk#4->-repeat-ku6w#4,42544999,BLIND,12412740,,complete,,678a5ff96409f0574fc37d1d,computer,Desktop or Laptop,Windows 10,Edge 131.0.0.0,1920x1080,1912x1000,,,0,Memory Task (instr only),4,Inaccurate~Inaccurate~Inaccurate~Accurate,1,Inaccurate~Inaccurate~Inaccurate~Accurate,,Inaccurate~Inaccurate~Accurate,,memory_version_1,memory_version_1,,,,,,info,BEGIN,,,,,,,0,,,,,,,,,,,,,,,,
2,1737123029680,17/01/2025 14:10:29,1737105029680,-5,17/01/2025 04:10:29,153647,19,task-x1rt,repeat-3dmk#4->-repeat-ku6w#4,42544999,BLIND,12412740,,complete,,678a5ff96409f0574fc37d1d,computer,Desktop or Laptop,Windows 10,Edge 131.0.0.0,1920x1080,1912x1000,,,0,Memory Task (instr only),4,Inaccurate~Inaccurate~Inaccurate~Accurate,1,Inaccurate~Inaccurate~Inaccurate~Accurate,,Inaccurate~Inaccurate~Accurate,,memory_version_1,memory_version_1,1,instructions,Screen 1,9emqwl,1,continue,,788.6120000000001,782.6120000000001,788.6120000000001,788.6120000000001,782.6120000000001,788.6120000000001,1,788.6120000000001,0,0,,Click To Continue,Continue Button,2,object-4,instructions,,,,,,,
3,1737123030672,17/01/2025 14:10:30,1737105030672,-5,17/01/2025 04:10:30,153647,19,task-x1rt,repeat-3dmk#4->-repeat-ku6w#4,42544999,BLIND,12412740,,complete,,678a5ff96409f0574fc37d1d,computer,Desktop or Laptop,Windows 10,Edge 131.0.0.0,1920x1080,1912x1000,,,0,Memory Task (instr only),4,Inaccurate~Inaccurate~Inaccurate~Accurate,1,Inaccurate~Inaccurate~Inaccurate~Accurate,,Inaccurate~Inaccurate~Accurate,,memory_version_1,memory_version_1,1,instructions,Screen 2,rbq82w,2,continue,,997.8000000002794,982.8000000000002,997.8000000002794,997.8000000002794,982.8000000000002,997.8000000002794,1,997.8000000002794,0,0,,Click To Continue,Text,10,object-62,instructions,,,,,,,
4,1737123031136,17/01/2025 14:10:31,1737105031136,-5,17/01/2025 04:10:31,153647,19,task-x1rt,repeat-3dmk#4->-repeat-ku6w#4,42544999,BLIND,12412740,,complete,,678a5ff96409f0574fc37d1d,computer,Desktop or Laptop,Windows 10,Edge 131.0.0.0,1920x1080,1912x1000,,,0,Memory Task (instr only),4,Inaccurate~Inaccurate~Inaccurate~Accurate,1,Inaccurate~Inaccurate~Inaccurate~Accurate,,Inaccurate~Inaccurate~Accurate,,memory_version_1,memory_version_1,1,instructions,Screen 4,8hhdnx,3,continue,,479.1999999999998,466.39999999999964,479.1999999999998,479.1999999999998,466.39999999999964,479.1999999999998,1,479.1999999999998,0,0,,Click To Continue,Text,10,object-80,instructions,,,,,,,
5,1737123031518,17/01/2025 14:10:31,1737105031518,-5,17/01/2025 04:10:31,153647,19,task-x1rt,repeat-3dmk#4->-repeat-ku6w#4,42544999,BLIND,12412740,,complete,,678a5ff96409f0574fc37d1d,computer,Desktop or Laptop,Windows 10,Edge 131.0.0.0,1920x1080,1912x1000,,,0,Memory Task (instr only),4,Inaccurate~Inaccurate~Inaccurate~Accurate,1,Inaccurate~Inaccurate~Inaccurate~Accurate,,Inaccurate~Inaccurate~Accurate,,memory_version_1,memory_version_1,1,instructions,Screen 6,5bug7j,4,continue,,395.4000000000933,383,395.4000000000933,395.4000000000933,383,395.4000000000933,1,395.4000000000933,0,0,,Click To Continue,Text,10,object-108,instructions,,,,,,,
6,1737123031991,17/01/2025 14:10:31,1737105031991,-5,17/01/2025 04:10:31,153647,19,task-x1rt,repeat-3dmk#4->-repeat-ku6w#4,42544999,BLIND,12412740,,complete,,678a5ff96409f0574fc37d1d,computer,Desktop or Laptop,Windows 10,Edge 131.0.0.0,1920x1080,1912x1000,,,0,Memory Task (instr only),4,Inaccurate~Inaccurate~Inaccurate~Accurate,1,Inaccurate~Inaccurate~Inaccurate~Accurate,,Inaccurate~Inaccurate~Accurate,,memory_version_1,memory_version_1,1,instructions,Screen 7,2p8goo,5,continue,,484.50000000018645,483,484.50000000018645,484.50000000018645,483,484.50000000018645,1,484.50000000018645,0,0,,Click To Continue,Text,4,object-123,instructions,,,,,,,
7,1737123031992,17/01/2025 14:10:31,1737105031992,-5,17/01/2025 04:10:31,153647,19,task-x1rt,repeat-3dmk#4->-repeat-ku6w#4,42544999,BLIND,12412740,,complete,,678a5ff96409f0574fc37d1d,computer,Desktop or Laptop,Windows 10,Edge 131.0.0.0,1920x1080,1912x1000,,,0,Memory Task (instr only),4,Inaccurate~Inaccurate~Inaccurate~Accurate,1,Inaccurate~Inaccurate~Inaccurate~Accurate,,Inaccurate~Inaccurate~Accurate,,memory_version_1,memory_version_1,,,,,,info,END,,,3099,,,,0,,,,,,,,,,,,,,,,
1,1737125449610,17/01/2025 14:50:49,1737107449610,-5,17/01/2025 04:50:49,153647,19,task-x1rt,repeat-3dmk#2->-repeat-ku6w#1,42546813,BLIND,12413025,,complete,,678a66cca6cbaaaa7143eefe,computer,Desktop or Laptop,Windows 10,Chrome 130.0.0.0,1920x1080,1205x944,,,0,Memory Task (instr only),4,Inaccurate~Accurate,1,Inaccurate~Accurate,,Inaccurate~Inaccurate~Inaccurate~Accurate,,memory_version_1,memory_version_1,,,,,,info,BEGIN,,,,,,,0,,,,,,,,,,,,,,,,
2,1737125463856,17/01/2025 14:51:03,1737107463856,-5,17/01/2025 04:51:03,153647,19,task-x1rt,repeat-3dmk#2->-repeat-ku6w#1,42546813,BLIND,12413025,,complete,,678a66cca6cbaaaa7143eefe,computer,Desktop or Laptop,Windows 10,Chrome 130.0.0.0,1920x1080,1205x944,,,0,Memory Task (instr only),4,Inaccurate~Accurate,1,Inaccurate~Accurate,,Inaccurate~Inaccurate~Inaccurate~Accurate,,memory_version_1,memory_version_1,1,instructions,Screen 1,9emqwl,1,continue,,11978.299999904633,11965.900000000001,11978.299999904633,11978.299999904633,11965.900000000001,11978.299999904633,1,11978.299999904633,0,0,,Click To Continue,Continue Button,2,object-4,instructions,,,,,,,
3,1737125490416,17/01/2025 14:51:30,1737107490416,-5,17/01/2025 04:51:30,153647,19,task-x1rt,repeat-3dmk#2->-repeat-ku6w#1,42546813,BLIND,12413025,,complete,,678a66cca6cbaaaa7143eefe,computer,Desktop or Laptop,Windows 10,Chrome 130.0.0.0,1920x1080,1205x944,,,0,Memory Task (instr only),4,Inaccurate~Accurate,1,Inaccurate~Accurate,,Inaccurate~Inaccurate~Inaccurate~Accurate,,memory_version_1,memory_version_1,1,instructions,Screen 2,rbq82w,2,continue,,26572.099999952316,26565.3,26572.099999952316,26572.099999952316,26565.3,26572.099999952316,1,26572.099999952316,0,0,,Click To Continue,Text,10,object-62,instructions,,,,,,,
4,1737125518606,17/01/2025 14:51:58,1737107518606,-5,17/01/2025 04:51:58,153647,19,task-x1rt,repeat-3dmk#2->-repeat-ku6w#1,42546813,BLIND,12413025,,complete,,678a66cca6cbaaaa7143eefe,computer,Desktop or Laptop,Windows 10,Chrome 130.0.0.0,1920x1080,1205x944,,,0,Memory Task (instr only),4,Inaccurate~Accurate,1,Inaccurate~Accurate,,Inaccurate~Inaccurate~Inaccurate~Accurate,,memory_version_1,memory_version_1,1,instructions,Screen 4,8hhdnx,3,continue,,28196.399999976158,28181.399999999994,28196.399999976158,28196.399999976158,28181.399999999994,28196.399999976158,1,28196.399999976158,0,0,,Click To Continue,Text,10,object-80,instructions,,,,,,,
5,1737125564105,17/01/2025 14:52:44,1737107564105,-5,17/01/2025 04:52:44,153647,19,task-x1rt,repeat-3dmk#2->-repeat-ku6w#1,42546813,BLIND,12413025,,complete,,678a66cca6cbaaaa7143eefe,computer,Desktop or Laptop,Windows 10,Chrome 130.0.0.0,1920x1080,1205x944,,,0,Memory Task (instr only),4,Inaccurate~Accurate,1,Inaccurate~Accurate,,Inaccurate~Inaccurate~Inaccurate~Accurate,,memory_version_1,memory_version_1,1,instructions,Screen 6,5bug7j,4,continue,,45513.899999999994,45497.3,45513.899999999994,45513.899999999994,45497.3,45513.899999999994,1,45513.899999999994,0,0,,Click To Continue,Text,10,object-108,instructions,,,,,,,
6,1737125582557,17/01/2025 14:53:02,1737107582557,-5,17/01/2025 04:53:02,153647,19,task-x1rt,repeat-3dmk#2->-repeat-ku6w#1,42546813,BLIND,12413025,,complete,,678a66cca6cbaaaa7143eefe,computer,Desktop or Laptop,Windows 10,Chrome 130.0.0.0,1920x1080,1205x944,,,0,Memory Task (instr only),4,Inaccurate~Accurate,1,Inaccurate~Accurate,,Inaccurate~Inaccurate~Inaccurate~Accurate,,memory_version_1,memory_version_1,1,instructions,Screen 7,2p8goo,5,continue,,18470.499999928477,18465.500000000015,18470.499999928477,18470.499999928477,18465.500000000015,18470.499999928477,1,18470.499999928477,0,0,,Click To Continue,Text,4,object-123,instructions,,,,,,,
7,1737125582561,17/01/2025 14:53:02,1737107582561,-5,17/01/2025 04:53:02,153647,19,task-x1rt,repeat-3dmk#2->-repeat-ku6w#1,42546813,BLIND,12413025,,complete,,678a66cca6cbaaaa7143eefe,computer,Desktop or Laptop,Windows 10,Chrome 130.0.0.0,1920x1080,1205x944,,,0,Memory Task (instr only),4,Inaccurate~Accurate,1,Inaccurate~Accurate,,Inaccurate~Inaccurate~Inaccurate~Accurate,,memory_version_1,memory_version_1,,,,,,info,END,,,132896,,,,0,,,,,,,,,,,,,,,,
1,1737125580110,17/01/2025 14:53:00,1737096780110,-8,16/01/2025 22:53:00,153647,19,task-x1rt,repeat-3dmk#3->-repeat-ku6w#1,42546923,BLIND,12413015,,complete,,678a60cb12c49300d3e8bc39,computer,Desktop or Laptop,Windows 10,Chrome 130.0.0.0,1920x1080,383x377,,,0,Memory Task (instr only),4,Inaccurate~Inaccurate~Accurate,1,Inaccurate~Inaccurate~Inaccurate~Accurate,,Accurate,,memory_version_1,memory_version_1,,,,,,info,BEGIN,,,,,,,0,,,,,,,,,,,,,,,,
2,1737125605029,17/01/2025 14:53:25,1737096805029,-8,16/01/2025 22:53:25,153647,19,task-x1rt,repeat-3dmk#3->-repeat-ku6w#1,42546923,BLIND,12413015,,complete,,678a60cb12c49300d3e8bc39,computer,Desktop or Laptop,Windows 10,Chrome 130.0.0.0,1920x1080,958x944,,,0,Memory Task (instr only),4,Inaccurate~Inaccurate~Accurate,1,Inaccurate~Inaccurate~Inaccurate~Accurate,,Accurate,,memory_version_1,memory_version_1,1,instructions,Screen 1,9emqwl,1,continue,,23731.999999999978,23720.200000000004,23731.999999999978,23731.999999999978,23720.200000000004,23731.999999999978,1,23731.999999999978,0,0,,Click To Continue,Continue Button,2,object-4,instructions,,,,,,,
3,1737125614718,17/01/2025 14:53:34,1737096814718,-8,16/01/2025 22:53:34,153647,19,task-x1rt,repeat-3dmk#3->-repeat-ku6w#1,42546923,BLIND,12413015,,complete,,678a60cb12c49300d3e8bc39,computer,Desktop or Laptop,Windows 10,Chrome 130.0.0.0,1920x1080,958x944,,,0,Memory Task (instr only),4,Inaccurate~Inaccurate~Accurate,1,Inaccurate~Inaccurate~Inaccurate~Accurate,,Accurate,,memory_version_1,memory_version_1,1,instructions,Screen 2,rbq82w,2,continue,,9701.299999999974,9694.5,9701.299999999974,9701.299999999974,9694.5,9701.299999999974,1,9701.299999999974,0,0,,Click To Continue,Text,10,object-62,instructions,,,,,,,
4,1737125618297,17/01/2025 14:53:38,1737096818297,-8,16/01/2025 22:53:38,153647,19,task-x1rt,repeat-3dmk#3->-repeat-ku6w#1,42546923,BLIND,12413015,,complete,,678a60cb12c49300d3e8bc39,computer,Desktop or Laptop,Windows 10,Chrome 130.0.0.0,1920x1080,958x944,,,0,Memory Task (instr only),4,Inaccurate~Inaccurate~Accurate,1,Inaccurate~Inaccurate~Inaccurate~Accurate,,Accurate,,memory_version_1,memory_version_1,1,instructions,Screen 4,8hhdnx,3,continue,,3584.9999999999854,3581.2999999999956,3584.9999999999854,3584.9999999999854,3581.2999999999956,3584.9999999999854,1,3584.9999999999854,0,0,,Click To Continue,Continue Button,3,object-702,instructions,,,,,,,
5,1737125622938,17/01/2025 14:53:42,1737096822938,-8,16/01/2025 22:53:42,153647,19,task-x1rt,repeat-3dmk#3->-repeat-ku6w#1,42546923,BLIND,12413015,,complete,,678a60cb12c49300d3e8bc39,computer,Desktop or Laptop,Windows 10,Chrome 130.0.0.0,1920x1080,958x944,,,0,Memory Task (instr only),4,Inaccurate~Inaccurate~Accurate,1,Inaccurate~Inaccurate~Inaccurate~Accurate,,Accurate,,memory_version_1,memory_version_1,1,instructions,Screen 6,5bug7j,4,continue,,4644.9000000000015,4630.800000000003,4644.9000000000015,4644.9000000000015,4630.800000000003,4644.9000000000015,1,4644.9000000000015,0,0,,Click To Continue,Text,10,object-108,instructions,,,,,,,
6,1737125679077,17/01/2025 14:54:39,1737096879077,-8,16/01/2025 22:54:39,153647,19,task-x1rt,repeat-3dmk#3->-repeat-ku6w#1,42546923,BLIND,12413015,,complete,,678a60cb12c49300d3e8bc39,computer,Desktop or Laptop,Windows 10,Chrome 130.0.0.0,1920x1080,958x944,,,0,Memory Task (instr only),4,Inaccurate~Inaccurate~Accurate,1,Inaccurate~Inaccurate~Inaccurate~Accurate,,Accurate,,memory_version_1,memory_version_1,1,instructions,Screen 7,2p8goo,5,continue,,56152.30000000001,56135.700000000004,56152.30000000001,56152.30000000001,56135.700000000004,56152.30000000001,1,56152.30000000001,0,0,,Click To Continue,Text,4,object-123,instructions,,,,,,,
7,1737125679085,17/01/2025 14:54:39,1737096879085,-8,16/01/2025 22:54:39,153647,19,task-x1rt,repeat-3dmk#3->-repeat-ku6w#1,42546923,BLIND,12413015,,complete,,678a60cb12c49300d3e8bc39,computer,Desktop or Laptop,Windows 10,Chrome 130.0.0.0,1920x1080,958x944,,,0,Memory Task (instr only),4,Inaccurate~Inaccurate~Accurate,1,Inaccurate~Inaccurate~Inaccurate~Accurate,,Accurate,,memory_version_1,memory_version_1,,,,,,info,END,,,98873,,,,0,,,,,,,,,,,,,,,,
1,1737125754619,17/01/2025 14:55:54,1737107754619,-5,17/01/2025 04:55:54,153647,19,task-x1rt,repeat-3dmk#2->-repeat-ku6w#2,42547094,BLIND,12413025,,complete,,678a66cca6cbaaaa7143eefe,computer,Desktop or Laptop,Windows 10,Chrome 130.0.0.0,1920x1080,1205x944,,,0,Memory Task (instr only),4,Inaccurate~Accurate,1,Inaccurate~Accurate,,Inaccurate~Inaccurate~Inaccurate~Accurate,,memory_version_1,memory_version_1,,,,,,info,BEGIN,,,,,,,0,,,,,,,,,,,,,,,,
2,1737125760541,17/01/2025 14:56:00,1737107760541,-5,17/01/2025 04:56:00,153647,19,task-x1rt,repeat-3dmk#2->-repeat-ku6w#2,42547094,BLIND,12413025,,complete,,678a66cca6cbaaaa7143eefe,computer,Desktop or Laptop,Windows 10,Chrome 130.0.0.0,1920x1080,1205x944,,,0,Memory Task (instr only),4,Inaccurate~Accurate,1,Inaccurate~Accurate,,Inaccurate~Inaccurate~Inaccurate~Accurate,,memory_version_1,memory_version_1,1,instructions,Screen 1,9emqwl,1,continue,,5865.300000095367,5849.699999999999,5865.300000095367,5865.300000095367,5849.699999999999,5865.300000095367,1,5865.300000095367,0,0,,Click To Continue,Continue Button,2,object-4,instructions,,,,,,,
3,1737125764953,17/01/2025 14:56:04,1737107764953,-5,17/01/2025 04:56:04,153647,19,task-x1rt,repeat-3dmk#2->-repeat-ku6w#2,42547094,BLIND,12413025,,complete,,678a66cca6cbaaaa7143eefe,computer,Desktop or Laptop,Windows 10,Chrome 130.0.0.0,1920x1080,1205x944,,,0,Memory Task (instr only),4,Inaccurate~Accurate,1,Inaccurate~Accurate,,Inaccurate~Inaccurate~Inaccurate~Accurate,,memory_version_1,memory_version_1,1,instructions,Screen 2,rbq82w,2,continue,,4428.000000071526,4416.4000000000015,4428.000000071526,4428.000000071526,4416.4000000000015,4428.000000071526,1,4428.000000071526,0,0,,Click To Continue,Text,10,object-62,instructions,,,,,,,
4,1737125776523,17/01/2025 14:56:16,1737107776523,-5,17/01/2025 04:56:16,153647,19,task-x1rt,repeat-3dmk#2->-repeat-ku6w#2,42547094,BLIND,12413025,,complete,,678a66cca6cbaaaa7143eefe,computer,Desktop or Laptop,Windows 10,Chrome 130.0.0.0,1920x1080,1205x944,,,0,Memory Task (instr only),4,Inaccurate~Accurate,1,Inaccurate~Accurate,,Inaccurate~Inaccurate~Inaccurate~Accurate,,memory_version_1,memory_version_1,1,instructions,Screen 4,8hhdnx,3,continue,,11581.000000047683,11565.899999999998,11581.000000047683,11581.000000047683,11565.899999999998,11581.000000047683,1,11581.000000047683,0,0,,Click To Continue,Text,10,object-80,instructions,,,,,,,
5,1737125783012,17/01/2025 14:56:23,1737107783012,-5,17/01/2025 04:56:23,153647,19,task-x1rt,repeat-3dmk#2->-repeat-ku6w#2,42547094,BLIND,12413025,,complete,,678a66cca6cbaaaa7143eefe,computer,Desktop or Laptop,Windows 10,Chrome 130.0.0.0,1920x1080,1205x944,,,0,Memory Task (instr only),4,Inaccurate~Accurate,1,Inaccurate~Accurate,,Inaccurate~Inaccurate~Inaccurate~Accurate,,memory_version_1,memory_version_1,1,instructions,Screen 6,5bug7j,4,continue,,6504.000000023843,6499.800000000003,6504.000000023843,6504.000000023843,6499.800000000003,6504.000000023843,1,6504.000000023843,0,0,,Click To Continue,Text,10,object-108,instructions,,,,,,,
6,1737125808217,17/01/2025 14:56:48,1737107808217,-5,17/01/2025 04:56:48,153647,19,task-x1rt,repeat-3dmk#2->-repeat-ku6w#2,42547094,BLIND,12413025,,complete,,678a66cca6cbaaaa7143eefe,computer,Desktop or Laptop,Windows 10,Chrome 130.0.0.0,1920x1080,1205x944,,,0,Memory Task (instr only),4,Inaccurate~Accurate,1,Inaccurate~Accurate,,Inaccurate~Inaccurate~Inaccurate~Accurate,,memory_version_1,memory_version_1,1,instructions,Screen 7,2p8goo,5,continue,,25209.500000095366,25198.799999999996,25209.500000095366,25209.500000095366,25198.799999999996,25209.500000095366,1,25209.500000095366,0,0,,Click To Continue,Text,4,object-123,instructions,,,,,,,
7,1737125808221,17/01/2025 14:56:48,1737107808221,-5,17/01/2025 04:56:48,153647,19,task-x1rt,repeat-3dmk#2->-repeat-ku6w#2,42547094,BLIND,12413025,,complete,,678a66cca6cbaaaa7143eefe,computer,Desktop or Laptop,Windows 10,Chrome 130.0.0.0,1920x1080,1205x944,,,0,Memory Task (instr only),4,Inaccurate~Accurate,1,Inaccurate~Accurate,,Inaccurate~Inaccurate~Inaccurate~Accurate,,memory_version_1,memory_version_1,,,,,,info,END,,,53551,,,,0,,,,,,,,,,,,,,,,
1,1737125798349,17/01/2025 14:56:38,1737096998349,-8,16/01/2025 22:56:38,153647,19,task-x1rt,repeat-3dmk#3->-repeat-ku6w#2,42547122,BLIND,12413015,,complete,,678a60cb12c49300d3e8bc39,computer,Desktop or Laptop,Windows 10,Chrome 130.0.0.0,1920x1080,958x944,,,0,Memory Task (instr only),4,Inaccurate~Inaccurate~Accurate,1,Inaccurate~Inaccurate~Inaccurate~Accurate,,Accurate,,memory_version_1,memory_version_1,,,,,,info,BEGIN,,,,,,,0,,,,,,,,,,,,,,,,
2,1737125858448,17/01/2025 14:57:38,1737097058448,-8,16/01/2025 22:57:38,153647,19,task-x1rt,repeat-3dmk#3->-repeat-ku6w#2,42547122,BLIND,12413015,,complete,,678a60cb12c49300d3e8bc39,computer,Desktop or Laptop,Windows 10,Chrome 130.0.0.0,1920x1080,958x944,,,0,Memory Task (instr only),4,Inaccurate~Inaccurate~Accurate,1,Inaccurate~Inaccurate~Inaccurate~Accurate,,Accurate,,memory_version_1,memory_version_1,1,instructions,Screen 1,9emqwl,1,timedOut,,60003.6,60000.200000000004,60003.6,60003.6,60000.200000000004,60003.6,1,60003.6,0,0,,Time Limit,screen,0,screen,instructions,,,,,,,
3,1737125987541,17/01/2025 14:59:47,1737097187541,-8,16/01/2025 22:59:47,153647,19,task-x1rt,repeat-3dmk#3->-repeat-ku6w#2,42547122,BLIND,12413015,,complete,,678a60cb12c49300d3e8bc39,computer,Desktop or Laptop,Windows 10,Chrome 130.0.0.0,1920x1080,958x944,,,0,Memory Task (instr only),4,Inaccurate~Inaccurate~Accurate,1,Inaccurate~Inaccurate~Inaccurate~Accurate,,Accurate,,memory_version_1,memory_version_1,1,instructions,Screen 2,rbq82w,2,continue,,129095.1,129078.5,129095.1,129095.1,129078.5,129095.1,1,129095.1,0,0,,Click To Continue,Text,10,object-62,instructions,,,,,,,
4,1737125991124,17/01/2025 14:59:51,1737097191124,-8,16/01/2025 22:59:51,153647,19,task-x1rt,repeat-3dmk#3->-repeat-ku6w#2,42547122,BLIND,12413015,,complete,,678a60cb12c49300d3e8bc39,computer,Desktop or Laptop,Windows 10,Chrome 130.0.0.0,1920x1080,958x944,,,0,Memory Task (instr only),4,Inaccurate~Inaccurate~Accurate,1,Inaccurate~Inaccurate~Inaccurate~Accurate,,Accurate,,memory_version_1,memory_version_1,1,instructions,Screen 4,8hhdnx,3,continue,,3601.7000000000407,3598.1999999999825,3601.7000000000407,3601.7000000000407,3598.1999999999825,3601.7000000000407,1,3601.7000000000407,0,0,,Click To Continue,Text,10,object-80,instructions,,,,,,,
5,1737125994335,17/01/2025 14:59:54,1737097194335,-8,16/01/2025 22:59:54,153647,19,task-x1rt,repeat-3dmk#3->-repeat-ku6w#2,42547122,BLIND,12413015,,complete,,678a60cb12c49300d3e8bc39,computer,Desktop or Laptop,Windows 10,Chrome 130.0.0.0,1920x1080,958x944,,,0,Memory Task (instr only),4,Inaccurate~Inaccurate~Accurate,1,Inaccurate~Inaccurate~Inaccurate~Accurate,,Accurate,,memory_version_1,memory_version_1,1,instructions,Screen 6,5bug7j,4,continue,,3214.500000000058,3198.2000000000116,3214.500000000058,3214.500000000058,3198.2000000000116,3214.500000000058,1,3214.500000000058,0,0,,Click To Continue,Text,10,object-108,instructions,,,,,,,
6,1737125995439,17/01/2025 14:59:55,1737097195439,-8,16/01/2025 22:59:55,153647,19,task-x1rt,repeat-3dmk#3->-repeat-ku6w#2,42547122,BLIND,12413015,,complete,,678a60cb12c49300d3e8bc39,computer,Desktop or Laptop,Windows 10,Chrome 130.0.0.0,1920x1080,958x944,,,0,Memory Task (instr only),4,Inaccurate~Inaccurate~Accurate,1,Inaccurate~Inaccurate~Inaccurate~Accurate,,Accurate,,memory_version_1,memory_version_1,1,instructions,Screen 7,2p8goo,5,continue,,1119.5,1116.1000000000058,1119.5,1119.5,1116.1000000000058,1119.5,1,1119.5,0,0,,Click To Continue,Text,4,object-123,instructions,,,,,,,
7,1737125995442,17/01/2025 14:59:55,1737097195442,-8,16/01/2025 22:59:55,153647,19,task-x1rt,repeat-3dmk#3->-repeat-ku6w#2,42547122,BLIND,12413015,,complete,,678a60cb12c49300d3e8bc39,computer,Desktop or Laptop,Windows 10,Chrome 130.0.0.0,1920x1080,958x944,,,0,Memory Task (instr only),4,Inaccurate~Inaccurate~Accurate,1,Inaccurate~Inaccurate~Inaccurate~Accurate,,Accurate,,memory_version_1,memory_version_1,,,,,,info,END,,,197001,,,,0,,,,,,,,,,,,,,,,
1,1737126102496,17/01/2025 15:01:42,1737097302496,-8,16/01/2025 23:01:42,153647,19,task-x1rt,repeat-3dmk#3->-repeat-ku6w#3,42547384,BLIND,12413015,,complete,,678a60cb12c49300d3e8bc39,computer,Desktop or Laptop,Windows 10,Chrome 130.0.0.0,1920x1080,958x944,,,0,Memory Task (instr only),4,Inaccurate~Inaccurate~Accurate,1,Inaccurate~Inaccurate~Inaccurate~Accurate,,Accurate,,memory_version_1,memory_version_1,,,,,,info,BEGIN,,,,,,,0,,,,,,,,,,,,,,,,
2,1737126106264,17/01/2025 15:01:46,1737097306264,-8,16/01/2025 23:01:46,153647,19,task-x1rt,repeat-3dmk#3->-repeat-ku6w#3,42547384,BLIND,12413015,,complete,,678a60cb12c49300d3e8bc39,computer,Desktop or Laptop,Windows 10,Chrome 130.0.0.0,1920x1080,958x944,,,0,Memory Task (instr only),4,Inaccurate~Inaccurate~Accurate,1,Inaccurate~Inaccurate~Inaccurate~Accurate,,Accurate,,memory_version_1,memory_version_1,1,instructions,Screen 1,9emqwl,1,continue,,3537.4999999999764,3531.5,3537.4999999999764,3537.4999999999764,3531.5,3537.4999999999764,1,3537.4999999999764,0,0,,Click To Continue,Continue Button,2,object-4,instructions,,,,,,,
3,1737126127039,17/01/2025 15:02:07,1737097327039,-8,16/01/2025 23:02:07,153647,19,task-x1rt,repeat-3dmk#3->-repeat-ku6w#3,42547384,BLIND,12413015,,complete,,678a60cb12c49300d3e8bc39,computer,Desktop or Laptop,Windows 10,Chrome 130.0.0.0,1920x1080,958x944,,,0,Memory Task (instr only),4,Inaccurate~Inaccurate~Accurate,1,Inaccurate~Inaccurate~Inaccurate~Accurate,,Accurate,,memory_version_1,memory_version_1,1,instructions,Screen 2,rbq82w,2,continue,,20781.4,20771.800000000003,20781.4,20781.4,20771.800000000003,20781.4,1,20781.4,0,0,,Click To Continue,Text,10,object-62,instructions,,,,,,,
4,1737126130868,17/01/2025 15:02:10,1737097330868,-8,16/01/2025 23:02:10,153647,19,task-x1rt,repeat-3dmk#3->-repeat-ku6w#3,42547384,BLIND,12413015,,complete,,678a60cb12c49300d3e8bc39,computer,Desktop or Laptop,Windows 10,Chrome 130.0.0.0,1920x1080,958x944,,,0,Memory Task (instr only),4,Inaccurate~Inaccurate~Accurate,1,Inaccurate~Inaccurate~Inaccurate~Accurate,,Accurate,,memory_version_1,memory_version_1,1,instructions,Screen 4,8hhdnx,3,continue,,3839.5999999999985,3831.199999999997,3839.5999999999985,3839.5999999999985,3831.199999999997,3839.5999999999985,1,3839.5999999999985,0,0,,Click To Continue,Text,10,object-80,instructions,,,,,,,
5,1737126135009,17/01/2025 15:02:15,1737097335009,-8,16/01/2025 23:02:15,153647,19,task-x1rt,repeat-3dmk#3->-repeat-ku6w#3,42547384,BLIND,12413015,,complete,,678a60cb12c49300d3e8bc39,computer,Desktop or Laptop,Windows 10,Chrome 130.0.0.0,1920x1080,958x944,,,0,Memory Task (instr only),4,Inaccurate~Inaccurate~Accurate,1,Inaccurate~Inaccurate~Inaccurate~Accurate,,Accurate,,memory_version_1,memory_version_1,1,instructions,Screen 6,5bug7j,4,continue,,4147.799999999996,4131.0999999999985,4147.799999999996,4147.799999999996,4131.0999999999985,4147.799999999996,1,4147.799999999996,0,0,,Click To Continue,Text,10,object-108,instructions,,,,,,,
6,1737126139157,17/01/2025 15:02:19,1737097339157,-8,16/01/2025 23:02:19,153647,19,task-x1rt,repeat-3dmk#3->-repeat-ku6w#3,42547384,BLIND,12413015,,complete,,678a60cb12c49300d3e8bc39,computer,Desktop or Laptop,Windows 10,Chrome 130.0.0.0,1920x1080,958x944,,,0,Memory Task (instr only),4,Inaccurate~Inaccurate~Accurate,1,Inaccurate~Inaccurate~Inaccurate~Accurate,,Accurate,,memory_version_1,memory_version_1,1,instructions,Screen 7,2p8goo,5,continue,,4164.600000000006,4147.800000000003,4164.600000000006,4164.600000000006,4147.800000000003,4164.600000000006,1,4164.600000000006,0,0,,Click To Continue,Text,4,object-123,instructions,,,,,,,
7,1737126139165,17/01/2025 15:02:19,1737097339165,-8,16/01/2025 23:02:19,153647,19,task-x1rt,repeat-3dmk#3->-repeat-ku6w#3,42547384,BLIND,12413015,,complete,,678a60cb12c49300d3e8bc39,computer,Desktop or Laptop,Windows 10,Chrome 130.0.0.0,1920x1080,958x944,,,0,Memory Task (instr only),4,Inaccurate~Inaccurate~Accurate,1,Inaccurate~Inaccurate~Inaccurate~Accurate,,Accurate,,memory_version_1,memory_version_1,,,,,,info,END,,,36500,,,,0,,,,,,,,,,,,,,,,
1,1737126251854,17/01/2025 15:04:11,1737097451854,-8,16/01/2025 23:04:11,153647,19,task-x1rt,repeat-3dmk#3->-repeat-ku6w#4,42547531,BLIND,12413015,,complete,,678a60cb12c49300d3e8bc39,computer,Desktop or Laptop,Windows 10,Chrome 130.0.0.0,1920x1080,958x944,,,0,Memory Task (instr only),4,Inaccurate~Inaccurate~Accurate,1,Inaccurate~Inaccurate~Inaccurate~Accurate,,Accurate,,memory_version_1,memory_version_1,,,,,,info,BEGIN,,,,,,,0,,,,,,,,,,,,,,,,
2,1737126282302,17/01/2025 15:04:42,1737097482302,-8,16/01/2025 23:04:42,153647,19,task-x1rt,repeat-3dmk#3->-repeat-ku6w#4,42547531,BLIND,12413015,,complete,,678a60cb12c49300d3e8bc39,computer,Desktop or Laptop,Windows 10,Chrome 130.0.0.0,1920x1080,958x944,,,0,Memory Task (instr only),4,Inaccurate~Inaccurate~Accurate,1,Inaccurate~Inaccurate~Inaccurate~Accurate,,Accurate,,memory_version_1,memory_version_1,1,instructions,Screen 1,9emqwl,1,continue,,30341.399999999976,30333.399999999998,30341.399999999976,30341.399999999976,30333.399999999998,30341.399999999976,1,30341.399999999976,0,0,,Click To Continue,Continue Button,2,object-4,instructions,,,,,,,
3,1737126286515,17/01/2025 15:04:46,1737097486515,-8,16/01/2025 23:04:46,153647,19,task-x1rt,repeat-3dmk#3->-repeat-ku6w#4,42547531,BLIND,12413015,,complete,,678a60cb12c49300d3e8bc39,computer,Desktop or Laptop,Windows 10,Chrome 130.0.0.0,1920x1080,958x944,,,0,Memory Task (instr only),4,Inaccurate~Inaccurate~Accurate,1,Inaccurate~Inaccurate~Inaccurate~Accurate,,Accurate,,memory_version_1,memory_version_1,1,instructions,Screen 2,rbq82w,2,continue,,4221.600000000071,4214.300000000003,4221.600000000071,4221.600000000071,4214.300000000003,4221.600000000071,1,4221.600000000071,0,0,,Click To Continue,Continue Button,3,object-11,instructions,,,,,,,
4,1737126300423,17/01/2025 15:05:00,1737097500423,-8,16/01/2025 23:05:00,153647,19,task-x1rt,repeat-3dmk#3->-repeat-ku6w#4,42547531,BLIND,12413015,,complete,,678a60cb12c49300d3e8bc39,computer,Desktop or Laptop,Windows 10,Chrome 130.0.0.0,1920x1080,958x944,,,0,Memory Task (instr only),4,Inaccurate~Inaccurate~Accurate,1,Inaccurate~Inaccurate~Inaccurate~Accurate,,Accurate,,memory_version_1,memory_version_1,1,instructions,Screen 4,8hhdnx,3,continue,,13915.199999999975,13909,13915.199999999975,13915.199999999975,13909,13915.199999999975,1,13915.199999999975,0,0,,Click To Continue,Text,10,object-80,instructions,,,,,,,
5,1737126313828,17/01/2025 15:05:13,1737097513828,-8,16/01/2025 23:05:13,153647,19,task-x1rt,repeat-3dmk#3->-repeat-ku6w#4,42547531,BLIND,12413015,,complete,,678a60cb12c49300d3e8bc39,computer,Desktop or Laptop,Windows 10,Chrome 130.0.0.0,1920x1080,958x944,,,0,Memory Task (instr only),4,Inaccurate~Inaccurate~Accurate,1,Inaccurate~Inaccurate~Inaccurate~Accurate,,Accurate,,memory_version_1,memory_version_1,1,instructions,Screen 6,5bug7j,4,continue,,13408.999999999993,13392.499999999993,13408.999999999993,13408.999999999993,13392.499999999993,13408.999999999993,1,13408.999999999993,0,0,,Click To Continue,Text,10,object-108,instructions,,,,,,,
6,1737126317768,17/01/2025 15:05:17,1737097517768,-8,16/01/2025 23:05:17,153647,19,task-x1rt,repeat-3dmk#3->-repeat-ku6w#4,42547531,BLIND,12413015,,complete,,678a60cb12c49300d3e8bc39,computer,Desktop or Laptop,Windows 10,Chrome 130.0.0.0,1920x1080,958x944,,,0,Memory Task (instr only),4,Inaccurate~Inaccurate~Accurate,1,Inaccurate~Inaccurate~Inaccurate~Accurate,,Accurate,,memory_version_1,memory_version_1,1,instructions,Screen 7,2p8goo,5,continue,,3958.1999999999825,3947.9000000000087,3958.1999999999825,3958.1999999999825,3947.9000000000087,3958.1999999999825,1,3958.1999999999825,0,0,,Click To Continue,Text,4,object-123,instructions,,,,,,,
7,1737126317773,17/01/2025 15:05:17,1737097517773,-8,16/01/2025 23:05:17,153647,19,task-x1rt,repeat-3dmk#3->-repeat-ku6w#4,42547531,BLIND,12413015,,complete,,678a60cb12c49300d3e8bc39,computer,Desktop or Laptop,Windows 10,Chrome 130.0.0.0,1920x1080,958x944,,,0,Memory Task (instr only),4,Inaccurate~Inaccurate~Accurate,1,Inaccurate~Inaccurate~Inaccurate~Accurate,,Accurate,,memory_version_1,memory_version_1,,,,,,info,END,,,65822,,,,0,,,,,,,,,,,,,,,,
1,1737127327058,17/01/2025 15:22:07,1737109327058,-5,17/01/2025 05:22:07,153647,19,task-x1rt,repeat-3dmk#1->-repeat-ku6w#1,42548541,BLIND,12413414,,complete,,678a6570c65a3f4a8f58ab53,computer,Desktop or Laptop,Windows 10,Chrome 130.0.0.0,1920x1080,958x944,,,0,Memory Task (instr only),4,Accurate,1,Accurate,,Inaccurate~Accurate,,memory_version_1,memory_version_1,,,,,,info,BEGIN,,,,,,,0,,,,,,,,,,,,,,,,
2,1737127333221,17/01/2025 15:22:13,1737109333221,-5,17/01/2025 05:22:13,153647,19,task-x1rt,repeat-3dmk#1->-repeat-ku6w#1,42548541,BLIND,12413414,,complete,,678a6570c65a3f4a8f58ab53,computer,Desktop or Laptop,Windows 10,Chrome 130.0.0.0,1920x1080,958x944,,,0,Memory Task (instr only),4,Accurate,1,Accurate,,Inaccurate~Accurate,,memory_version_1,memory_version_1,1,instructions,Screen 1,9emqwl,1,continue,,13026.899999999907,13018.5,13026.899999999907,13026.899999999907,13018.5,13026.899999999907,1,13026.899999999907,0,0,,Click To Continue,Continue Button,2,object-4,instructions,,,,,,,
3,1737127335103,17/01/2025 15:22:15,1737109335103,-5,17/01/2025 05:22:15,153647,19,task-x1rt,repeat-3dmk#1->-repeat-ku6w#1,42548541,BLIND,12413414,,complete,,678a6570c65a3f4a8f58ab53,computer,Desktop or Laptop,Windows 10,Chrome 130.0.0.0,1920x1080,958x944,,,0,Memory Task (instr only),4,Accurate,1,Accurate,,Inaccurate~Accurate,,memory_version_1,memory_version_1,1,instructions,Screen 2,rbq82w,2,continue,,1890.0999999998603,1882.2000000000007,1890.0999999998603,1890.0999999998603,1882.2000000000007,1890.0999999998603,1,1890.0999999998603,0,0,,Click To Continue,Text,10,object-62,instructions,,,,,,,
4,1737127336328,17/01/2025 15:22:16,1737109336328,-5,17/01/2025 05:22:16,153647,19,task-x1rt,repeat-3dmk#1->-repeat-ku6w#1,42548541,BLIND,12413414,,complete,,678a6570c65a3f4a8f58ab53,computer,Desktop or Laptop,Windows 10,Chrome 130.0.0.0,1920x1080,958x944,,,0,Memory Task (instr only),4,Accurate,1,Accurate,,Inaccurate~Accurate,,memory_version_1,memory_version_1,1,instructions,Screen 4,8hhdnx,3,continue,,1232.8999999999978,1216.199999999999,1232.8999999999978,1232.8999999999978,1216.199999999999,1232.8999999999978,1,1232.8999999999978,0,0,,Click To Continue,Text,10,object-80,instructions,,,,,,,
5,1737127337319,17/01/2025 15:22:17,1737109337319,-5,17/01/2025 05:22:17,153647,19,task-x1rt,repeat-3dmk#1->-repeat-ku6w#1,42548541,BLIND,12413414,,complete,,678a6570c65a3f4a8f58ab53,computer,Desktop or Laptop,Windows 10,Chrome 130.0.0.0,1920x1080,958x944,,,0,Memory Task (instr only),4,Accurate,1,Accurate,,Inaccurate~Accurate,,memory_version_1,memory_version_1,1,instructions,Screen 6,5bug7j,4,continue,,1007.6999999998607,999.8999999999996,1007.6999999998607,1007.6999999998607,999.8999999999996,1007.6999999998607,1,1007.6999999998607,0,0,,Click To Continue,Text,10,object-108,instructions,,,,,,,
6,1737127338415,17/01/2025 15:22:18,1737109338415,-5,17/01/2025 05:22:18,153647,19,task-x1rt,repeat-3dmk#1->-repeat-ku6w#1,42548541,BLIND,12413414,,complete,,678a6570c65a3f4a8f58ab53,computer,Desktop or Laptop,Windows 10,Chrome 130.0.0.0,1920x1080,958x944,,,0,Memory Task (instr only),4,Accurate,1,Accurate,,Inaccurate~Accurate,,memory_version_1,memory_version_1,1,instructions,Screen 7,2p8goo,5,continue,,1104.4999999998145,1099,1104.4999999998145,1104.4999999998145,1099,1104.4999999998145,1,1104.4999999998145,0,0,,Click To Continue,Text,4,object-123,instructions,,,,,,,
7,1737127338425,17/01/2025 15:22:18,1737109338425,-5,17/01/2025 05:22:18,153647,19,task-x1rt,repeat-3dmk#1->-repeat-ku6w#1,42548541,BLIND,12413414,,complete,,678a6570c65a3f4a8f58ab53,computer,Desktop or Laptop,Windows 10,Chrome 130.0.0.0,1920x1080,958x944,,,0,Memory Task (instr only),4,Accurate,1,Accurate,,Inaccurate~Accurate,,memory_version_1,memory_version_1,,,,,,info,END,,,10971,,,,0,,,,,,,,,,,,,,,,
END OF FILE
