Event Index,UTC Timestamp,UTC Date and Time,Local Timestamp,Local Timezone,Local Date and Time,Experiment ID,Experiment Version,Tree Node Key,Repeat Key,Schedule ID,Participant Public ID,Participant Private ID,Participant Starting Group,Participant Status,Participant Completion Code,Participant External Session ID,Participant Device Type,Participant Device,Participant OS,Participant Browser,Participant Monitor Size,Participant Viewport Size,Checkpoint,Room ID,Room Order,Task Name,Task Version,branch-ck1c,randomiser-8rl3,branch-tpdd,branch-qy9p,branch-phuz,branch-3j3b,Spreadsheet,Current Spreadsheet,Trial Number,Display,Screen,Screen ID,Screen Counter,Response Type,Response,Onset Time,Clock Time,Reaction Time,Absolute Onset Time,Absolute Clock Time,Absolute Reaction Time,Correct,Response Onset,Response Duration,Proportion,Tag,Component Name,Object Name,Object Number,Object ID,Spreadsheet: display,Spreadsheet: answer,Spreadsheet: img,Spreadsheet: border,Spreadsheet: Screen,Manipulation: Spreadsheet,Store: Total,Store: correct
1,1736878913239,14/01/2025 18:21:53,1736857313239,-6,14/01/2025 06:21:53,153647,19,task-icdl,,42475052,BLIND,12393674,,complete,,6786aaf2bf26d11963bdaad8,computer,Desktop or Laptop,Windows 10,Chrome 131.0.0.0,1536x864,1536x695,,,0,Sustained Attention Task Instructions,14,Inaccurate~Inaccurate~Accurate,2,,Inaccurate~Accurate,,Inaccurate~Accurate,Sustained Attention Trials,Sustained Attention Trials,,,,,,info,BEGIN,,,,,,,0,,,,,,,,,,,,,,,,
2,1736878916260,14/01/2025 18:21:56,1736857316260,-6,14/01/2025 06:21:56,153647,19,task-icdl,,42475052,BLIND,12393674,,complete,,6786aaf2bf26d11963bdaad8,computer,Desktop or Laptop,Windows 10,Chrome 131.0.0.0,1536x864,1536x695,,,0,Sustained Attention Task Instructions,14,Inaccurate~Inaccurate~Accurate,2,,Inaccurate~Accurate,,Inaccurate~Accurate,Sustained Attention Trials,Sustained Attention Trials,1,instructions,Intro,3syeo3,1,continue,,3034.000000047684,3019.7,3034.000000047684,3034.000000047684,3019.7,3034.000000047684,1,3034.000000047684,0,0,,Click To Continue,Continue Button,2,object-56,instructions,,,,,,,
3,1736878916261,14/01/2025 18:21:56,1736857316261,-6,14/01/2025 06:21:56,153647,19,task-icdl,,42475052,BLIND,12393674,,complete,,6786aaf2bf26d11963bdaad8,computer,Desktop or Laptop,Windows 10,Chrome 131.0.0.0,1536x864,1536x695,,,0,Sustained Attention Task Instructions,14,Inaccurate~Inaccurate~Accurate,2,,Inaccurate~Accurate,,Inaccurate~Accurate,Sustained Attention Trials,Sustained Attention Trials,,,,,,info,END,,,3015,,,,0,,,,,,,,,,,,,,,,
1,1736878918916,14/01/2025 18:21:58,1736853718916,-7,14/01/2025 04:21:58,153647,19,task-icdl,,42475055,BLIND,12393678,,complete,,6786aaf3c6c15def4d8c582d,computer,Desktop or Laptop,Chromium OS 14541.0.0,Chrome 131.0.0.0,1920x1080,1920x959,,,0,Sustained Attention Task Instructions,14,Accurate,1,Inaccurate~Accurate,,Inaccurate~Accurate,,Sustained Attention Trials,Sustained Attention Trials,,,,,,info,BEGIN,,,,,,,0,,,,,,,,,,,,,,,,
2,1736878921229,14/01/2025 18:22:01,1736853721229,-7,14/01/2025 04:22:01,153647,19,task-icdl,,42475055,BLIND,12393678,,complete,,6786aaf3c6c15def4d8c582d,computer,Desktop or Laptop,Chromium OS 14541.0.0,Chrome 131.0.0.0,1920x1080,1920x959,,,0,Sustained Attention Task Instructions,14,Accurate,1,Inaccurate~Accurate,,Inaccurate~Accurate,,Sustained Attention Trials,Sustained Attention Trials,1,instructions,Intro,3syeo3,1,continue,,2323.5,2316.7,2323.5,2323.5,2316.7,2323.5,1,2323.5,0,0,,Click To Continue,Continue Button,2,object-56,instructions,,,,,,,
3,1736878921230,14/01/2025 18:22:01,1736853721230,-7,14/01/2025 04:22:01,153647,19,task-icdl,,42475055,BLIND,12393678,,complete,,6786aaf3c6c15def4d8c582d,computer,Desktop or Laptop,Chromium OS 14541.0.0,Chrome 131.0.0.0,1920x1080,1920x959,,,0,Sustained Attention Task Instructions,14,Accurate,1,Inaccurate~Accurate,,Inaccurate~Accurate,,Sustained Attention Trials,Sustained Attention Trials,,,,,,info,END,,,2294,,,,0,,,,,,,,,,,,,,,,
1,1736879139440,14/01/2025 18:25:39,1736850339440,-8,14/01/2025 02:25:39,153647,19,task-icdl,,42475240,BLIND,12393685,,complete,,6786aaf475daa490845831e6,computer,Desktop or Laptop,Windows 10,Chrome 130.0.0.0,1280x720,1280x593,,,0,Sustained Attention Task Instructions,14,Inaccurate~Inaccurate~Inaccurate~Accurate,1,Inaccurate~Inaccurate~Inaccurate~Accurate,,Inaccurate~Accurate,,Sustained Attention Trials,Sustained Attention Trials,,,,,,info,BEGIN,,,,,,,0,,,,,,,,,,,,,,,,
2,1736879144487,14/01/2025 18:25:44,1736850344487,-8,14/01/2025 02:25:44,153647,19,task-icdl,,42475240,BLIND,12393685,,complete,,6786aaf475daa490845831e6,computer,Desktop or Laptop,Windows 10,Chrome 130.0.0.0,1280x720,1280x593,,,0,Sustained Attention Task Instructions,14,Inaccurate~Inaccurate~Inaccurate~Accurate,1,Inaccurate~Inaccurate~Inaccurate~Accurate,,Inaccurate~Accurate,,Sustained Attention Trials,Sustained Attention Trials,1,instructions,Intro,3syeo3,1,continue,,5061.0999999996275,5045.4,5061.0999999996275,5061.0999999996275,5045.4,5061.0999999996275,1,5061.0999999996275,0,0,,Click To Continue,Continue Button,2,object-56,instructions,,,,,,,
3,1736879144498,14/01/2025 18:25:44,1736850344498,-8,14/01/2025 02:25:44,153647,19,task-icdl,,42475240,BLIND,12393685,,complete,,6786aaf475daa490845831e6,computer,Desktop or Laptop,Windows 10,Chrome 130.0.0.0,1280x720,1280x593,,,0,Sustained Attention Task Instructions,14,Inaccurate~Inaccurate~Inaccurate~Accurate,1,Inaccurate~Inaccurate~Inaccurate~Accurate,,Inaccurate~Accurate,,Sustained Attention Trials,Sustained Attention Trials,,,,,,info,END,,,5035,,,,0,,,,,,,,,,,,,,,,
1,1736879163953,14/01/2025 18:26:03,1736861163953,-5,14/01/2025 08:26:03,153647,19,task-icdl,,42475264,BLIND,12393689,,complete,,6786aaf5a728d9311a5fb18e,computer,Desktop or Laptop,Mac OS 10.15.7,Chrome 131.0.0.0,1440x900,723x717,,,0,Sustained Attention Task Instructions,14,Inaccurate~Accurate,1,Inaccurate~Inaccurate~Inaccurate~Accurate,,Inaccurate~Inaccurate~Accurate,,Sustained Attention Trials,Sustained Attention Trials,,,,,,info,BEGIN,,,,,,,0,,,,,,,,,,,,,,,,
2,1736879170573,14/01/2025 18:26:10,1736861170573,-5,14/01/2025 08:26:10,153647,19,task-icdl,,42475264,BLIND,12393689,,complete,,6786aaf5a728d9311a5fb18e,computer,Desktop or Laptop,Mac OS 10.15.7,Chrome 131.0.0.0,1440x900,723x717,,,0,Sustained Attention Task Instructions,14,Inaccurate~Accurate,1,Inaccurate~Inaccurate~Inaccurate~Accurate,,Inaccurate~Inaccurate~Accurate,,Sustained Attention Trials,Sustained Attention Trials,1,instructions,Intro,3syeo3,1,continue,,6633.4,6616.799999999999,6633.4,6633.4,6616.799999999999,6633.4,1,6633.4,0,0,,Click To Continue,Continue Button,2,object-56,instructions,,,,,,,
3,1736879170574,14/01/2025 18:26:10,1736861170574,-5,14/01/2025 08:26:10,153647,19,task-icdl,,42475264,BLIND,12393689,,complete,,6786aaf5a728d9311a5fb18e,computer,Desktop or Laptop,Mac OS 10.15.7,Chrome 131.0.0.0,1440x900,723x717,,,0,Sustained Attention Task Instructions,14,Inaccurate~Accurate,1,Inaccurate~Inaccurate~Inaccurate~Accurate,,Inaccurate~Inaccurate~Accurate,,Sustained Attention Trials,Sustained Attention Trials,,,,,,info,END,,,6612,,,,0,,,,,,,,,,,,,,,,
1,1736879169003,14/01/2025 18:26:09,1736857569003,-6,14/01/2025 06:26:09,153647,19,task-icdl,,42475267,BLIND,12393714,,complete,,6786ab72b72bf916222339d8,computer,Desktop or Laptop,Windows 10,Chrome 131.0.0.0,1366x768,1707x813,,,0,Sustained Attention Task Instructions,14,Inaccurate~Accurate,1,Accurate,,Inaccurate~Inaccurate~Accurate,,Sustained Attention Trials,Sustained Attention Trials,,,,,,info,BEGIN,,,,,,,0,,,,,,,,,,,,,,,,
2,1736879170885,14/01/2025 18:26:10,1736857570885,-6,14/01/2025 06:26:10,153647,19,task-icdl,,42475267,BLIND,12393714,,complete,,6786ab72b72bf916222339d8,computer,Desktop or Laptop,Windows 10,Chrome 131.0.0.0,1366x768,1707x813,,,0,Sustained Attention Task Instructions,14,Inaccurate~Accurate,1,Accurate,,Inaccurate~Inaccurate~Accurate,,Sustained Attention Trials,Sustained Attention Trials,1,instructions,Intro,3syeo3,1,continue,,1893.052000000001,1876.3520000000003,1893.052000000001,1893.052000000001,1876.3520000000003,1893.052000000001,1,1893.052000000001,0,0,,Click To Continue,Continue Button,2,object-56,instructions,,,,,,,
3,1736879170887,14/01/2025 18:26:10,1736857570887,-6,14/01/2025 06:26:10,153647,19,task-icdl,,42475267,BLIND,12393714,,complete,,6786ab72b72bf916222339d8,computer,Desktop or Laptop,Windows 10,Chrome 131.0.0.0,1366x768,1707x813,,,0,Sustained Attention Task Instructions,14,Inaccurate~Accurate,1,Accurate,,Inaccurate~Inaccurate~Accurate,,Sustained Attention Trials,Sustained Attention Trials,,,,,,info,END,,,1863,,,,0,,,,,,,,,,,,,,,,
1,1736879180614,14/01/2025 18:26:20,1736861180614,-5,14/01/2025 08:26:20,153647,19,task-icdl,,42475279,BLIND,12393679,,complete,,6786aaf1c687d16642ca5e57,computer,Desktop or Laptop,Mac OS 10.15.7,Chrome 131.0.0.0,1440x900,1440x713,,,0,Sustained Attention Task Instructions,14,Inaccurate~Accurate,2,,Inaccurate~Accurate,,Inaccurate~Inaccurate~Accurate,Sustained Attention Trials,Sustained Attention Trials,,,,,,info,BEGIN,,,,,,,0,,,,,,,,,,,,,,,,
2,1736879181890,14/01/2025 18:26:21,1736861181890,-5,14/01/2025 08:26:21,153647,19,task-icdl,,42475279,BLIND,12393679,,complete,,6786aaf1c687d16642ca5e57,computer,Desktop or Laptop,Mac OS 10.15.7,Chrome 131.0.0.0,1440x900,1440x713,,,0,Sustained Attention Task Instructions,14,Inaccurate~Accurate,2,,Inaccurate~Accurate,,Inaccurate~Inaccurate~Accurate,Sustained Attention Trials,Sustained Attention Trials,1,instructions,Intro,3syeo3,1,continue,,1282,1266.6999999999998,1282,1282,1266.6999999999998,1282,1,1282,0,0,,Click To Continue,Continue Button,2,object-56,instructions,,,,,,,
3,1736879181891,14/01/2025 18:26:21,1736861181891,-5,14/01/2025 08:26:21,153647,19,task-icdl,,42475279,BLIND,12393679,,complete,,6786aaf1c687d16642ca5e57,computer,Desktop or Laptop,Mac OS 10.15.7,Chrome 131.0.0.0,1440x900,1440x713,,,0,Sustained Attention Task Instructions,14,Inaccurate~Accurate,2,,Inaccurate~Accurate,,Inaccurate~Inaccurate~Accurate,Sustained Attention Trials,Sustained Attention Trials,,,,,,info,END,,,1268,,,,0,,,,,,,,,,,,,,,,
1,1736882398064,14/01/2025 19:19:58,1736864398064,-5,14/01/2025 09:19:58,153647,19,task-icdl,,42476805,BLIND,12394110,,complete,,6786b88e9b07a3cf8cb8ce6c,computer,Desktop or Laptop,Windows 10,Chrome 109.0.0.0,1536x864,1396x657,,,0,Sustained Attention Task Instructions,14,Inaccurate~Inaccurate~Accurate,1,Inaccurate~Inaccurate~Inaccurate~Accurate,,Inaccurate~Inaccurate~Accurate,,Sustained Attention Trials,Sustained Attention Trials,,,,,,info,BEGIN,,,,,,,0,,,,,,,,,,,,,,,,
2,1736882399743,14/01/2025 19:19:59,1736864399743,-5,14/01/2025 09:19:59,153647,19,task-icdl,,42476805,BLIND,12394110,,complete,,6786b88e9b07a3cf8cb8ce6c,computer,Desktop or Laptop,Windows 10,Chrome 109.0.0.0,1536x864,1396x657,,,0,Sustained Attention Task Instructions,14,Inaccurate~Inaccurate~Accurate,1,Inaccurate~Inaccurate~Inaccurate~Accurate,,Inaccurate~Inaccurate~Accurate,,Sustained Attention Trials,Sustained Attention Trials,1,instructions,Intro,3syeo3,1,continue,,1693.4030000029802,1683.4969999999998,1693.4030000029802,1693.4030000029802,1683.4969999999998,1693.4030000029802,1,1693.4030000029802,0,0,,Click To Continue,Continue Button,2,object-56,instructions,,,,,,,
3,1736882399745,14/01/2025 19:19:59,1736864399745,-5,14/01/2025 09:19:59,153647,19,task-icdl,,42476805,BLIND,12394110,,complete,,6786b88e9b07a3cf8cb8ce6c,computer,Desktop or Laptop,Windows 10,Chrome 109.0.0.0,1536x864,1396x657,,,0,Sustained Attention Task Instructions,14,Inaccurate~Inaccurate~Accurate,1,Inaccurate~Inaccurate~Inaccurate~Accurate,,Inaccurate~Inaccurate~Accurate,,Sustained Attention Trials,Sustained Attention Trials,,,,,,info,END,,,1666,,,,0,,,,,,,,,,,,,,,,
1,1736882447993,14/01/2025 19:20:47,1736857247993,-7,14/01/2025 05:20:47,153647,19,task-icdl,,42476829,BLIND,12394117,,complete,,6786b88c21935c1142b8c319,computer,Desktop or Laptop,Windows 10,Chrome 131.0.0.0,1536x960,1536x791,,,0,Sustained Attention Task Instructions,14,Inaccurate~Inaccurate~Inaccurate~Accurate,1,Inaccurate~Inaccurate~Accurate,,Inaccurate~Accurate,,Sustained Attention Trials,Sustained Attention Trials,,,,,,info,BEGIN,,,,,,,0,,,,,,,,,,,,,,,,
2,1736882449628,14/01/2025 19:20:49,1736857249628,-7,14/01/2025 05:20:49,153647,19,task-icdl,,42476829,BLIND,12394117,,complete,,6786b88c21935c1142b8c319,computer,Desktop or Laptop,Windows 10,Chrome 131.0.0.0,1536x960,1536x791,,,0,Sustained Attention Task Instructions,14,Inaccurate~Inaccurate~Inaccurate~Accurate,1,Inaccurate~Inaccurate~Accurate,,Inaccurate~Accurate,,Sustained Attention Trials,Sustained Attention Trials,1,instructions,Intro,3syeo3,1,continue,,1645.259999988079,1638.8600000000001,1645.259999988079,1645.259999988079,1638.8600000000001,1645.259999988079,1,1645.259999988079,0,0,,Click To Continue,Continue Button,2,object-56,instructions,,,,,,,
3,1736882449629,14/01/2025 19:20:49,1736857249629,-7,14/01/2025 05:20:49,153647,19,task-icdl,,42476829,BLIND,12394117,,complete,,6786b88c21935c1142b8c319,computer,Desktop or Laptop,Windows 10,Chrome 131.0.0.0,1536x960,1536x791,,,0,Sustained Attention Task Instructions,14,Inaccurate~Inaccurate~Inaccurate~Accurate,1,Inaccurate~Inaccurate~Accurate,,Inaccurate~Accurate,,Sustained Attention Trials,Sustained Attention Trials,,,,,,info,END,,,1624,,,,0,,,,,,,,,,,,,,,,
1,1736882572376,14/01/2025 19:22:52,1736864572376,-5,14/01/2025 09:22:52,153647,19,task-icdl,,42476888,BLIND,12394123,,complete,,6786b88a4d0bfe33f50c2a24,computer,Desktop or Laptop,Windows 10,Chrome 131.0.0.0,1536x864,1536x695,,,0,Sustained Attention Task Instructions,14,Accurate,2,,Accurate,,Inaccurate~Accurate,Sustained Attention Trials,Sustained Attention Trials,,,,,,info,BEGIN,,,,,,,0,,,,,,,,,,,,,,,,
2,1736882573499,14/01/2025 19:22:53,1736864573499,-5,14/01/2025 09:22:53,153647,19,task-icdl,,42476888,BLIND,12394123,,complete,,6786b88a4d0bfe33f50c2a24,computer,Desktop or Laptop,Windows 10,Chrome 131.0.0.0,1536x864,1536x695,,,0,Sustained Attention Task Instructions,14,Accurate,2,,Accurate,,Inaccurate~Accurate,Sustained Attention Trials,Sustained Attention Trials,1,instructions,Intro,3syeo3,1,continue,,1143.5,1133.3000000000002,1143.5,1143.5,1133.3000000000002,1143.5,1,1143.5,0,0,,Click To Continue,Continue Button,2,object-56,instructions,,,,,,,
3,1736882573500,14/01/2025 19:22:53,1736864573500,-5,14/01/2025 09:22:53,153647,19,task-icdl,,42476888,BLIND,12394123,,complete,,6786b88a4d0bfe33f50c2a24,computer,Desktop or Laptop,Windows 10,Chrome 131.0.0.0,1536x864,1536x695,,,0,Sustained Attention Task Instructions,14,Accurate,2,,Accurate,,Inaccurate~Accurate,Sustained Attention Trials,Sustained Attention Trials,,,,,,info,END,,,1116,,,,0,,,,,,,,,,,,,,,,
1,1736882582598,14/01/2025 19:23:02,1736864582598,-5,14/01/2025 09:23:02,153647,19,task-icdl,,42476892,BLIND,12394126,,complete,,6786b92a927bff134b80246d,computer,Desktop or Laptop,Mac OS 10.15.7,Chrome 131.0.0.0,1517x871,1512x863,,,0,Sustained Attention Task Instructions,14,Inaccurate~Accurate,2,,Inaccurate~Inaccurate~Accurate,,Inaccurate~Accurate,Sustained Attention Trials,Sustained Attention Trials,,,,,,info,BEGIN,,,,,,,0,,,,,,,,,,,,,,,,
2,1736882596232,14/01/2025 19:23:16,1736864596232,-5,14/01/2025 09:23:16,153647,19,task-icdl,,42476892,BLIND,12394126,,complete,,6786b92a927bff134b80246d,computer,Desktop or Laptop,Mac OS 10.15.7,Chrome 131.0.0.0,1517x871,1512x863,,,0,Sustained Attention Task Instructions,14,Inaccurate~Accurate,2,,Inaccurate~Inaccurate~Accurate,,Inaccurate~Accurate,Sustained Attention Trials,Sustained Attention Trials,1,instructions,Intro,3syeo3,1,continue,,13646.09400000596,13641.094,13646.09400000596,13646.09400000596,13641.094,13646.09400000596,1,13646.09400000596,0,0,,Click To Continue,Continue Button,2,object-56,instructions,,,,,,,
3,1736882596237,14/01/2025 19:23:16,1736864596237,-5,14/01/2025 09:23:16,153647,19,task-icdl,,42476892,BLIND,12394126,,complete,,6786b92a927bff134b80246d,computer,Desktop or Laptop,Mac OS 10.15.7,Chrome 131.0.0.0,1517x871,1512x863,,,0,Sustained Attention Task Instructions,14,Inaccurate~Accurate,2,,Inaccurate~Inaccurate~Accurate,,Inaccurate~Accurate,Sustained Attention Trials,Sustained Attention Trials,,,,,,info,END,,,13631,,,,0,,,,,,,,,,,,,,,,
1,1736882716031,14/01/2025 19:25:16,1736864716031,-5,14/01/2025 09:25:16,153647,19,task-icdl,,42476957,BLIND,12394116,,complete,,6786b891c88050051b38c208,computer,Desktop or Laptop,Windows 10,Chrome 131.0.0.0,1536x960,1021x490,,,0,Sustained Attention Task Instructions,14,Inaccurate~Inaccurate~Accurate,2,,Inaccurate~Inaccurate~Accurate,,Inaccurate~Accurate,Sustained Attention Trials,Sustained Attention Trials,,,,,,info,BEGIN,,,,,,,0,,,,,,,,,,,,,,,,
2,1736883172786,14/01/2025 19:32:52,1736865172786,-5,14/01/2025 09:32:52,153647,19,task-icdl,,42476957,BLIND,12394116,,complete,,6786b891c88050051b38c208,computer,Desktop or Laptop,Windows 10,Chrome 131.0.0.0,1536x960,1021x490,,,0,Sustained Attention Task Instructions,14,Inaccurate~Inaccurate~Accurate,2,,Inaccurate~Inaccurate~Accurate,,Inaccurate~Accurate,Sustained Attention Trials,Sustained Attention Trials,1,instructions,Intro,3syeo3,1,continue,,461724.9000000004,461721.8,461724.9000000004,461724.9000000004,461721.8,461724.9000000004,1,461724.9000000004,0,0,,Click To Continue,Continue Button,2,object-56,instructions,,,,,,,
3,1736883172789,14/01/2025 19:32:52,1736865172789,-5,14/01/2025 09:32:52,153647,19,task-icdl,,42476957,BLIND,12394116,,complete,,6786b891c88050051b38c208,computer,Desktop or Laptop,Windows 10,Chrome 131.0.0.0,1536x960,1021x490,,,0,Sustained Attention Task Instructions,14,Inaccurate~Inaccurate~Accurate,2,,Inaccurate~Inaccurate~Accurate,,Inaccurate~Accurate,Sustained Attention Trials,Sustained Attention Trials,,,,,,info,END,,,456752,,,,0,,,,,,,,,,,,,,,,
1,1736883238521,14/01/2025 19:33:58,1736854438521,-8,14/01/2025 03:33:58,153647,19,task-icdl,,42477174,BLIND,12394189,,complete,,6786bb6b4357b722adcce5fe,computer,Desktop or Laptop,Windows 10,Chrome 131.0.0.0,1536x864,767x730,,,0,Sustained Attention Task Instructions,14,Inaccurate~Accurate,2,,Inaccurate~Inaccurate~Accurate,,Accurate,Sustained Attention Trials,Sustained Attention Trials,,,,,,info,BEGIN,,,,,,,0,,,,,,,,,,,,,,,,
2,1736883241047,14/01/2025 19:34:01,1736854441047,-8,14/01/2025 03:34:01,153647,19,task-icdl,,42477174,BLIND,12394189,,complete,,6786bb6b4357b722adcce5fe,computer,Desktop or Laptop,Windows 10,Chrome 131.0.0.0,1536x864,767x730,,,0,Sustained Attention Task Instructions,14,Inaccurate~Accurate,2,,Inaccurate~Inaccurate~Accurate,,Accurate,Sustained Attention Trials,Sustained Attention Trials,1,instructions,Intro,3syeo3,1,continue,,2553.938,2550.138000000001,2553.938,2553.938,2550.138000000001,2553.938,1,2553.938,0,0,,Click To Continue,Continue Button,2,object-56,instructions,,,,,,,
3,1736883241052,14/01/2025 19:34:01,1736854441052,-8,14/01/2025 03:34:01,153647,19,task-icdl,,42477174,BLIND,12394189,,complete,,6786bb6b4357b722adcce5fe,computer,Desktop or Laptop,Windows 10,Chrome 131.0.0.0,1536x864,767x730,,,0,Sustained Attention Task Instructions,14,Inaccurate~Accurate,2,,Inaccurate~Inaccurate~Accurate,,Accurate,Sustained Attention Trials,Sustained Attention Trials,,,,,,info,END,,,2508,,,,0,,,,,,,,,,,,,,,,
1,1736884465609,14/01/2025 19:54:25,1736866465609,-5,14/01/2025 09:54:25,153647,19,task-icdl,,42477774,BLIND,12394289,,complete,,6786c08910cbde643ac97098,computer,Desktop or Laptop,Windows 10,Chrome 131.0.0.0,1536x864,1536x695,,,0,Sustained Attention Task Instructions,14,Inaccurate~Inaccurate~Inaccurate~Accurate,1,Inaccurate~Accurate,,Inaccurate~Accurate,,Sustained Attention Trials,Sustained Attention Trials,,,,,,info,BEGIN,,,,,,,0,,,,,,,,,,,,,,,,
2,1736884467811,14/01/2025 19:54:27,1736866467811,-5,14/01/2025 09:54:27,153647,19,task-icdl,,42477774,BLIND,12394289,,complete,,6786c08910cbde643ac97098,computer,Desktop or Laptop,Windows 10,Chrome 131.0.0.0,1536x864,1536x695,,,0,Sustained Attention Task Instructions,14,Inaccurate~Inaccurate~Inaccurate~Accurate,1,Inaccurate~Accurate,,Inaccurate~Accurate,,Sustained Attention Trials,Sustained Attention Trials,1,instructions,Intro,3syeo3,1,continue,,3847.4000000953674,3842.8,3847.4000000953674,3847.4000000953674,3842.8,3847.4000000953674,1,3847.4000000953674,0,0,,Click To Continue,Continue Button,2,object-56,instructions,,,,,,,
3,1736884467811,14/01/2025 19:54:27,1736866467811,-5,14/01/2025 09:54:27,153647,19,task-icdl,,42477774,BLIND,12394289,,complete,,6786c08910cbde643ac97098,computer,Desktop or Laptop,Windows 10,Chrome 131.0.0.0,1536x864,1536x695,,,0,Sustained Attention Task Instructions,14,Inaccurate~Inaccurate~Inaccurate~Accurate,1,Inaccurate~Accurate,,Inaccurate~Accurate,,Sustained Attention Trials,Sustained Attention Trials,,,,,,info,END,,,2198,,,,0,,,,,,,,,,,,,,,,
1,1736884766985,14/01/2025 19:59:26,1736859566985,-7,14/01/2025 05:59:26,153647,19,task-icdl,,42477900,BLIND,12394317,,complete,,6786c1b2e6554859012aa871,computer,Desktop or Laptop,Windows 10,Chrome 131.0.0.0,1366x768,780x347,,,0,Sustained Attention Task Instructions,14,Inaccurate~Accurate,2,,Accurate,,Inaccurate~Inaccurate~Accurate,Sustained Attention Trials,Sustained Attention Trials,,,,,,info,BEGIN,,,,,,,0,,,,,,,,,,,,,,,,
2,1736884768964,14/01/2025 19:59:28,1736859568964,-7,14/01/2025 05:59:28,153647,19,task-icdl,,42477900,BLIND,12394317,,complete,,6786c1b2e6554859012aa871,computer,Desktop or Laptop,Windows 10,Chrome 131.0.0.0,1366x768,780x347,,,0,Sustained Attention Task Instructions,14,Inaccurate~Accurate,2,,Accurate,,Inaccurate~Inaccurate~Accurate,Sustained Attention Trials,Sustained Attention Trials,1,instructions,Intro,3syeo3,1,continue,,1989.099999976158,1980.0999999999995,1989.099999976158,1989.099999976158,1980.0999999999995,1989.099999976158,1,1989.099999976158,0,0,,Click To Continue,Continue Button,2,object-56,instructions,,,,,,,
3,1736884768964,14/01/2025 19:59:28,1736859568964,-7,14/01/2025 05:59:28,153647,19,task-icdl,,42477900,BLIND,12394317,,complete,,6786c1b2e6554859012aa871,computer,Desktop or Laptop,Windows 10,Chrome 131.0.0.0,1366x768,780x347,,,0,Sustained Attention Task Instructions,14,Inaccurate~Accurate,2,,Accurate,,Inaccurate~Inaccurate~Accurate,Sustained Attention Trials,Sustained Attention Trials,,,,,,info,END,,,1970,,,,0,,,,,,,,,,,,,,,,
1,1736886243410,14/01/2025 20:24:03,1736857443410,-8,14/01/2025 04:24:03,153647,19,task-icdl,,42478518,BLIND,12394411,,complete,,6786c6956d0041c89532821f,computer,Desktop or Laptop,Mac OS 10.15,Firefox 134.0,1920x1200,1865x1041,,,0,Sustained Attention Task Instructions,14,Inaccurate~Accurate,1,Inaccurate~Accurate,,Inaccurate~Accurate,,Sustained Attention Trials,Sustained Attention Trials,,,,,,info,BEGIN,,,,,,,0,,,,,,,,,,,,,,,,
2,1736886246356,14/01/2025 20:24:06,1736857446356,-8,14/01/2025 04:24:06,153647,19,task-icdl,,42478518,BLIND,12394411,,complete,,6786c6956d0041c89532821f,computer,Desktop or Laptop,Mac OS 10.15,Firefox 134.0,1920x1200,1865x1041,,,0,Sustained Attention Task Instructions,14,Inaccurate~Accurate,1,Inaccurate~Accurate,,Inaccurate~Accurate,,Sustained Attention Trials,Sustained Attention Trials,1,instructions,Intro,3syeo3,1,continue,,2955.98,2949.2400000000002,2955.98,2955.98,2949.2400000000002,2955.98,1,2955.98,0,0,,Click To Continue,Continue Button,2,object-56,instructions,,,,,,,
3,1736886246358,14/01/2025 20:24:06,1736857446358,-8,14/01/2025 04:24:06,153647,19,task-icdl,,42478518,BLIND,12394411,,complete,,6786c6956d0041c89532821f,computer,Desktop or Laptop,Mac OS 10.15,Firefox 134.0,1920x1200,1865x1041,,,0,Sustained Attention Task Instructions,14,Inaccurate~Accurate,1,Inaccurate~Accurate,,Inaccurate~Accurate,,Sustained Attention Trials,Sustained Attention Trials,,,,,,info,END,,,2933,,,,0,,,,,,,,,,,,,,,,
1,1736886720525,14/01/2025 20:32:00,1736865120525,-6,14/01/2025 08:32:00,153647,19,task-icdl,,42478730,BLIND,12394465,,complete,,6786c883480d31c2b71c40f3,computer,Desktop or Laptop,Windows 10,Chrome 131.0.0.0,1536x864,1536x776,,,0,Sustained Attention Task Instructions,14,Inaccurate~Inaccurate~Inaccurate~Accurate,1,Inaccurate~Inaccurate~Inaccurate~Accurate,,Inaccurate~Inaccurate~Inaccurate~Inaccurate~Accurate,,Sustained Attention Trials,Sustained Attention Trials,,,,,,info,BEGIN,,,,,,,0,,,,,,,,,,,,,,,,
2,1736886722856,14/01/2025 20:32:02,1736865122856,-6,14/01/2025 08:32:02,153647,19,task-icdl,,42478730,BLIND,12394465,,complete,,6786c883480d31c2b71c40f3,computer,Desktop or Laptop,Windows 10,Chrome 131.0.0.0,1536x864,1536x776,,,0,Sustained Attention Task Instructions,14,Inaccurate~Inaccurate~Inaccurate~Accurate,1,Inaccurate~Inaccurate~Inaccurate~Accurate,,Inaccurate~Inaccurate~Inaccurate~Inaccurate~Accurate,,Sustained Attention Trials,Sustained Attention Trials,1,instructions,Intro,3syeo3,1,continue,,2347.8340000000007,2331.3340000000007,2347.8340000000007,2347.8340000000007,2331.3340000000007,2347.8340000000007,1,2347.8340000000007,0,0,,Click To Continue,Continue Button,2,object-56,instructions,,,,,,,
3,1736886722859,14/01/2025 20:32:02,1736865122859,-6,14/01/2025 08:32:02,153647,19,task-icdl,,42478730,BLIND,12394465,,complete,,6786c883480d31c2b71c40f3,computer,Desktop or Laptop,Windows 10,Chrome 131.0.0.0,1536x864,1536x776,,,0,Sustained Attention Task Instructions,14,Inaccurate~Inaccurate~Inaccurate~Accurate,1,Inaccurate~Inaccurate~Inaccurate~Accurate,,Inaccurate~Inaccurate~Inaccurate~Inaccurate~Accurate,,Sustained Attention Trials,Sustained Attention Trials,,,,,,info,END,,,2322,,,,0,,,,,,,,,,,,,,,,
1,1736886781279,14/01/2025 20:33:01,1736868781279,-5,14/01/2025 10:33:01,153647,19,task-icdl,,42478754,BLIND,12394470,,complete,,6786c8fb6d0041c89532830f,computer,Desktop or Laptop,Windows 10,Chrome 131.0.0.0,1280x720,1280x585,,,0,Sustained Attention Task Instructions,14,Inaccurate~Inaccurate~Accurate,2,,Inaccurate~Accurate,,Accurate,Sustained Attention Trials,Sustained Attention Trials,,,,,,info,BEGIN,,,,,,,0,,,,,,,,,,,,,,,,
2,1736886784215,14/01/2025 20:33:04,1736868784215,-5,14/01/2025 10:33:04,153647,19,task-icdl,,42478754,BLIND,12394470,,complete,,6786c8fb6d0041c89532830f,computer,Desktop or Laptop,Windows 10,Chrome 131.0.0.0,1280x720,1280x585,,,0,Sustained Attention Task Instructions,14,Inaccurate~Inaccurate~Accurate,2,,Inaccurate~Accurate,,Accurate,Sustained Attention Trials,Sustained Attention Trials,1,instructions,Intro,3syeo3,1,continue,,2951.312,2945.2119999999995,2951.312,2951.312,2945.2119999999995,2951.312,1,2951.312,0,0,,Click To Continue,Continue Button,2,object-56,instructions,,,,,,,
3,1736886784217,14/01/2025 20:33:04,1736868784217,-5,14/01/2025 10:33:04,153647,19,task-icdl,,42478754,BLIND,12394470,,complete,,6786c8fb6d0041c89532830f,computer,Desktop or Laptop,Windows 10,Chrome 131.0.0.0,1280x720,1280x585,,,0,Sustained Attention Task Instructions,14,Inaccurate~Inaccurate~Accurate,2,,Inaccurate~Accurate,,Accurate,Sustained Attention Trials,Sustained Attention Trials,,,,,,info,END,,,2919,,,,0,,,,,,,,,,,,,,,,
1,1736886872446,14/01/2025 20:34:32,1736858072446,-8,14/01/2025 04:34:32,153647,19,task-icdl,,42478809,BLIND,12394468,,complete,,6786c8fb7e4f7019ff80b574,computer,Desktop or Laptop,Windows 10,Chrome 131.0.0.0,1920x1080,1920x991,,,0,Sustained Attention Task Instructions,14,Inaccurate~Inaccurate~Accurate,1,Inaccurate~Inaccurate~Accurate,,Inaccurate~Inaccurate~Accurate,,Sustained Attention Trials,Sustained Attention Trials,,,,,,info,BEGIN,,,,,,,0,,,,,,,,,,,,,,,,
2,1736886877372,14/01/2025 20:34:37,1736858077372,-8,14/01/2025 04:34:37,153647,19,task-icdl,,42478809,BLIND,12394468,,complete,,6786c8fb7e4f7019ff80b574,computer,Desktop or Laptop,Windows 10,Chrome 131.0.0.0,1920x1080,1920x991,,,0,Sustained Attention Task Instructions,14,Inaccurate~Inaccurate~Accurate,1,Inaccurate~Inaccurate~Accurate,,Inaccurate~Inaccurate~Accurate,,Sustained Attention Trials,Sustained Attention Trials,1,instructions,Intro,3syeo3,1,continue,,4938.637999999255,4932.138000000001,4938.637999999255,4938.637999999255,4932.138000000001,4938.637999999255,1,4938.637999999255,0,0,,Click To Continue,Continue Button,2,object-56,instructions,,,,,,,
3,1736886877373,14/01/2025 20:34:37,1736858077373,-8,14/01/2025 04:34:37,153647,19,task-icdl,,42478809,BLIND,12394468,,complete,,6786c8fb7e4f7019ff80b574,computer,Desktop or Laptop,Windows 10,Chrome 131.0.0.0,1920x1080,1920x991,,,0,Sustained Attention Task Instructions,14,Inaccurate~Inaccurate~Accurate,1,Inaccurate~Inaccurate~Accurate,,Inaccurate~Inaccurate~Accurate,,Sustained Attention Trials,Sustained Attention Trials,,,,,,info,END,,,4905,,,,0,,,,,,,,,,,,,,,,
1,1736886970343,14/01/2025 20:36:10,1736861770343,-7,14/01/2025 06:36:10,153647,19,task-icdl,,42478862,BLIND,12394509,,complete,,6786c9fb82935a1b3dc92424,computer,Desktop or Laptop,Windows 10,Chrome 131.0.0.0,1280x720,1280x585,,,0,Sustained Attention Task Instructions,14,Inaccurate~Inaccurate~Inaccurate~Inaccurate~Accurate,1,Inaccurate~Accurate,,Inaccurate~Accurate,,Sustained Attention Trials,Sustained Attention Trials,,,,,,info,BEGIN,,,,,,,0,,,,,,,,,,,,,,,,
2,1736886973444,14/01/2025 20:36:13,1736861773444,-7,14/01/2025 06:36:13,153647,19,task-icdl,,42478862,BLIND,12394509,,complete,,6786c9fb82935a1b3dc92424,computer,Desktop or Laptop,Windows 10,Chrome 131.0.0.0,1280x720,1280x585,,,0,Sustained Attention Task Instructions,14,Inaccurate~Inaccurate~Inaccurate~Inaccurate~Accurate,1,Inaccurate~Accurate,,Inaccurate~Accurate,,Sustained Attention Trials,Sustained Attention Trials,1,instructions,Intro,3syeo3,1,continue,,13214.400000095367,13209.8,13214.400000095367,13214.400000095367,13209.8,13214.400000095367,1,13214.400000095367,0,0,,Click To Continue,Continue Button,2,object-56,instructions,,,,,,,
3,1736886973445,14/01/2025 20:36:13,1736861773445,-7,14/01/2025 06:36:13,153647,19,task-icdl,,42478862,BLIND,12394509,,complete,,6786c9fb82935a1b3dc92424,computer,Desktop or Laptop,Windows 10,Chrome 131.0.0.0,1280x720,1280x585,,,0,Sustained Attention Task Instructions,14,Inaccurate~Inaccurate~Inaccurate~Inaccurate~Accurate,1,Inaccurate~Accurate,,Inaccurate~Accurate,,Sustained Attention Trials,Sustained Attention Trials,,,,,,info,END,,,3093,,,,0,,,,,,,,,,,,,,,,
1,1736887054109,14/01/2025 20:37:34,1736858254109,-8,14/01/2025 04:37:34,153647,19,task-icdl,,42478921,BLIND,12394522,,complete,,6786cab2d716eb4cdd4ea032,computer,Desktop or Laptop,Windows 10,Chrome 131.0.0.0,1536x864,1536x730,,,0,Sustained Attention Task Instructions,14,Accurate,2,,Inaccurate~Inaccurate~Accurate,,Accurate,Sustained Attention Trials,Sustained Attention Trials,,,,,,info,BEGIN,,,,,,,0,,,,,,,,,,,,,,,,
2,1736887056280,14/01/2025 20:37:36,1736858256280,-8,14/01/2025 04:37:36,153647,19,task-icdl,,42478921,BLIND,12394522,,complete,,6786cab2d716eb4cdd4ea032,computer,Desktop or Laptop,Windows 10,Chrome 131.0.0.0,1536x864,1536x730,,,0,Sustained Attention Task Instructions,14,Accurate,2,,Inaccurate~Inaccurate~Accurate,,Accurate,Sustained Attention Trials,Sustained Attention Trials,1,instructions,Intro,3syeo3,1,continue,,2182.744,2166.244,2182.744,2182.744,2166.244,2182.744,1,2182.744,0,0,,Click To Continue,Continue Button,2,object-56,instructions,,,,,,,
3,1736887056281,14/01/2025 20:37:36,1736858256281,-8,14/01/2025 04:37:36,153647,19,task-icdl,,42478921,BLIND,12394522,,complete,,6786cab2d716eb4cdd4ea032,computer,Desktop or Laptop,Windows 10,Chrome 131.0.0.0,1536x864,1536x730,,,0,Sustained Attention Task Instructions,14,Accurate,2,,Inaccurate~Inaccurate~Accurate,,Accurate,Sustained Attention Trials,Sustained Attention Trials,,,,,,info,END,,,2151,,,,0,,,,,,,,,,,,,,,,
1,1736887394558,14/01/2025 20:43:14,1736865794558,-6,14/01/2025 08:43:14,153647,19,task-icdl,,42479162,BLIND,12394458,,complete,,6786c82bc6b04880df2fcd31,computer,Desktop or Laptop,Windows 10,Chrome 131.0.0.0,1280x720,1280x632,,,0,Sustained Attention Task Instructions,14,Inaccurate~Inaccurate~Inaccurate~Inaccurate~Inaccurate~Inaccurate~Accurate,2,,Accurate,,Inaccurate~Inaccurate~Accurate,Sustained Attention Trials,Sustained Attention Trials,,,,,,info,BEGIN,,,,,,,0,,,,,,,,,,,,,,,,
2,1736887414077,14/01/2025 20:43:34,1736865814077,-6,14/01/2025 08:43:34,153647,19,task-icdl,,42479162,BLIND,12394458,,complete,,6786c82bc6b04880df2fcd31,computer,Desktop or Laptop,Windows 10,Chrome 131.0.0.0,1280x720,1280x632,,,0,Sustained Attention Task Instructions,14,Inaccurate~Inaccurate~Inaccurate~Inaccurate~Inaccurate~Inaccurate~Accurate,2,,Accurate,,Inaccurate~Inaccurate~Accurate,Sustained Attention Trials,Sustained Attention Trials,1,instructions,Intro,3syeo3,1,continue,,19530.300000005962,19522.699999999997,19530.300000005962,19530.300000005962,19522.699999999997,19530.300000005962,1,19530.300000005962,0,0,,Click To Continue,Continue Button,2,object-56,instructions,,,,,,,
3,1736887414082,14/01/2025 20:43:34,1736865814082,-6,14/01/2025 08:43:34,153647,19,task-icdl,,42479162,BLIND,12394458,,complete,,6786c82bc6b04880df2fcd31,computer,Desktop or Laptop,Windows 10,Chrome 131.0.0.0,1280x720,1280x632,,,0,Sustained Attention Task Instructions,14,Inaccurate~Inaccurate~Inaccurate~Inaccurate~Inaccurate~Inaccurate~Accurate,2,,Accurate,,Inaccurate~Inaccurate~Accurate,Sustained Attention Trials,Sustained Attention Trials,,,,,,info,END,,,19505,,,,0,,,,,,,,,,,,,,,,
1,1736887725075,14/01/2025 20:48:45,1736866125075,-6,14/01/2025 08:48:45,153647,19,task-icdl,,42479356,BLIND,12394608,,complete,,6786c56d93061285158d9bca,computer,Desktop or Laptop,Windows 10,Chrome 131.0.0.0,1366x768,1034x571,,,0,Sustained Attention Task Instructions,14,Inaccurate~Inaccurate~Inaccurate~Inaccurate~Accurate,2,,Inaccurate~Inaccurate~Inaccurate~Accurate,,Accurate,Sustained Attention Trials,Sustained Attention Trials,,,,,,info,BEGIN,,,,,,,0,,,,,,,,,,,,,,,,
2,1736887726819,14/01/2025 20:48:46,1736866126819,-6,14/01/2025 08:48:46,153647,19,task-icdl,,42479356,BLIND,12394608,,complete,,6786c56d93061285158d9bca,computer,Desktop or Laptop,Windows 10,Chrome 131.0.0.0,1366x768,1034x571,,,0,Sustained Attention Task Instructions,14,Inaccurate~Inaccurate~Inaccurate~Inaccurate~Accurate,2,,Inaccurate~Inaccurate~Inaccurate~Accurate,,Accurate,Sustained Attention Trials,Sustained Attention Trials,1,instructions,Intro,3syeo3,1,continue,,1790.7339999999986,1774.0339999999997,1790.7339999999986,1790.7339999999986,1774.0339999999997,1790.7339999999986,1,1790.7339999999986,0,0,,Click To Continue,Continue Button,2,object-56,instructions,,,,,,,
3,1736887726822,14/01/2025 20:48:46,1736866126822,-6,14/01/2025 08:48:46,153647,19,task-icdl,,42479356,BLIND,12394608,,complete,,6786c56d93061285158d9bca,computer,Desktop or Laptop,Windows 10,Chrome 131.0.0.0,1366x768,1034x571,,,0,Sustained Attention Task Instructions,14,Inaccurate~Inaccurate~Inaccurate~Inaccurate~Accurate,2,,Inaccurate~Inaccurate~Inaccurate~Accurate,,Accurate,Sustained Attention Trials,Sustained Attention Trials,,,,,,info,END,,,1705,,,,0,,,,,,,,,,,,,,,,
1,1736888727626,14/01/2025 21:05:27,1736867127626,-6,14/01/2025 09:05:27,153647,19,task-icdl,,42479824,BLIND,12394656,,complete,,6786cecb5678a328c0b1a88a,computer,Desktop or Laptop,Windows 10,Chrome 131.0.0.0,1536x864,1536x730,,,0,Sustained Attention Task Instructions,14,Inaccurate~Inaccurate~Inaccurate~Accurate,2,,Inaccurate~Inaccurate~Inaccurate~Inaccurate~Accurate,,Accurate,Sustained Attention Trials,Sustained Attention Trials,,,,,,info,BEGIN,,,,,,,0,,,,,,,,,,,,,,,,
2,1736888736469,14/01/2025 21:05:36,1736867136469,-6,14/01/2025 09:05:36,153647,19,task-icdl,,42479824,BLIND,12394656,,complete,,6786cecb5678a328c0b1a88a,computer,Desktop or Laptop,Windows 10,Chrome 131.0.0.0,1536x864,1536x730,,,0,Sustained Attention Task Instructions,14,Inaccurate~Inaccurate~Inaccurate~Accurate,2,,Inaccurate~Inaccurate~Inaccurate~Inaccurate~Accurate,,Accurate,Sustained Attention Trials,Sustained Attention Trials,1,instructions,Intro,3syeo3,1,continue,,8862.05000000596,8854.65,8862.05000000596,8862.05000000596,8854.65,8862.05000000596,1,8862.05000000596,0,0,,Click To Continue,Continue Button,2,object-56,instructions,,,,,,,
3,1736888736471,14/01/2025 21:05:36,1736867136471,-6,14/01/2025 09:05:36,153647,19,task-icdl,,42479824,BLIND,12394656,,complete,,6786cecb5678a328c0b1a88a,computer,Desktop or Laptop,Windows 10,Chrome 131.0.0.0,1536x864,1536x730,,,0,Sustained Attention Task Instructions,14,Inaccurate~Inaccurate~Inaccurate~Accurate,2,,Inaccurate~Inaccurate~Inaccurate~Inaccurate~Accurate,,Accurate,Sustained Attention Trials,Sustained Attention Trials,,,,,,info,END,,,8829,,,,0,,,,,,,,,,,,,,,,
1,1736888914785,14/01/2025 21:08:34,1736870914785,-5,14/01/2025 11:08:34,153647,19,task-icdl,,42479892,BLIND,12394728,,complete,,6786d1fb415168abd9f228e9,computer,Desktop or Laptop,Windows 10,Chrome 131.0.0.0,1536x864,1536x738,,,0,Sustained Attention Task Instructions,14,Inaccurate~Inaccurate~Inaccurate~Accurate,1,Inaccurate~Accurate,,Inaccurate~Accurate,,Sustained Attention Trials,Sustained Attention Trials,,,,,,info,BEGIN,,,,,,,0,,,,,,,,,,,,,,,,
2,1736888915996,14/01/2025 21:08:35,1736870915996,-5,14/01/2025 11:08:35,153647,19,task-icdl,,42479892,BLIND,12394728,,complete,,6786d1fb415168abd9f228e9,computer,Desktop or Laptop,Windows 10,Chrome 131.0.0.0,1536x864,1536x738,,,0,Sustained Attention Task Instructions,14,Inaccurate~Inaccurate~Inaccurate~Accurate,1,Inaccurate~Accurate,,Inaccurate~Accurate,,Sustained Attention Trials,Sustained Attention Trials,1,instructions,Intro,3syeo3,1,continue,,1218.3160002861023,1215.9160000000002,1218.3160002861023,1218.3160002861023,1215.9160000000002,1218.3160002861023,1,1218.3160002861023,0,0,,Click To Continue,Continue Button,2,object-56,instructions,,,,,,,
3,1736888915997,14/01/2025 21:08:35,1736870915997,-5,14/01/2025 11:08:35,153647,19,task-icdl,,42479892,BLIND,12394728,,complete,,6786d1fb415168abd9f228e9,computer,Desktop or Laptop,Windows 10,Chrome 131.0.0.0,1536x864,1536x738,,,0,Sustained Attention Task Instructions,14,Inaccurate~Inaccurate~Inaccurate~Accurate,1,Inaccurate~Accurate,,Inaccurate~Accurate,,Sustained Attention Trials,Sustained Attention Trials,,,,,,info,END,,,1204,,,,0,,,,,,,,,,,,,,,,
1,1736889744424,14/01/2025 21:22:24,1736868144424,-6,14/01/2025 09:22:24,153647,19,task-icdl,,42480222,BLIND,12394789,,complete,,6786d2d8d631bf84868d9de2,computer,Desktop or Laptop,Windows 10,Chrome 131.0.0.0,1280x720,1280x630,,,0,Sustained Attention Task Instructions,14,Inaccurate~Inaccurate~Inaccurate~Inaccurate~Inaccurate~Accurate,1,Inaccurate~Inaccurate~Inaccurate~Accurate,,Inaccurate~Accurate,,Sustained Attention Trials,Sustained Attention Trials,,,,,,info,BEGIN,,,,,,,0,,,,,,,,,,,,,,,,
2,1736889750622,14/01/2025 21:22:30,1736868150622,-6,14/01/2025 09:22:30,153647,19,task-icdl,,42480222,BLIND,12394789,,complete,,6786d2d8d631bf84868d9de2,computer,Desktop or Laptop,Windows 10,Chrome 131.0.0.0,1280x720,1280x630,,,0,Sustained Attention Task Instructions,14,Inaccurate~Inaccurate~Inaccurate~Inaccurate~Inaccurate~Accurate,1,Inaccurate~Inaccurate~Inaccurate~Accurate,,Inaccurate~Accurate,,Sustained Attention Trials,Sustained Attention Trials,1,instructions,Intro,3syeo3,1,continue,,6210.999999982118,6200.999999999999,6210.999999982118,6210.999999982118,6200.999999999999,6210.999999982118,1,6210.999999982118,0,0,,Click To Continue,Continue Button,2,object-56,instructions,,,,,,,
3,1736889750625,14/01/2025 21:22:30,1736868150625,-6,14/01/2025 09:22:30,153647,19,task-icdl,,42480222,BLIND,12394789,,complete,,6786d2d8d631bf84868d9de2,computer,Desktop or Laptop,Windows 10,Chrome 131.0.0.0,1280x720,1280x630,,,0,Sustained Attention Task Instructions,14,Inaccurate~Inaccurate~Inaccurate~Inaccurate~Inaccurate~Accurate,1,Inaccurate~Inaccurate~Inaccurate~Accurate,,Inaccurate~Accurate,,Sustained Attention Trials,Sustained Attention Trials,,,,,,info,END,,,6190,,,,0,,,,,,,,,,,,,,,,
1,1736889958854,14/01/2025 21:25:58,1736864758854,-7,14/01/2025 07:25:58,153647,19,task-icdl,,42480305,BLIND,12394807,,complete,,6786d599415168abd9f22a11,computer,Desktop or Laptop,Windows 10,Chrome 131.0.0.0,1440x960,1440x825,,,0,Sustained Attention Task Instructions,14,Inaccurate~Accurate,1,Inaccurate~Inaccurate~Accurate,,Accurate,,Sustained Attention Trials,Sustained Attention Trials,,,,,,info,BEGIN,,,,,,,0,,,,,,,,,,,,,,,,
2,1736889961453,14/01/2025 21:26:01,1736864761453,-7,14/01/2025 07:26:01,153647,19,task-icdl,,42480305,BLIND,12394807,,complete,,6786d599415168abd9f22a11,computer,Desktop or Laptop,Windows 10,Chrome 131.0.0.0,1440x960,1440x825,,,0,Sustained Attention Task Instructions,14,Inaccurate~Accurate,1,Inaccurate~Inaccurate~Accurate,,Accurate,,Sustained Attention Trials,Sustained Attention Trials,1,instructions,Intro,3syeo3,1,continue,,2616.11400000447,2604.614,2616.11400000447,2616.11400000447,2604.614,2616.11400000447,1,2616.11400000447,0,0,,Click To Continue,Continue Button,2,object-56,instructions,,,,,,,
3,1736889961457,14/01/2025 21:26:01,1736864761457,-7,14/01/2025 07:26:01,153647,19,task-icdl,,42480305,BLIND,12394807,,complete,,6786d599415168abd9f22a11,computer,Desktop or Laptop,Windows 10,Chrome 131.0.0.0,1440x960,1440x825,,,0,Sustained Attention Task Instructions,14,Inaccurate~Accurate,1,Inaccurate~Inaccurate~Accurate,,Accurate,,Sustained Attention Trials,Sustained Attention Trials,,,,,,info,END,,,2566,,,,0,,,,,,,,,,,,,,,,
1,1736890393209,14/01/2025 21:33:13,1736861593209,-8,14/01/2025 05:33:13,153647,19,task-icdl,,42480503,BLIND,12394798,,complete,,6786d4e4b18cba5787ac1243,computer,Desktop or Laptop,Windows 10,Firefox 134.0,1920x1080,1920x947,,,0,Sustained Attention Task Instructions,14,Inaccurate~Accurate,2,,Accurate,,Inaccurate~Accurate,Sustained Attention Trials,Sustained Attention Trials,,,,,,info,BEGIN,,,,,,,0,,,,,,,,,,,,,,,,
2,1736890402898,14/01/2025 21:33:22,1736861602898,-8,14/01/2025 05:33:22,153647,19,task-icdl,,42480503,BLIND,12394798,,complete,,6786d4e4b18cba5787ac1243,computer,Desktop or Laptop,Windows 10,Firefox 134.0,1920x1080,1920x947,,,0,Sustained Attention Task Instructions,14,Inaccurate~Accurate,2,,Accurate,,Inaccurate~Accurate,Sustained Attention Trials,Sustained Attention Trials,1,instructions,Intro,3syeo3,1,continue,,9692.1,9689.28,9692.1,9692.1,9689.28,9692.1,1,9692.1,0,0,,Click To Continue,Continue Button,2,object-56,instructions,,,,,,,
3,1736890402898,14/01/2025 21:33:22,1736861602898,-8,14/01/2025 05:33:22,153647,19,task-icdl,,42480503,BLIND,12394798,,complete,,6786d4e4b18cba5787ac1243,computer,Desktop or Laptop,Windows 10,Firefox 134.0,1920x1080,1920x947,,,0,Sustained Attention Task Instructions,14,Inaccurate~Accurate,2,,Accurate,,Inaccurate~Accurate,Sustained Attention Trials,Sustained Attention Trials,,,,,,info,END,,,9684,,,,0,,,,,,,,,,,,,,,,
1,1736890935930,14/01/2025 21:42:15,1736872935930,-5,14/01/2025 11:42:15,153647,19,task-icdl,,42480729,BLIND,12394923,,complete,,6786d9e7c062fa1d0c15ffc3,computer,Desktop or Laptop,Mac OS 10.15.7,Chrome 131.0.0.0,1440x900,1440x725,,,0,Sustained Attention Task Instructions,14,Accurate,2,,Inaccurate~Inaccurate~Accurate,,Inaccurate~Accurate,Sustained Attention Trials,Sustained Attention Trials,,,,,,info,BEGIN,,,,,,,0,,,,,,,,,,,,,,,,
2,1736890938372,14/01/2025 21:42:18,1736872938372,-5,14/01/2025 11:42:18,153647,19,task-icdl,,42480729,BLIND,12394923,,complete,,6786d9e7c062fa1d0c15ffc3,computer,Desktop or Laptop,Mac OS 10.15.7,Chrome 131.0.0.0,1440x900,1440x725,,,0,Sustained Attention Task Instructions,14,Accurate,2,,Inaccurate~Inaccurate~Accurate,,Inaccurate~Accurate,Sustained Attention Trials,Sustained Attention Trials,1,instructions,Intro,3syeo3,1,continue,,2461.7,2450,2461.7,2461.7,2450,2461.7,1,2461.7,0,0,,Click To Continue,Continue Button,2,object-56,instructions,,,,,,,
3,1736890938374,14/01/2025 21:42:18,1736872938374,-5,14/01/2025 11:42:18,153647,19,task-icdl,,42480729,BLIND,12394923,,complete,,6786d9e7c062fa1d0c15ffc3,computer,Desktop or Laptop,Mac OS 10.15.7,Chrome 131.0.0.0,1440x900,1440x725,,,0,Sustained Attention Task Instructions,14,Accurate,2,,Inaccurate~Inaccurate~Accurate,,Inaccurate~Accurate,Sustained Attention Trials,Sustained Attention Trials,,,,,,info,END,,,2435,,,,0,,,,,,,,,,,,,,,,
1,1736890949298,14/01/2025 21:42:29,1736862149298,-8,14/01/2025 05:42:29,153647,19,task-icdl,,42480739,BLIND,12394924,,complete,,6786d9fb480d31c2b71c46d0,computer,Desktop or Laptop,Mac OS 10.15,Firefox 134.0,1680x1050,1680x966,,,0,Sustained Attention Task Instructions,14,Inaccurate~Accurate,2,,Accurate,,Inaccurate~Accurate,Sustained Attention Trials,Sustained Attention Trials,,,,,,info,BEGIN,,,,,,,0,,,,,,,,,,,,,,,,
2,1736890951405,14/01/2025 21:42:31,1736862151405,-8,14/01/2025 05:42:31,153647,19,task-icdl,,42480739,BLIND,12394924,,complete,,6786d9fb480d31c2b71c46d0,computer,Desktop or Laptop,Mac OS 10.15,Firefox 134.0,1680x1050,1680x966,,,0,Sustained Attention Task Instructions,14,Inaccurate~Accurate,2,,Accurate,,Inaccurate~Accurate,Sustained Attention Trials,Sustained Attention Trials,1,instructions,Intro,3syeo3,1,continue,,2115.62,2107.3599999999997,2115.62,2115.62,2107.3599999999997,2115.62,1,2115.62,0,0,,Click To Continue,Continue Button,2,object-56,instructions,,,,,,,
3,1736890951407,14/01/2025 21:42:31,1736862151407,-8,14/01/2025 05:42:31,153647,19,task-icdl,,42480739,BLIND,12394924,,complete,,6786d9fb480d31c2b71c46d0,computer,Desktop or Laptop,Mac OS 10.15,Firefox 134.0,1680x1050,1680x966,,,0,Sustained Attention Task Instructions,14,Inaccurate~Accurate,2,,Accurate,,Inaccurate~Accurate,Sustained Attention Trials,Sustained Attention Trials,,,,,,info,END,,,2098,,,,0,,,,,,,,,,,,,,,,
1,1736891358237,14/01/2025 21:49:18,1736873358237,-5,14/01/2025 11:49:18,153647,19,task-icdl,,42480851,BLIND,12394803,,complete,,6786d32a329b1d694103f701,computer,Desktop or Laptop,Windows 10,Chrome 131.0.0.0,1280x720,1600x732,,,0,Sustained Attention Task Instructions,14,Inaccurate~Accurate,1,Inaccurate~Inaccurate~Inaccurate~Accurate,,Inaccurate~Accurate,,Sustained Attention Trials,Sustained Attention Trials,,,,,,info,BEGIN,,,,,,,0,,,,,,,,,,,,,,,,
2,1736891466667,14/01/2025 21:51:06,1736873466667,-5,14/01/2025 11:51:06,153647,19,task-icdl,,42480851,BLIND,12394803,,complete,,6786d32a329b1d694103f701,computer,Desktop or Laptop,Windows 10,Chrome 131.0.0.0,1280x720,1600x732,,,0,Sustained Attention Task Instructions,14,Inaccurate~Accurate,1,Inaccurate~Inaccurate~Inaccurate~Accurate,,Inaccurate~Accurate,,Sustained Attention Trials,Sustained Attention Trials,1,instructions,Intro,3syeo3,1,continue,,108452.02399999776,108438.524,108452.02399999776,108452.02399999776,108438.524,108452.02399999776,1,108452.02399999776,0,0,,Click To Continue,Continue Button,2,object-56,instructions,,,,,,,
3,1736891466675,14/01/2025 21:51:06,1736873466675,-5,14/01/2025 11:51:06,153647,19,task-icdl,,42480851,BLIND,12394803,,complete,,6786d32a329b1d694103f701,computer,Desktop or Laptop,Windows 10,Chrome 131.0.0.0,1280x720,1600x732,,,0,Sustained Attention Task Instructions,14,Inaccurate~Accurate,1,Inaccurate~Inaccurate~Inaccurate~Accurate,,Inaccurate~Accurate,,Sustained Attention Trials,Sustained Attention Trials,,,,,,info,END,,,108418,,,,0,,,,,,,,,,,,,,,,
1,1736892444432,14/01/2025 22:07:24,1736870844432,-6,14/01/2025 10:07:24,153647,19,task-icdl,,42481310,BLIND,12394667,,complete,,6786cefbfc0d3815f513d650,computer,Desktop or Laptop,Windows 10,Chrome 131.0.0.0,1707x960,1708x792,,,0,Sustained Attention Task Instructions,14,Inaccurate~Inaccurate~Inaccurate~Accurate,2,,Accurate,,Inaccurate~Accurate,Sustained Attention Trials,Sustained Attention Trials,,,,,,info,BEGIN,,,,,,,0,,,,,,,,,,,,,,,,
2,1736892446097,14/01/2025 22:07:26,1736870846097,-6,14/01/2025 10:07:26,153647,19,task-icdl,,42481310,BLIND,12394667,,complete,,6786cefbfc0d3815f513d650,computer,Desktop or Laptop,Windows 10,Chrome 131.0.0.0,1707x960,1708x792,,,0,Sustained Attention Task Instructions,14,Inaccurate~Inaccurate~Inaccurate~Accurate,2,,Accurate,,Inaccurate~Accurate,Sustained Attention Trials,Sustained Attention Trials,1,instructions,Intro,3syeo3,1,continue,,1692.1299999970197,1683.13,1692.1299999970197,1692.1299999970197,1683.13,1692.1299999970197,1,1692.1299999970197,0,0,,Click To Continue,Continue Button,2,object-56,instructions,,,,,,,
3,1736892446098,14/01/2025 22:07:26,1736870846098,-6,14/01/2025 10:07:26,153647,19,task-icdl,,42481310,BLIND,12394667,,complete,,6786cefbfc0d3815f513d650,computer,Desktop or Laptop,Windows 10,Chrome 131.0.0.0,1707x960,1708x792,,,0,Sustained Attention Task Instructions,14,Inaccurate~Inaccurate~Inaccurate~Accurate,2,,Accurate,,Inaccurate~Accurate,Sustained Attention Trials,Sustained Attention Trials,,,,,,info,END,,,1645,,,,0,,,,,,,,,,,,,,,,
1,1736894227494,14/01/2025 22:37:07,1736876227494,-5,14/01/2025 12:37:07,153647,19,task-icdl,,42481761,BLIND,12395016,,complete,,6786de884498633c835569ed,computer,Desktop or Laptop,Windows 10,Chrome 131.0.0.0,1920x1080,1920x953,,,0,Sustained Attention Task Instructions,14,Inaccurate~Inaccurate~Accurate,2,,Inaccurate~Accurate,,Accurate,Sustained Attention Trials,Sustained Attention Trials,,,,,,info,BEGIN,,,,,,,0,,,,,,,,,,,,,,,,
2,1736894229302,14/01/2025 22:37:09,1736876229302,-5,14/01/2025 12:37:09,153647,19,task-icdl,,42481761,BLIND,12395016,,complete,,6786de884498633c835569ed,computer,Desktop or Laptop,Windows 10,Chrome 131.0.0.0,1920x1080,1920x953,,,0,Sustained Attention Task Instructions,14,Inaccurate~Inaccurate~Accurate,2,,Inaccurate~Accurate,,Accurate,Sustained Attention Trials,Sustained Attention Trials,1,instructions,Intro,3syeo3,1,continue,,19562.299999998882,19561.3,19562.299999998882,19562.299999998882,19561.3,19562.299999998882,1,19562.299999998882,0,0,,Click To Continue,Continue Button,2,object-56,instructions,,,,,,,
3,1736894229304,14/01/2025 22:37:09,1736876229304,-5,14/01/2025 12:37:09,153647,19,task-icdl,,42481761,BLIND,12395016,,complete,,6786de884498633c835569ed,computer,Desktop or Laptop,Windows 10,Chrome 131.0.0.0,1920x1080,1920x953,,,0,Sustained Attention Task Instructions,14,Inaccurate~Inaccurate~Accurate,2,,Inaccurate~Accurate,,Accurate,Sustained Attention Trials,Sustained Attention Trials,,,,,,info,END,,,1797,,,,0,,,,,,,,,,,,,,,,
1,1736900379518,15/01/2025 00:19:39,1736882379518,-5,14/01/2025 14:19:39,153647,19,task-icdl,,42482754,BLIND,12395376,,complete,,6786fe1eed437ef0f0ca6707,computer,Desktop or Laptop,Windows 10,Chrome 131.0.0.0,1366x768,1366x641,,,0,Sustained Attention Task Instructions,14,Inaccurate~Inaccurate~Inaccurate~Inaccurate~Accurate,1,Inaccurate~Inaccurate~Accurate,,Accurate,,Sustained Attention Trials,Sustained Attention Trials,,,,,,info,BEGIN,,,,,,,0,,,,,,,,,,,,,,,,
2,1736900380771,15/01/2025 00:19:40,1736882380771,-5,14/01/2025 14:19:40,153647,19,task-icdl,,42482754,BLIND,12395376,,complete,,6786fe1eed437ef0f0ca6707,computer,Desktop or Laptop,Windows 10,Chrome 131.0.0.0,1366x768,1366x641,,,0,Sustained Attention Task Instructions,14,Inaccurate~Inaccurate~Inaccurate~Inaccurate~Accurate,1,Inaccurate~Inaccurate~Accurate,,Accurate,,Sustained Attention Trials,Sustained Attention Trials,1,instructions,Intro,3syeo3,1,continue,,1293.300000011921,1283.5,1293.300000011921,1293.300000011921,1283.5,1293.300000011921,1,1293.300000011921,0,0,,Click To Continue,Continue Button,2,object-56,instructions,,,,,,,
3,1736900380774,15/01/2025 00:19:40,1736882380774,-5,14/01/2025 14:19:40,153647,19,task-icdl,,42482754,BLIND,12395376,,complete,,6786fe1eed437ef0f0ca6707,computer,Desktop or Laptop,Windows 10,Chrome 131.0.0.0,1366x768,1366x641,,,0,Sustained Attention Task Instructions,14,Inaccurate~Inaccurate~Inaccurate~Inaccurate~Accurate,1,Inaccurate~Inaccurate~Accurate,,Accurate,,Sustained Attention Trials,Sustained Attention Trials,,,,,,info,END,,,1231,,,,0,,,,,,,,,,,,,,,,
END OF FILE
