Event Index,UTC Timestamp,UTC Date and Time,Local Timestamp,Local Timezone,Local Date and Time,Experiment ID,Experiment Version,Tree Node Key,Repeat Key,Schedule ID,Participant Public ID,Participant Private ID,Participant Starting Group,Participant Status,Participant Completion Code,Participant External Session ID,Participant Device Type,Participant Device,Participant OS,Participant Browser,Participant Monitor Size,Participant Viewport Size,Checkpoint,Room ID,Room Order,Task Name,Task Version,branch-ck1c,randomiser-8rl3,branch-tpdd,branch-qy9p,branch-phuz,branch-3j3b,Spreadsheet,Current Spreadsheet,Trial Number,Display,Screen,Screen ID,Screen Counter,Response Type,Response,Onset Time,Clock Time,Reaction Time,Absolute Onset Time,Absolute Clock Time,Absolute Reaction Time,Correct,Response Onset,Response Duration,Proportion,Tag,Component Name,Object Name,Object Number,Object ID,Spreadsheet: display,Spreadsheet: answer,Spreadsheet: img,Spreadsheet: Screen,Spreadsheet: answer2,Spreadsheet: answer3,Manipulation: Spreadsheet,Store: correct2,Store: Total2
1,1737474657331,21/01/2025 15:50:57,1737456657331,-5,21/01/2025 05:50:57,153647,19,task-xcgh,repeat-3dmk#2->-repeat-tj2w#1,42630456,BLIND,12435175,,complete,,678fbd94798f300a6b69ccfc,computer,Desktop or Laptop,Windows 10,Chrome 131.0.0.0,1920x1080,1920x945,,,0,Memory Practice Clone,7,Inaccurate~Accurate,2,,Inaccurate~Inaccurate~Accurate,,Inaccurate~Accurate,Spreadsheet1,Spreadsheet1,,,,,,info,BEGIN,,,,,,,0,,,,,,,,,,,,,,,,,
2,1737474662850,21/01/2025 15:51:02,1737456662850,-5,21/01/2025 05:51:02,153647,19,task-xcgh,repeat-3dmk#2->-repeat-tj2w#1,42630456,BLIND,12435175,,complete,,678fbd94798f300a6b69ccfc,computer,Desktop or Laptop,Windows 10,Chrome 131.0.0.0,1920x1080,1920x945,,,0,Memory Practice Clone,7,Inaccurate~Accurate,2,,Inaccurate~Inaccurate~Accurate,,Inaccurate~Accurate,Spreadsheet1,Spreadsheet1,1,instructions,Screen 2,1kaj8e,1,continue,,13501.700000047684,13498.5,13501.700000047684,13501.700000047684,13498.5,13501.700000047684,1,13501.700000047684,0,0,,Click To Continue,Continue Button,2,object-7,instructions,,,,,,,0,0
3,1737474665826,21/01/2025 15:51:05,1737456665826,-5,21/01/2025 05:51:05,153647,19,task-xcgh,repeat-3dmk#2->-repeat-tj2w#1,42630456,BLIND,12435175,,complete,,678fbd94798f300a6b69ccfc,computer,Desktop or Laptop,Windows 10,Chrome 131.0.0.0,1920x1080,1920x945,,,0,Memory Practice Clone,7,Inaccurate~Accurate,2,,Inaccurate~Inaccurate~Accurate,,Inaccurate~Accurate,Spreadsheet1,Spreadsheet1,1,instructions,Screen 3,j5lb3b,2,timedOut,,2999.400000035763,2998.4000000000015,2999.400000035763,2999.400000035763,2998.4000000000015,2999.400000035763,1,2999.400000035763,0,0,,Time Limit,screen,0,screen,instructions,,,,,,,0,0
4,1737474673031,21/01/2025 15:51:13,1737456673031,-5,21/01/2025 05:51:13,153647,19,task-xcgh,repeat-3dmk#2->-repeat-tj2w#1,42630456,BLIND,12435175,,complete,,678fbd94798f300a6b69ccfc,computer,Desktop or Laptop,Windows 10,Chrome 131.0.0.0,1920x1080,1920x945,,,0,Memory Practice Clone,7,Inaccurate~Accurate,2,,Inaccurate~Inaccurate~Accurate,,Inaccurate~Accurate,Spreadsheet1,Spreadsheet1,1,image,Trials,mxeghn,1,response,1,7195.999999999996,7179.399999999998,7195.999999999996,7195.999999999996,7179.399999999998,7195.999999999996,1,7195.999999999996,0,0,,Keyboard Response,Keyboard Response,2,object-4,image,1,instr_photo_3.jpg,Screen 3,5,3,,1,1
5,1737474677306,21/01/2025 15:51:17,1737456677306,-5,21/01/2025 05:51:17,153647,19,task-xcgh,repeat-3dmk#2->-repeat-tj2w#1,42630456,BLIND,12435175,,complete,,678fbd94798f300a6b69ccfc,computer,Desktop or Laptop,Windows 10,Chrome 131.0.0.0,1920x1080,1920x945,,,0,Memory Practice Clone,7,Inaccurate~Accurate,2,,Inaccurate~Inaccurate~Accurate,,Inaccurate~Accurate,Spreadsheet1,Spreadsheet1,1,image,Screen 3,ornkij,2,response,1,3301.2999999999993,3298.2000000000007,3301.2999999999993,3301.2999999999993,3298.2000000000007,3301.2999999999993,0,3301.2999999999993,0,0,,Keyboard Response,Keyboard Response,2,object-25,image,1,instr_photo_3.jpg,Screen 3,5,3,,1,2
6,1737474688538,21/01/2025 15:51:28,1737456688538,-5,21/01/2025 05:51:28,153647,19,task-xcgh,repeat-3dmk#2->-repeat-tj2w#1,42630456,BLIND,12435175,,complete,,678fbd94798f300a6b69ccfc,computer,Desktop or Laptop,Windows 10,Chrome 131.0.0.0,1920x1080,1920x945,,,0,Memory Practice Clone,7,Inaccurate~Accurate,2,,Inaccurate~Inaccurate~Accurate,,Inaccurate~Accurate,Spreadsheet1,Spreadsheet1,1,image,Screen 2,ou4ign,3,response,4,10236.500000035761,10227.699999999997,10236.500000035761,10236.500000035761,10227.699999999997,10236.500000035761,0,10236.500000035761,0,0,,Keyboard Response,Keyboard Response,3,object-22,image,1,instr_photo_3.jpg,Screen 3,5,3,,1,3
7,1737474689531,21/01/2025 15:51:29,1737456689531,-5,21/01/2025 05:51:29,153647,19,task-xcgh,repeat-3dmk#2->-repeat-tj2w#1,42630456,BLIND,12435175,,complete,,678fbd94798f300a6b69ccfc,computer,Desktop or Laptop,Windows 10,Chrome 131.0.0.0,1920x1080,1920x945,,,0,Memory Practice Clone,7,Inaccurate~Accurate,2,,Inaccurate~Inaccurate~Accurate,,Inaccurate~Accurate,Spreadsheet1,Spreadsheet1,,,,,,info,END,,,32057,,,,0,,,,,,,,,,,,,,,,,
1,1737474736209,21/01/2025 15:52:16,1737456736209,-5,21/01/2025 05:52:16,153647,19,task-xcgh,repeat-3dmk#2->-repeat-tj2w#2,42630537,BLIND,12435175,,complete,,678fbd94798f300a6b69ccfc,computer,Desktop or Laptop,Windows 10,Chrome 131.0.0.0,1920x1080,1920x945,,,0,Memory Practice Clone,7,Inaccurate~Accurate,2,,Inaccurate~Inaccurate~Accurate,,Inaccurate~Accurate,Spreadsheet1,Spreadsheet1,,,,,,info,BEGIN,,,,,,,0,,,,,,,,,,,,,,,,,
2,1737474738628,21/01/2025 15:52:18,1737456738628,-5,21/01/2025 05:52:18,153647,19,task-xcgh,repeat-3dmk#2->-repeat-tj2w#2,42630537,BLIND,12435175,,complete,,678fbd94798f300a6b69ccfc,computer,Desktop or Laptop,Windows 10,Chrome 131.0.0.0,1920x1080,1920x945,,,0,Memory Practice Clone,7,Inaccurate~Accurate,2,,Inaccurate~Inaccurate~Accurate,,Inaccurate~Accurate,Spreadsheet1,Spreadsheet1,1,instructions,Screen 2,1kaj8e,1,continue,,2444.264000011921,2435.964,2444.264000011921,2444.264000011921,2435.964,2444.264000011921,1,2444.264000011921,0,0,,Click To Continue,Continue Button,2,object-7,instructions,,,,,,,0,0
3,1737474741617,21/01/2025 15:52:21,1737456741617,-5,21/01/2025 05:52:21,153647,19,task-xcgh,repeat-3dmk#2->-repeat-tj2w#2,42630537,BLIND,12435175,,complete,,678fbd94798f300a6b69ccfc,computer,Desktop or Laptop,Windows 10,Chrome 131.0.0.0,1920x1080,1920x945,,,0,Memory Practice Clone,7,Inaccurate~Accurate,2,,Inaccurate~Inaccurate~Accurate,,Inaccurate~Accurate,Spreadsheet1,Spreadsheet1,1,instructions,Screen 3,j5lb3b,2,timedOut,,2999.099999964237,2998.2999999999993,2999.099999964237,2999.099999964237,2998.2999999999993,2999.099999964237,1,2999.099999964237,0,0,,Time Limit,screen,0,screen,instructions,,,,,,,0,0
4,1737474744995,21/01/2025 15:52:24,1737456744995,-5,21/01/2025 05:52:24,153647,19,task-xcgh,repeat-3dmk#2->-repeat-tj2w#2,42630537,BLIND,12435175,,complete,,678fbd94798f300a6b69ccfc,computer,Desktop or Laptop,Windows 10,Chrome 131.0.0.0,1920x1080,1920x945,,,0,Memory Practice Clone,7,Inaccurate~Accurate,2,,Inaccurate~Inaccurate~Accurate,,Inaccurate~Accurate,Spreadsheet1,Spreadsheet1,1,image,Trials,mxeghn,1,response,1,3378.099999976159,3364.800000000001,3378.099999976159,3378.099999976159,3364.800000000001,3378.099999976159,1,3378.099999976159,0,0,,Keyboard Response,Keyboard Response,2,object-4,image,1,instr_photo_3.jpg,Screen 3,5,3,,1,1
5,1737474753687,21/01/2025 15:52:33,1737456753687,-5,21/01/2025 05:52:33,153647,19,task-xcgh,repeat-3dmk#2->-repeat-tj2w#2,42630537,BLIND,12435175,,complete,,678fbd94798f300a6b69ccfc,computer,Desktop or Laptop,Windows 10,Chrome 131.0.0.0,1920x1080,1920x945,,,0,Memory Practice Clone,7,Inaccurate~Accurate,2,,Inaccurate~Inaccurate~Accurate,,Inaccurate~Accurate,Spreadsheet1,Spreadsheet1,1,image,Screen 3,ornkij,2,response,2,7705.999999964237,7695.699999999999,7705.999999964237,7705.999999964237,7695.699999999999,7705.999999964237,0,7705.999999964237,0,0,,Keyboard Response,Keyboard Response,2,object-25,image,1,instr_photo_3.jpg,Screen 3,5,3,,1,2
6,1737474757475,21/01/2025 15:52:37,1737456757475,-5,21/01/2025 05:52:37,153647,19,task-xcgh,repeat-3dmk#2->-repeat-tj2w#2,42630537,BLIND,12435175,,complete,,678fbd94798f300a6b69ccfc,computer,Desktop or Laptop,Windows 10,Chrome 131.0.0.0,1920x1080,1920x945,,,0,Memory Practice Clone,7,Inaccurate~Accurate,2,,Inaccurate~Inaccurate~Accurate,,Inaccurate~Accurate,Spreadsheet1,Spreadsheet1,1,image,Screen 2,ou4ign,3,response,5,2798.4999999999964,2781.7999999999993,2798.4999999999964,2798.4999999999964,2781.7999999999993,2798.4999999999964,1,2798.4999999999964,0,0,,Keyboard Response,Keyboard Response,3,object-22,image,1,instr_photo_3.jpg,Screen 3,5,3,,2,3
7,1737474758459,21/01/2025 15:52:38,1737456758459,-5,21/01/2025 05:52:38,153647,19,task-xcgh,repeat-3dmk#2->-repeat-tj2w#2,42630537,BLIND,12435175,,complete,,678fbd94798f300a6b69ccfc,computer,Desktop or Laptop,Windows 10,Chrome 131.0.0.0,1920x1080,1920x945,,,0,Memory Practice Clone,7,Inaccurate~Accurate,2,,Inaccurate~Inaccurate~Accurate,,Inaccurate~Accurate,Spreadsheet1,Spreadsheet1,,,,,,info,END,,,22129,,,,0,,,,,,,,,,,,,,,,,
1,1737474800758,21/01/2025 15:53:20,1737456800758,-5,21/01/2025 05:53:20,153647,19,task-xcgh,repeat-3dmk#2->-repeat-tj2w#3,42630601,BLIND,12435175,,complete,,678fbd94798f300a6b69ccfc,computer,Desktop or Laptop,Windows 10,Chrome 131.0.0.0,1920x1080,1920x945,,,0,Memory Practice Clone,7,Inaccurate~Accurate,2,,Inaccurate~Inaccurate~Accurate,,Inaccurate~Accurate,Spreadsheet1,Spreadsheet1,,,,,,info,BEGIN,,,,,,,0,,,,,,,,,,,,,,,,,
2,1737474802785,21/01/2025 15:53:22,1737456802785,-5,21/01/2025 05:53:22,153647,19,task-xcgh,repeat-3dmk#2->-repeat-tj2w#3,42630601,BLIND,12435175,,complete,,678fbd94798f300a6b69ccfc,computer,Desktop or Laptop,Windows 10,Chrome 131.0.0.0,1920x1080,1920x945,,,0,Memory Practice Clone,7,Inaccurate~Accurate,2,,Inaccurate~Inaccurate~Accurate,,Inaccurate~Accurate,Spreadsheet1,Spreadsheet1,1,instructions,Screen 2,1kaj8e,1,continue,,2042.4020000238415,2038.902,2042.4020000238415,2042.4020000238415,2038.902,2042.4020000238415,1,2042.4020000238415,0,0,,Click To Continue,Continue Button,2,object-7,instructions,,,,,,,0,0
3,1737474805780,21/01/2025 15:53:25,1737456805780,-5,21/01/2025 05:53:25,153647,19,task-xcgh,repeat-3dmk#2->-repeat-tj2w#3,42630601,BLIND,12435175,,complete,,678fbd94798f300a6b69ccfc,computer,Desktop or Laptop,Windows 10,Chrome 131.0.0.0,1920x1080,1920x945,,,0,Memory Practice Clone,7,Inaccurate~Accurate,2,,Inaccurate~Inaccurate~Accurate,,Inaccurate~Accurate,Spreadsheet1,Spreadsheet1,1,instructions,Screen 3,j5lb3b,2,timedOut,,2999.299999976158,2998.3999999999996,2999.299999976158,2999.299999976158,2998.3999999999996,2999.299999976158,1,2999.299999976158,0,0,,Time Limit,screen,0,screen,instructions,,,,,,,0,0
4,1737474816282,21/01/2025 15:53:36,1737456816282,-5,21/01/2025 05:53:36,153647,19,task-xcgh,repeat-3dmk#2->-repeat-tj2w#3,42630601,BLIND,12435175,,complete,,678fbd94798f300a6b69ccfc,computer,Desktop or Laptop,Windows 10,Chrome 131.0.0.0,1920x1080,1920x945,,,0,Memory Practice Clone,7,Inaccurate~Accurate,2,,Inaccurate~Inaccurate~Accurate,,Inaccurate~Accurate,Spreadsheet1,Spreadsheet1,1,image,Trials,mxeghn,1,response,1,10494.299999999996,10477.599999999999,10494.299999999996,10494.299999999996,10477.599999999999,10494.299999999996,1,10494.299999999996,0,0,,Keyboard Response,Keyboard Response,2,object-4,image,1,instr_photo_3.jpg,Screen 3,5,3,,1,1
5,1737474819189,21/01/2025 15:53:39,1737456819189,-5,21/01/2025 05:53:39,153647,19,task-xcgh,repeat-3dmk#2->-repeat-tj2w#3,42630601,BLIND,12435175,,complete,,678fbd94798f300a6b69ccfc,computer,Desktop or Laptop,Windows 10,Chrome 131.0.0.0,1920x1080,1920x945,,,0,Memory Practice Clone,7,Inaccurate~Accurate,2,,Inaccurate~Inaccurate~Accurate,,Inaccurate~Accurate,Spreadsheet1,Spreadsheet1,1,image,Screen 3,ornkij,2,response,3,1931.5000000238433,1915.6000000000022,1931.5000000238433,1931.5000000238433,1915.6000000000022,1931.5000000238433,1,1931.5000000238433,0,0,,Keyboard Response,Keyboard Response,2,object-25,image,1,instr_photo_3.jpg,Screen 3,5,3,,2,2
6,1737474822125,21/01/2025 15:53:42,1737456822125,-5,21/01/2025 05:53:42,153647,19,task-xcgh,repeat-3dmk#2->-repeat-tj2w#3,42630601,BLIND,12435175,,complete,,678fbd94798f300a6b69ccfc,computer,Desktop or Laptop,Windows 10,Chrome 131.0.0.0,1920x1080,1920x945,,,0,Memory Practice Clone,7,Inaccurate~Accurate,2,,Inaccurate~Inaccurate~Accurate,,Inaccurate~Accurate,Spreadsheet1,Spreadsheet1,1,image,Screen 2,ou4ign,3,response,5,1953.1000000238419,1949,1953.1000000238419,1953.1000000238419,1949,1953.1000000238419,1,1953.1000000238419,0,0,,Keyboard Response,Keyboard Response,3,object-22,image,1,instr_photo_3.jpg,Screen 3,5,3,,3,3
7,1737474823122,21/01/2025 15:53:43,1737456823122,-5,21/01/2025 05:53:43,153647,19,task-xcgh,repeat-3dmk#2->-repeat-tj2w#3,42630601,BLIND,12435175,,complete,,678fbd94798f300a6b69ccfc,computer,Desktop or Laptop,Windows 10,Chrome 131.0.0.0,1920x1080,1920x945,,,0,Memory Practice Clone,7,Inaccurate~Accurate,2,,Inaccurate~Inaccurate~Accurate,,Inaccurate~Accurate,Spreadsheet1,Spreadsheet1,,,,,,info,END,,,22275,,,,0,,,,,,,,,,,,,,,,,
1,1737474847453,21/01/2025 15:54:07,1737453247453,-6,21/01/2025 03:54:07,153647,19,task-xcgh,repeat-3dmk#5->-repeat-tj2w#1,42630631,BLIND,12435162,,complete,,678fbd5753d94ce99f315d84,computer,Desktop or Laptop,Windows 10,Chrome 131.0.0.0,1280x800,1280x673,,,0,Memory Practice Clone,7,Inaccurate~Inaccurate~Inaccurate~Inaccurate~Accurate,2,,Inaccurate~Inaccurate~Inaccurate~Inaccurate~Accurate,,Inaccurate~Accurate,Spreadsheet1,Spreadsheet1,,,,,,info,BEGIN,,,,,,,0,,,,,,,,,,,,,,,,,
2,1737474851865,21/01/2025 15:54:11,1737453251865,-6,21/01/2025 03:54:11,153647,19,task-xcgh,repeat-3dmk#5->-repeat-tj2w#1,42630631,BLIND,12435162,,complete,,678fbd5753d94ce99f315d84,computer,Desktop or Laptop,Windows 10,Chrome 131.0.0.0,1280x800,1280x673,,,0,Memory Practice Clone,7,Inaccurate~Inaccurate~Inaccurate~Inaccurate~Accurate,2,,Inaccurate~Inaccurate~Inaccurate~Inaccurate~Accurate,,Inaccurate~Accurate,Spreadsheet1,Spreadsheet1,1,instructions,Screen 2,1kaj8e,1,continue,,4430.9,4428.799999999999,4430.9,4430.9,4428.799999999999,4430.9,1,4430.9,0,0,,Click To Continue,Continue Button,2,object-7,instructions,,,,,,,0,0
3,1737474854861,21/01/2025 15:54:14,1737453254861,-6,21/01/2025 03:54:14,153647,19,task-xcgh,repeat-3dmk#5->-repeat-tj2w#1,42630631,BLIND,12435162,,complete,,678fbd5753d94ce99f315d84,computer,Desktop or Laptop,Windows 10,Chrome 131.0.0.0,1280x800,1280x673,,,0,Memory Practice Clone,7,Inaccurate~Inaccurate~Inaccurate~Inaccurate~Accurate,2,,Inaccurate~Inaccurate~Inaccurate~Inaccurate~Accurate,,Inaccurate~Accurate,Spreadsheet1,Spreadsheet1,1,instructions,Screen 3,j5lb3b,2,timedOut,,2999.1000000000004,2999.000000000002,2999.1000000000004,2999.1000000000004,2999.000000000002,2999.1000000000004,1,2999.1000000000004,0,0,,Time Limit,screen,0,screen,instructions,,,,,,,0,0
4,1737474863108,21/01/2025 15:54:23,1737453263108,-6,21/01/2025 03:54:23,153647,19,task-xcgh,repeat-3dmk#5->-repeat-tj2w#1,42630631,BLIND,12435162,,complete,,678fbd5753d94ce99f315d84,computer,Desktop or Laptop,Windows 10,Chrome 131.0.0.0,1280x800,1280x673,,,0,Memory Practice Clone,7,Inaccurate~Inaccurate~Inaccurate~Inaccurate~Accurate,2,,Inaccurate~Inaccurate~Inaccurate~Inaccurate~Accurate,,Inaccurate~Accurate,Spreadsheet1,Spreadsheet1,1,image,Trials,mxeghn,1,response,1,8246.099999999999,8230.5,8246.099999999999,8246.099999999999,8230.5,8246.099999999999,1,8246.099999999999,0,0,,Keyboard Response,Keyboard Response,2,object-4,image,1,instr_photo_3.jpg,Screen 3,5,3,,1,1
5,1737474865308,21/01/2025 15:54:25,1737453265308,-6,21/01/2025 03:54:25,153647,19,task-xcgh,repeat-3dmk#5->-repeat-tj2w#1,42630631,BLIND,12435162,,complete,,678fbd5753d94ce99f315d84,computer,Desktop or Laptop,Windows 10,Chrome 131.0.0.0,1280x800,1280x673,,,0,Memory Practice Clone,7,Inaccurate~Inaccurate~Inaccurate~Inaccurate~Accurate,2,,Inaccurate~Inaccurate~Inaccurate~Inaccurate~Accurate,,Inaccurate~Accurate,Spreadsheet1,Spreadsheet1,1,image,Screen 3,ornkij,2,response,1,1215.9000000000015,1199.6000000000022,1215.9000000000015,1215.9000000000015,1199.6000000000022,1215.9000000000015,0,1215.9000000000015,0,0,,Keyboard Response,Keyboard Response,2,object-25,image,1,instr_photo_3.jpg,Screen 3,5,3,,1,2
6,1737474867857,21/01/2025 15:54:27,1737453267857,-6,21/01/2025 03:54:27,153647,19,task-xcgh,repeat-3dmk#5->-repeat-tj2w#1,42630631,BLIND,12435162,,complete,,678fbd5753d94ce99f315d84,computer,Desktop or Laptop,Windows 10,Chrome 131.0.0.0,1280x800,1280x673,,,0,Memory Practice Clone,7,Inaccurate~Inaccurate~Inaccurate~Inaccurate~Accurate,2,,Inaccurate~Inaccurate~Inaccurate~Inaccurate~Accurate,,Inaccurate~Accurate,Spreadsheet1,Spreadsheet1,1,image,Screen 2,ou4ign,3,response,1,1566.0999999999985,1549.5,1566.0999999999985,1566.0999999999985,1549.5,1566.0999999999985,0,1566.0999999999985,0,0,,Keyboard Response,Keyboard Response,3,object-22,image,1,instr_photo_3.jpg,Screen 3,5,3,,1,3
7,1737474868841,21/01/2025 15:54:28,1737453268841,-6,21/01/2025 03:54:28,153647,19,task-xcgh,repeat-3dmk#5->-repeat-tj2w#1,42630631,BLIND,12435162,,complete,,678fbd5753d94ce99f315d84,computer,Desktop or Laptop,Windows 10,Chrome 131.0.0.0,1280x800,1280x673,,,0,Memory Practice Clone,7,Inaccurate~Inaccurate~Inaccurate~Inaccurate~Accurate,2,,Inaccurate~Inaccurate~Inaccurate~Inaccurate~Accurate,,Inaccurate~Accurate,Spreadsheet1,Spreadsheet1,,,,,,info,END,,,21266,,,,0,,,,,,,,,,,,,,,,,
1,1737474959540,21/01/2025 15:55:59,1737453359540,-6,21/01/2025 03:55:59,153647,19,task-xcgh,repeat-3dmk#5->-repeat-tj2w#2,42630720,BLIND,12435162,,complete,,678fbd5753d94ce99f315d84,computer,Desktop or Laptop,Windows 10,Chrome 131.0.0.0,1280x800,1280x673,,,0,Memory Practice Clone,7,Inaccurate~Inaccurate~Inaccurate~Inaccurate~Accurate,2,,Inaccurate~Inaccurate~Inaccurate~Inaccurate~Accurate,,Inaccurate~Accurate,Spreadsheet1,Spreadsheet1,,,,,,info,BEGIN,,,,,,,0,,,,,,,,,,,,,,,,,
2,1737474964031,21/01/2025 15:56:04,1737453364031,-6,21/01/2025 03:56:04,153647,19,task-xcgh,repeat-3dmk#5->-repeat-tj2w#2,42630720,BLIND,12435162,,complete,,678fbd5753d94ce99f315d84,computer,Desktop or Laptop,Windows 10,Chrome 131.0.0.0,1280x800,1280x673,,,0,Memory Practice Clone,7,Inaccurate~Inaccurate~Inaccurate~Inaccurate~Accurate,2,,Inaccurate~Inaccurate~Inaccurate~Inaccurate~Accurate,,Inaccurate~Accurate,Spreadsheet1,Spreadsheet1,1,instructions,Screen 2,1kaj8e,1,continue,,4504.700000000001,4498.5,4504.700000000001,4504.700000000001,4498.5,4504.700000000001,1,4504.700000000001,0,0,,Click To Continue,Continue Button,2,object-7,instructions,,,,,,,0,0
3,1737474967024,21/01/2025 15:56:07,1737453367024,-6,21/01/2025 03:56:07,153647,19,task-xcgh,repeat-3dmk#5->-repeat-tj2w#2,42630720,BLIND,12435162,,complete,,678fbd5753d94ce99f315d84,computer,Desktop or Laptop,Windows 10,Chrome 131.0.0.0,1280x800,1280x673,,,0,Memory Practice Clone,7,Inaccurate~Inaccurate~Inaccurate~Inaccurate~Accurate,2,,Inaccurate~Inaccurate~Inaccurate~Inaccurate~Accurate,,Inaccurate~Accurate,Spreadsheet1,Spreadsheet1,1,instructions,Screen 3,j5lb3b,2,timedOut,,3000.2000000000007,2998.9000000000015,3000.2000000000007,3000.2000000000007,2998.9000000000015,3000.2000000000007,1,3000.2000000000007,0,0,,Time Limit,screen,0,screen,instructions,,,,,,,0,0
4,1737474968044,21/01/2025 15:56:08,1737453368044,-6,21/01/2025 03:56:08,153647,19,task-xcgh,repeat-3dmk#5->-repeat-tj2w#2,42630720,BLIND,12435162,,complete,,678fbd5753d94ce99f315d84,computer,Desktop or Laptop,Windows 10,Chrome 131.0.0.0,1280x800,1280x673,,,0,Memory Practice Clone,7,Inaccurate~Inaccurate~Inaccurate~Inaccurate~Accurate,2,,Inaccurate~Inaccurate~Inaccurate~Inaccurate~Accurate,,Inaccurate~Accurate,Spreadsheet1,Spreadsheet1,1,image,Trials,mxeghn,1,response,1,1020.2999999999993,1016.3999999999978,1020.2999999999993,1020.2999999999993,1016.3999999999978,1020.2999999999993,1,1020.2999999999993,0,0,,Keyboard Response,Keyboard Response,2,object-4,image,1,instr_photo_3.jpg,Screen 3,5,3,,1,1
5,1737474969704,21/01/2025 15:56:09,1737453369704,-6,21/01/2025 03:56:09,153647,19,task-xcgh,repeat-3dmk#5->-repeat-tj2w#2,42630720,BLIND,12435162,,complete,,678fbd5753d94ce99f315d84,computer,Desktop or Laptop,Windows 10,Chrome 131.0.0.0,1280x800,1280x673,,,0,Memory Practice Clone,7,Inaccurate~Inaccurate~Inaccurate~Inaccurate~Accurate,2,,Inaccurate~Inaccurate~Inaccurate~Inaccurate~Accurate,,Inaccurate~Accurate,Spreadsheet1,Spreadsheet1,1,image,Screen 3,ornkij,2,response,1,664.2000000000007,649.7000000000007,664.2000000000007,664.2000000000007,649.7000000000007,664.2000000000007,0,664.2000000000007,0,0,,Keyboard Response,Keyboard Response,2,object-25,image,1,instr_photo_3.jpg,Screen 3,5,3,,1,2
6,1737474974859,21/01/2025 15:56:14,1737453374859,-6,21/01/2025 03:56:14,153647,19,task-xcgh,repeat-3dmk#5->-repeat-tj2w#2,42630720,BLIND,12435162,,complete,,678fbd5753d94ce99f315d84,computer,Desktop or Laptop,Windows 10,Chrome 131.0.0.0,1280x800,1280x673,,,0,Memory Practice Clone,7,Inaccurate~Inaccurate~Inaccurate~Inaccurate~Accurate,2,,Inaccurate~Inaccurate~Inaccurate~Inaccurate~Accurate,,Inaccurate~Accurate,Spreadsheet1,Spreadsheet1,1,image,Screen 2,ou4ign,3,response,6,4170.799999999999,4165.200000000001,4170.799999999999,4170.799999999999,4165.200000000001,4170.799999999999,0,4170.799999999999,0,0,,Keyboard Response,Keyboard Response,3,object-22,image,1,instr_photo_3.jpg,Screen 3,5,3,,1,3
7,1737474975855,21/01/2025 15:56:15,1737453375855,-6,21/01/2025 03:56:15,153647,19,task-xcgh,repeat-3dmk#5->-repeat-tj2w#2,42630720,BLIND,12435162,,complete,,678fbd5753d94ce99f315d84,computer,Desktop or Laptop,Windows 10,Chrome 131.0.0.0,1280x800,1280x673,,,0,Memory Practice Clone,7,Inaccurate~Inaccurate~Inaccurate~Inaccurate~Accurate,2,,Inaccurate~Inaccurate~Inaccurate~Inaccurate~Accurate,,Inaccurate~Accurate,Spreadsheet1,Spreadsheet1,,,,,,info,END,,,16200,,,,0,,,,,,,,,,,,,,,,,
1,1737475064839,21/01/2025 15:57:44,1737453464839,-6,21/01/2025 03:57:44,153647,19,task-xcgh,repeat-3dmk#5->-repeat-tj2w#3,42630801,BLIND,12435162,,complete,,678fbd5753d94ce99f315d84,computer,Desktop or Laptop,Windows 10,Chrome 131.0.0.0,1280x800,1280x673,,,0,Memory Practice Clone,7,Inaccurate~Inaccurate~Inaccurate~Inaccurate~Accurate,2,,Inaccurate~Inaccurate~Inaccurate~Inaccurate~Accurate,,Inaccurate~Accurate,Spreadsheet1,Spreadsheet1,,,,,,info,BEGIN,,,,,,,0,,,,,,,,,,,,,,,,,
2,1737475067579,21/01/2025 15:57:47,1737453467579,-6,21/01/2025 03:57:47,153647,19,task-xcgh,repeat-3dmk#5->-repeat-tj2w#3,42630801,BLIND,12435162,,complete,,678fbd5753d94ce99f315d84,computer,Desktop or Laptop,Windows 10,Chrome 131.0.0.0,1280x800,1280x673,,,0,Memory Practice Clone,7,Inaccurate~Inaccurate~Inaccurate~Inaccurate~Accurate,2,,Inaccurate~Inaccurate~Inaccurate~Inaccurate~Accurate,,Inaccurate~Accurate,Spreadsheet1,Spreadsheet1,1,instructions,Screen 2,1kaj8e,1,continue,,2753.37,2747.2699999999995,2753.37,2753.37,2747.2699999999995,2753.37,1,2753.37,0,0,,Click To Continue,Continue Button,2,object-7,instructions,,,,,,,0,0
3,1737475070572,21/01/2025 15:57:50,1737453470572,-6,21/01/2025 03:57:50,153647,19,task-xcgh,repeat-3dmk#5->-repeat-tj2w#3,42630801,BLIND,12435162,,complete,,678fbd5753d94ce99f315d84,computer,Desktop or Laptop,Windows 10,Chrome 131.0.0.0,1280x800,1280x673,,,0,Memory Practice Clone,7,Inaccurate~Inaccurate~Inaccurate~Inaccurate~Accurate,2,,Inaccurate~Inaccurate~Inaccurate~Inaccurate~Accurate,,Inaccurate~Accurate,Spreadsheet1,Spreadsheet1,1,instructions,Screen 3,j5lb3b,2,timedOut,,3000.1000000000004,2999,3000.1000000000004,3000.1000000000004,2999,3000.1000000000004,1,3000.1000000000004,0,0,,Time Limit,screen,0,screen,instructions,,,,,,,0,0
4,1737475071469,21/01/2025 15:57:51,1737453471469,-6,21/01/2025 03:57:51,153647,19,task-xcgh,repeat-3dmk#5->-repeat-tj2w#3,42630801,BLIND,12435162,,complete,,678fbd5753d94ce99f315d84,computer,Desktop or Laptop,Windows 10,Chrome 131.0.0.0,1280x800,1280x673,,,0,Memory Practice Clone,7,Inaccurate~Inaccurate~Inaccurate~Inaccurate~Accurate,2,,Inaccurate~Inaccurate~Inaccurate~Inaccurate~Accurate,,Inaccurate~Accurate,Spreadsheet1,Spreadsheet1,1,image,Trials,mxeghn,1,response,1,897.1000000000004,883,897.1000000000004,897.1000000000004,883,897.1000000000004,1,897.1000000000004,0,0,,Keyboard Response,Keyboard Response,2,object-4,image,1,instr_photo_3.jpg,Screen 3,5,3,,1,1
5,1737475073568,21/01/2025 15:57:53,1737453473568,-6,21/01/2025 03:57:53,153647,19,task-xcgh,repeat-3dmk#5->-repeat-tj2w#3,42630801,BLIND,12435162,,complete,,678fbd5753d94ce99f315d84,computer,Desktop or Laptop,Windows 10,Chrome 131.0.0.0,1280x800,1280x673,,,0,Memory Practice Clone,7,Inaccurate~Inaccurate~Inaccurate~Inaccurate~Accurate,2,,Inaccurate~Inaccurate~Inaccurate~Inaccurate~Accurate,,Inaccurate~Accurate,Spreadsheet1,Spreadsheet1,1,image,Screen 3,ornkij,2,response,2,1113.5,1099.7000000000007,1113.5,1113.5,1099.7000000000007,1113.5,0,1113.5,0,0,,Keyboard Response,Keyboard Response,2,object-25,image,1,instr_photo_3.jpg,Screen 3,5,3,,1,2
6,1737475082822,21/01/2025 15:58:02,1737453482822,-6,21/01/2025 03:58:02,153647,19,task-xcgh,repeat-3dmk#5->-repeat-tj2w#3,42630801,BLIND,12435162,,complete,,678fbd5753d94ce99f315d84,computer,Desktop or Laptop,Windows 10,Chrome 131.0.0.0,1280x800,1280x673,,,0,Memory Practice Clone,7,Inaccurate~Inaccurate~Inaccurate~Inaccurate~Accurate,2,,Inaccurate~Inaccurate~Inaccurate~Inaccurate~Accurate,,Inaccurate~Accurate,Spreadsheet1,Spreadsheet1,1,image,Screen 2,ou4ign,3,response,3,8269.099999999999,8263.8,8269.099999999999,8269.099999999999,8263.8,8269.099999999999,0,8269.099999999999,0,0,,Keyboard Response,Keyboard Response,3,object-22,image,1,instr_photo_3.jpg,Screen 3,5,3,,1,3
7,1737475083818,21/01/2025 15:58:03,1737453483818,-6,21/01/2025 03:58:03,153647,19,task-xcgh,repeat-3dmk#5->-repeat-tj2w#3,42630801,BLIND,12435162,,complete,,678fbd5753d94ce99f315d84,computer,Desktop or Laptop,Windows 10,Chrome 131.0.0.0,1280x800,1280x673,,,0,Memory Practice Clone,7,Inaccurate~Inaccurate~Inaccurate~Inaccurate~Accurate,2,,Inaccurate~Inaccurate~Inaccurate~Inaccurate~Accurate,,Inaccurate~Accurate,Spreadsheet1,Spreadsheet1,,,,,,info,END,,,18874,,,,0,,,,,,,,,,,,,,,,,
1,1737475161521,21/01/2025 15:59:21,1737453561521,-6,21/01/2025 03:59:21,153647,19,task-xcgh,repeat-3dmk#5->-repeat-tj2w#4,42630885,BLIND,12435162,,complete,,678fbd5753d94ce99f315d84,computer,Desktop or Laptop,Windows 10,Chrome 131.0.0.0,1280x800,1280x673,,,0,Memory Practice Clone,7,Inaccurate~Inaccurate~Inaccurate~Inaccurate~Accurate,2,,Inaccurate~Inaccurate~Inaccurate~Inaccurate~Accurate,,Inaccurate~Accurate,Spreadsheet1,Spreadsheet1,,,,,,info,BEGIN,,,,,,,0,,,,,,,,,,,,,,,,,
2,1737475163625,21/01/2025 15:59:23,1737453563625,-6,21/01/2025 03:59:23,153647,19,task-xcgh,repeat-3dmk#5->-repeat-tj2w#4,42630885,BLIND,12435162,,complete,,678fbd5753d94ce99f315d84,computer,Desktop or Laptop,Windows 10,Chrome 131.0.0.0,1280x800,1280x673,,,0,Memory Practice Clone,7,Inaccurate~Inaccurate~Inaccurate~Inaccurate~Accurate,2,,Inaccurate~Inaccurate~Inaccurate~Inaccurate~Accurate,,Inaccurate~Accurate,Spreadsheet1,Spreadsheet1,1,instructions,Screen 2,1kaj8e,1,continue,,2118.3999999999996,2115.8999999999996,2118.3999999999996,2118.3999999999996,2115.8999999999996,2118.3999999999996,1,2118.3999999999996,0,0,,Click To Continue,Continue Button,2,object-7,instructions,,,,,,,0,0
3,1737475166622,21/01/2025 15:59:26,1737453566622,-6,21/01/2025 03:59:26,153647,19,task-xcgh,repeat-3dmk#5->-repeat-tj2w#4,42630885,BLIND,12435162,,complete,,678fbd5753d94ce99f315d84,computer,Desktop or Laptop,Windows 10,Chrome 131.0.0.0,1280x800,1280x673,,,0,Memory Practice Clone,7,Inaccurate~Inaccurate~Inaccurate~Inaccurate~Accurate,2,,Inaccurate~Inaccurate~Inaccurate~Inaccurate~Accurate,,Inaccurate~Accurate,Spreadsheet1,Spreadsheet1,1,instructions,Screen 3,j5lb3b,2,timedOut,,2999.5,2999,2999.5,2999.5,2999,2999.5,1,2999.5,0,0,,Time Limit,screen,0,screen,instructions,,,,,,,0,0
4,1737475169847,21/01/2025 15:59:29,1737453569847,-6,21/01/2025 03:59:29,153647,19,task-xcgh,repeat-3dmk#5->-repeat-tj2w#4,42630885,BLIND,12435162,,complete,,678fbd5753d94ce99f315d84,computer,Desktop or Laptop,Windows 10,Chrome 131.0.0.0,1280x800,1280x673,,,0,Memory Practice Clone,7,Inaccurate~Inaccurate~Inaccurate~Inaccurate~Accurate,2,,Inaccurate~Inaccurate~Inaccurate~Inaccurate~Accurate,,Inaccurate~Accurate,Spreadsheet1,Spreadsheet1,1,image,Trials,mxeghn,1,response,1,3225.5,3215.6000000000004,3225.5,3225.5,3215.6000000000004,3225.5,1,3225.5,0,0,,Keyboard Response,Keyboard Response,2,object-4,image,1,instr_photo_3.jpg,Screen 3,5,3,,1,1
5,1737475174899,21/01/2025 15:59:34,1737453574899,-6,21/01/2025 03:59:34,153647,19,task-xcgh,repeat-3dmk#5->-repeat-tj2w#4,42630885,BLIND,12435162,,complete,,678fbd5753d94ce99f315d84,computer,Desktop or Laptop,Windows 10,Chrome 131.0.0.0,1280x800,1280x673,,,0,Memory Practice Clone,7,Inaccurate~Inaccurate~Inaccurate~Inaccurate~Accurate,2,,Inaccurate~Inaccurate~Inaccurate~Inaccurate~Accurate,,Inaccurate~Accurate,Spreadsheet1,Spreadsheet1,1,image,Screen 3,ornkij,2,response,3,4062.2999999999993,4048.7000000000007,4062.2999999999993,4062.2999999999993,4048.7000000000007,4062.2999999999993,1,4062.2999999999993,0,0,,Keyboard Response,Keyboard Response,2,object-25,image,1,instr_photo_3.jpg,Screen 3,5,3,,2,2
6,1737475182075,21/01/2025 15:59:42,1737453582075,-6,21/01/2025 03:59:42,153647,19,task-xcgh,repeat-3dmk#5->-repeat-tj2w#4,42630885,BLIND,12435162,,complete,,678fbd5753d94ce99f315d84,computer,Desktop or Laptop,Windows 10,Chrome 131.0.0.0,1280x800,1280x673,,,0,Memory Practice Clone,7,Inaccurate~Inaccurate~Inaccurate~Inaccurate~Accurate,2,,Inaccurate~Inaccurate~Inaccurate~Inaccurate~Accurate,,Inaccurate~Accurate,Spreadsheet1,Spreadsheet1,1,image,Screen 2,ou4ign,3,response,4,6189.9000000000015,6181.100000000002,6189.9000000000015,6189.9000000000015,6181.100000000002,6189.9000000000015,0,6189.9000000000015,0,0,,Keyboard Response,Keyboard Response,3,object-22,image,1,instr_photo_3.jpg,Screen 3,5,3,,2,3
7,1737475183067,21/01/2025 15:59:43,1737453583067,-6,21/01/2025 03:59:43,153647,19,task-xcgh,repeat-3dmk#5->-repeat-tj2w#4,42630885,BLIND,12435162,,complete,,678fbd5753d94ce99f315d84,computer,Desktop or Laptop,Windows 10,Chrome 131.0.0.0,1280x800,1280x673,,,0,Memory Practice Clone,7,Inaccurate~Inaccurate~Inaccurate~Inaccurate~Accurate,2,,Inaccurate~Inaccurate~Inaccurate~Inaccurate~Accurate,,Inaccurate~Accurate,Spreadsheet1,Spreadsheet1,,,,,,info,END,,,21439,,,,0,,,,,,,,,,,,,,,,,
1,1737475194677,21/01/2025 15:59:54,1737446394677,-8,20/01/2025 23:59:54,153647,19,task-xcgh,repeat-3dmk#4->-repeat-tj2w#1,42630898,BLIND,12435184,,complete,,678fbdae4517087201af1442,computer,Desktop or Laptop,Windows 10,Chrome 131.0.0.0,1366x768,1366x641,,,0,Memory Practice Clone,7,Inaccurate~Inaccurate~Inaccurate~Accurate,2,,Inaccurate~Accurate,,Accurate,Spreadsheet1,Spreadsheet1,,,,,,info,BEGIN,,,,,,,0,,,,,,,,,,,,,,,,,
2,1737475205421,21/01/2025 16:00:05,1737446405421,-8,21/01/2025 00:00:05,153647,19,task-xcgh,repeat-3dmk#4->-repeat-tj2w#1,42630898,BLIND,12435184,,complete,,678fbdae4517087201af1442,computer,Desktop or Laptop,Windows 10,Chrome 131.0.0.0,1366x768,1366x641,,,0,Memory Practice Clone,7,Inaccurate~Inaccurate~Inaccurate~Accurate,2,,Inaccurate~Accurate,,Accurate,Spreadsheet1,Spreadsheet1,1,instructions,Screen 2,1kaj8e,1,continue,,10763.766,10750.865999999998,10763.766,10763.766,10750.865999999998,10763.766,1,10763.766,0,0,,Click To Continue,Continue Button,2,object-7,instructions,,,,,,,0,0
3,1737475208407,21/01/2025 16:00:08,1737446408407,-8,21/01/2025 00:00:08,153647,19,task-xcgh,repeat-3dmk#4->-repeat-tj2w#1,42630898,BLIND,12435184,,complete,,678fbdae4517087201af1442,computer,Desktop or Laptop,Windows 10,Chrome 131.0.0.0,1366x768,1366x641,,,0,Memory Practice Clone,7,Inaccurate~Inaccurate~Inaccurate~Accurate,2,,Inaccurate~Accurate,,Accurate,Spreadsheet1,Spreadsheet1,1,instructions,Screen 3,j5lb3b,2,timedOut,,3001.0000000238433,3000.2000000000007,3001.0000000238433,3001.0000000238433,3000.2000000000007,3001.0000000238433,1,3001.0000000238433,0,0,,Time Limit,screen,0,screen,instructions,,,,,,,0,0
4,1737475209962,21/01/2025 16:00:09,1737446409962,-8,21/01/2025 00:00:09,153647,19,task-xcgh,repeat-3dmk#4->-repeat-tj2w#1,42630898,BLIND,12435184,,complete,,678fbdae4517087201af1442,computer,Desktop or Laptop,Windows 10,Chrome 131.0.0.0,1366x768,1366x641,,,0,Memory Practice Clone,7,Inaccurate~Inaccurate~Inaccurate~Accurate,2,,Inaccurate~Accurate,,Accurate,Spreadsheet1,Spreadsheet1,1,image,Trials,mxeghn,1,response,1,1554.3000000238426,1550.1000000000022,1554.3000000238426,1554.3000000238426,1550.1000000000022,1554.3000000238426,1,1554.3000000238426,0,0,,Keyboard Response,Keyboard Response,2,object-4,image,1,instr_photo_3.jpg,Screen 3,5,3,,1,1
5,1737475213897,21/01/2025 16:00:13,1737446413897,-8,21/01/2025 00:00:13,153647,19,task-xcgh,repeat-3dmk#4->-repeat-tj2w#1,42630898,BLIND,12435184,,complete,,678fbdae4517087201af1442,computer,Desktop or Laptop,Windows 10,Chrome 131.0.0.0,1366x768,1366x641,,,0,Memory Practice Clone,7,Inaccurate~Inaccurate~Inaccurate~Accurate,2,,Inaccurate~Accurate,,Accurate,Spreadsheet1,Spreadsheet1,1,image,Screen 3,ornkij,2,response,1,2940.399999976158,2933.4000000000015,2940.399999976158,2940.399999976158,2933.4000000000015,2940.399999976158,0,2940.399999976158,0,0,,Keyboard Response,Keyboard Response,2,object-25,image,1,instr_photo_3.jpg,Screen 3,5,3,,1,2
6,1737475217140,21/01/2025 16:00:17,1737446417140,-8,21/01/2025 00:00:17,153647,19,task-xcgh,repeat-3dmk#4->-repeat-tj2w#1,42630898,BLIND,12435184,,complete,,678fbdae4517087201af1442,computer,Desktop or Laptop,Windows 10,Chrome 131.0.0.0,1366x768,1366x641,,,0,Memory Practice Clone,7,Inaccurate~Inaccurate~Inaccurate~Accurate,2,,Inaccurate~Accurate,,Accurate,Spreadsheet1,Spreadsheet1,1,image,Screen 2,ou4ign,3,response,1,2249.7000000238404,2233.5999999999985,2249.7000000238404,2249.7000000238404,2233.5999999999985,2249.7000000238404,0,2249.7000000238404,0,0,,Keyboard Response,Keyboard Response,3,object-22,image,1,instr_photo_3.jpg,Screen 3,5,3,,1,3
7,1737475218125,21/01/2025 16:00:18,1737446418125,-8,21/01/2025 00:00:18,153647,19,task-xcgh,repeat-3dmk#4->-repeat-tj2w#1,42630898,BLIND,12435184,,complete,,678fbdae4517087201af1442,computer,Desktop or Laptop,Windows 10,Chrome 131.0.0.0,1366x768,1366x641,,,0,Memory Practice Clone,7,Inaccurate~Inaccurate~Inaccurate~Accurate,2,,Inaccurate~Accurate,,Accurate,Spreadsheet1,Spreadsheet1,,,,,,info,END,,,23380,,,,0,,,,,,,,,,,,,,,,,
1,1737475259585,21/01/2025 16:00:59,1737453659585,-6,21/01/2025 04:00:59,153647,19,task-xcgh,repeat-3dmk#5->-repeat-tj2w#5,42630951,BLIND,12435162,,complete,,678fbd5753d94ce99f315d84,computer,Desktop or Laptop,Windows 10,Chrome 131.0.0.0,1280x800,1280x673,,,0,Memory Practice Clone,7,Inaccurate~Inaccurate~Inaccurate~Inaccurate~Accurate,2,,Inaccurate~Inaccurate~Inaccurate~Inaccurate~Accurate,,Inaccurate~Accurate,Spreadsheet1,Spreadsheet1,,,,,,info,BEGIN,,,,,,,0,,,,,,,,,,,,,,,,,
2,1737475264965,21/01/2025 16:01:04,1737453664965,-6,21/01/2025 04:01:04,153647,19,task-xcgh,repeat-3dmk#5->-repeat-tj2w#5,42630951,BLIND,12435162,,complete,,678fbd5753d94ce99f315d84,computer,Desktop or Laptop,Windows 10,Chrome 131.0.0.0,1280x800,1280x673,,,0,Memory Practice Clone,7,Inaccurate~Inaccurate~Inaccurate~Inaccurate~Accurate,2,,Inaccurate~Inaccurate~Inaccurate~Inaccurate~Accurate,,Inaccurate~Accurate,Spreadsheet1,Spreadsheet1,1,instructions,Screen 2,1kaj8e,1,continue,,5390.8,5381.599999999999,5390.8,5390.8,5381.599999999999,5390.8,1,5390.8,0,0,,Click To Continue,Continue Button,2,object-7,instructions,,,,,,,0,0
3,1737475267954,21/01/2025 16:01:07,1737453667954,-6,21/01/2025 04:01:07,153647,19,task-xcgh,repeat-3dmk#5->-repeat-tj2w#5,42630951,BLIND,12435162,,complete,,678fbd5753d94ce99f315d84,computer,Desktop or Laptop,Windows 10,Chrome 131.0.0.0,1280x800,1280x673,,,0,Memory Practice Clone,7,Inaccurate~Inaccurate~Inaccurate~Inaccurate~Accurate,2,,Inaccurate~Inaccurate~Inaccurate~Inaccurate~Accurate,,Inaccurate~Accurate,Spreadsheet1,Spreadsheet1,1,instructions,Screen 3,j5lb3b,2,timedOut,,2999.2000000000007,2998.9000000000015,2999.2000000000007,2999.2000000000007,2998.9000000000015,2999.2000000000007,1,2999.2000000000007,0,0,,Time Limit,screen,0,screen,instructions,,,,,,,0,0
4,1737475268967,21/01/2025 16:01:08,1737453668967,-6,21/01/2025 04:01:08,153647,19,task-xcgh,repeat-3dmk#5->-repeat-tj2w#5,42630951,BLIND,12435162,,complete,,678fbd5753d94ce99f315d84,computer,Desktop or Laptop,Windows 10,Chrome 131.0.0.0,1280x800,1280x673,,,0,Memory Practice Clone,7,Inaccurate~Inaccurate~Inaccurate~Inaccurate~Accurate,2,,Inaccurate~Inaccurate~Inaccurate~Inaccurate~Accurate,,Inaccurate~Accurate,Spreadsheet1,Spreadsheet1,1,image,Trials,mxeghn,1,response,1,1012.2999999999993,999.7000000000007,1012.2999999999993,1012.2999999999993,999.7000000000007,1012.2999999999993,1,1012.2999999999993,0,0,,Keyboard Response,Keyboard Response,2,object-4,image,1,instr_photo_3.jpg,Screen 3,5,3,,1,1
5,1737475272422,21/01/2025 16:01:12,1737453672422,-6,21/01/2025 04:01:12,153647,19,task-xcgh,repeat-3dmk#5->-repeat-tj2w#5,42630951,BLIND,12435162,,complete,,678fbd5753d94ce99f315d84,computer,Desktop or Laptop,Windows 10,Chrome 131.0.0.0,1280x800,1280x673,,,0,Memory Practice Clone,7,Inaccurate~Inaccurate~Inaccurate~Inaccurate~Accurate,2,,Inaccurate~Inaccurate~Inaccurate~Inaccurate~Accurate,,Inaccurate~Accurate,Spreadsheet1,Spreadsheet1,1,image,Screen 3,ornkij,2,response,3,2467.9000000000015,2465.800000000003,2467.9000000000015,2467.9000000000015,2465.800000000003,2467.9000000000015,1,2467.9000000000015,0,0,,Keyboard Response,Keyboard Response,2,object-25,image,1,instr_photo_3.jpg,Screen 3,5,3,,2,2
6,1737475282955,21/01/2025 16:01:22,1737453682955,-6,21/01/2025 04:01:22,153647,19,task-xcgh,repeat-3dmk#5->-repeat-tj2w#5,42630951,BLIND,12435162,,complete,,678fbd5753d94ce99f315d84,computer,Desktop or Laptop,Windows 10,Chrome 131.0.0.0,1280x800,1280x673,,,0,Memory Practice Clone,7,Inaccurate~Inaccurate~Inaccurate~Inaccurate~Accurate,2,,Inaccurate~Inaccurate~Inaccurate~Inaccurate~Accurate,,Inaccurate~Accurate,Spreadsheet1,Spreadsheet1,1,image,Screen 2,ou4ign,3,response,5,9535.5,9530.099999999999,9535.5,9535.5,9530.099999999999,9535.5,1,9535.5,0,0,,Keyboard Response,Keyboard Response,3,object-22,image,1,instr_photo_3.jpg,Screen 3,5,3,,3,3
7,1737475283949,21/01/2025 16:01:23,1737453683949,-6,21/01/2025 04:01:23,153647,19,task-xcgh,repeat-3dmk#5->-repeat-tj2w#5,42630951,BLIND,12435162,,complete,,678fbd5753d94ce99f315d84,computer,Desktop or Laptop,Windows 10,Chrome 131.0.0.0,1280x800,1280x673,,,0,Memory Practice Clone,7,Inaccurate~Inaccurate~Inaccurate~Inaccurate~Accurate,2,,Inaccurate~Inaccurate~Inaccurate~Inaccurate~Accurate,,Inaccurate~Accurate,Spreadsheet1,Spreadsheet1,,,,,,info,END,,,24241,,,,0,,,,,,,,,,,,,,,,,
1,1737475285947,21/01/2025 16:01:25,1737446485947,-8,21/01/2025 00:01:25,153647,19,task-xcgh,repeat-3dmk#4->-repeat-tj2w#2,42630957,BLIND,12435184,,complete,,678fbdae4517087201af1442,computer,Desktop or Laptop,Windows 10,Chrome 131.0.0.0,1366x768,1366x641,,,0,Memory Practice Clone,7,Inaccurate~Inaccurate~Inaccurate~Accurate,2,,Inaccurate~Accurate,,Accurate,Spreadsheet1,Spreadsheet1,,,,,,info,BEGIN,,,,,,,0,,,,,,,,,,,,,,,,,
2,1737475291475,21/01/2025 16:01:31,1737446491475,-8,21/01/2025 00:01:31,153647,19,task-xcgh,repeat-3dmk#4->-repeat-tj2w#2,42630957,BLIND,12435184,,complete,,678fbdae4517087201af1442,computer,Desktop or Laptop,Windows 10,Chrome 131.0.0.0,1366x768,1366x641,,,0,Memory Practice Clone,7,Inaccurate~Inaccurate~Inaccurate~Accurate,2,,Inaccurate~Accurate,,Accurate,Spreadsheet1,Spreadsheet1,1,instructions,Screen 2,1kaj8e,1,continue,,5545.800000023842,5533.7,5545.800000023842,5545.800000023842,5533.7,5545.800000023842,1,5545.800000023842,0,0,,Click To Continue,Continue Button,2,object-7,instructions,,,,,,,0,0
3,1737475294462,21/01/2025 16:01:34,1737446494462,-8,21/01/2025 00:01:34,153647,19,task-xcgh,repeat-3dmk#4->-repeat-tj2w#2,42630957,BLIND,12435184,,complete,,678fbdae4517087201af1442,computer,Desktop or Laptop,Windows 10,Chrome 131.0.0.0,1366x768,1366x641,,,0,Memory Practice Clone,7,Inaccurate~Inaccurate~Inaccurate~Accurate,2,,Inaccurate~Accurate,,Accurate,Spreadsheet1,Spreadsheet1,1,instructions,Screen 3,j5lb3b,2,timedOut,,3001.2000000476837,3000.2000000000007,3001.2000000476837,3001.2000000476837,3000.2000000000007,3001.2000000476837,1,3001.2000000476837,0,0,,Time Limit,screen,0,screen,instructions,,,,,,,0,0
4,1737475303868,21/01/2025 16:01:43,1737446503868,-8,21/01/2025 00:01:43,153647,19,task-xcgh,repeat-3dmk#4->-repeat-tj2w#2,42630957,BLIND,12435184,,complete,,678fbdae4517087201af1442,computer,Desktop or Laptop,Windows 10,Chrome 131.0.0.0,1366x768,1366x641,,,0,Memory Practice Clone,7,Inaccurate~Inaccurate~Inaccurate~Accurate,2,,Inaccurate~Accurate,,Accurate,Spreadsheet1,Spreadsheet1,1,image,Trials,mxeghn,1,response,1,9405.3,9400.5,9405.3,9405.3,9400.5,9405.3,1,9405.3,0,0,,Keyboard Response,Keyboard Response,2,object-4,image,1,instr_photo_3.jpg,Screen 3,5,3,,1,1
5,1737475317416,21/01/2025 16:01:57,1737446517416,-8,21/01/2025 00:01:57,153647,19,task-xcgh,repeat-3dmk#4->-repeat-tj2w#2,42630957,BLIND,12435184,,complete,,678fbdae4517087201af1442,computer,Desktop or Laptop,Windows 10,Chrome 131.0.0.0,1366x768,1366x641,,,0,Memory Practice Clone,7,Inaccurate~Inaccurate~Inaccurate~Accurate,2,,Inaccurate~Accurate,,Accurate,Spreadsheet1,Spreadsheet1,1,image,Screen 3,ornkij,2,response,3,12554,12550.900000000001,12554,12554,12550.900000000001,12554,1,12554,0,0,,Keyboard Response,Keyboard Response,2,object-25,image,1,instr_photo_3.jpg,Screen 3,5,3,,2,2
6,1737475340843,21/01/2025 16:02:20,1737446540843,-8,21/01/2025 00:02:20,153647,19,task-xcgh,repeat-3dmk#4->-repeat-tj2w#2,42630957,BLIND,12435184,,complete,,678fbdae4517087201af1442,computer,Desktop or Laptop,Windows 10,Chrome 131.0.0.0,1366x768,1366x641,,,0,Memory Practice Clone,7,Inaccurate~Inaccurate~Inaccurate~Accurate,2,,Inaccurate~Accurate,,Accurate,Spreadsheet1,Spreadsheet1,1,image,Screen 2,ou4ign,3,response,5,22430.20000002384,22418,22430.20000002384,22430.20000002384,22418,22430.20000002384,1,22430.20000002384,0,0,,Keyboard Response,Keyboard Response,3,object-22,image,1,instr_photo_3.jpg,Screen 3,5,3,,3,3
7,1737475341832,21/01/2025 16:02:21,1737446541832,-8,21/01/2025 00:02:21,153647,19,task-xcgh,repeat-3dmk#4->-repeat-tj2w#2,42630957,BLIND,12435184,,complete,,678fbdae4517087201af1442,computer,Desktop or Laptop,Windows 10,Chrome 131.0.0.0,1366x768,1366x641,,,0,Memory Practice Clone,7,Inaccurate~Inaccurate~Inaccurate~Accurate,2,,Inaccurate~Accurate,,Accurate,Spreadsheet1,Spreadsheet1,,,,,,info,END,,,55826,,,,0,,,,,,,,,,,,,,,,,
1,1737477104941,21/01/2025 16:31:44,1737455504941,-6,21/01/2025 04:31:44,153647,19,task-xcgh,repeat-3dmk#2->-repeat-tj2w#1,42632065,BLIND,12435694,,complete,,678fc6a7e208c59a263e95bf,computer,Desktop or Laptop,Windows 10,Chrome 131.0.0.0,1920x1080,1920x911,,,0,Memory Practice Clone,7,Inaccurate~Accurate,2,,Inaccurate~Accurate,,Accurate,Spreadsheet1,Spreadsheet1,,,,,,info,BEGIN,,,,,,,0,,,,,,,,,,,,,,,,,
2,1737477107578,21/01/2025 16:31:47,1737455507578,-6,21/01/2025 04:31:47,153647,19,task-xcgh,repeat-3dmk#2->-repeat-tj2w#1,42632065,BLIND,12435694,,complete,,678fc6a7e208c59a263e95bf,computer,Desktop or Laptop,Windows 10,Chrome 131.0.0.0,1920x1080,1920x911,,,0,Memory Practice Clone,7,Inaccurate~Accurate,2,,Inaccurate~Accurate,,Accurate,Spreadsheet1,Spreadsheet1,1,instructions,Screen 2,1kaj8e,1,continue,,2665.4179999940397,2661.518,2665.4179999940397,2665.4179999940397,2661.518,2665.4179999940397,1,2665.4179999940397,0,0,,Click To Continue,Continue Button,2,object-7,instructions,,,,,,,0,0
3,1737477110571,21/01/2025 16:31:50,1737455510571,-6,21/01/2025 04:31:50,153647,19,task-xcgh,repeat-3dmk#2->-repeat-tj2w#1,42632065,BLIND,12435694,,complete,,678fc6a7e208c59a263e95bf,computer,Desktop or Laptop,Windows 10,Chrome 131.0.0.0,1920x1080,1920x911,,,0,Memory Practice Clone,7,Inaccurate~Accurate,2,,Inaccurate~Accurate,,Accurate,Spreadsheet1,Spreadsheet1,1,instructions,Screen 3,j5lb3b,2,timedOut,,2998.2000000059606,2997.5999999999995,2998.2000000059606,2998.2000000059606,2997.5999999999995,2998.2000000059606,1,2998.2000000059606,0,0,,Time Limit,screen,0,screen,instructions,,,,,,,0,0
4,1737477118748,21/01/2025 16:31:58,1737455518748,-6,21/01/2025 04:31:58,153647,19,task-xcgh,repeat-3dmk#2->-repeat-tj2w#1,42632065,BLIND,12435694,,complete,,678fc6a7e208c59a263e95bf,computer,Desktop or Laptop,Windows 10,Chrome 131.0.0.0,1920x1080,1920x911,,,0,Memory Practice Clone,7,Inaccurate~Accurate,2,,Inaccurate~Accurate,,Accurate,Spreadsheet1,Spreadsheet1,1,image,Trials,mxeghn,1,response,1,8175.29999999404,8160.200000000001,8175.29999999404,8175.29999999404,8160.200000000001,8175.29999999404,1,8175.29999999404,0,0,,Keyboard Response,Keyboard Response,2,object-4,image,1,instr_photo_3.jpg,Screen 3,5,3,,1,1
5,1737477126409,21/01/2025 16:32:06,1737455526409,-6,21/01/2025 04:32:06,153647,19,task-xcgh,repeat-3dmk#2->-repeat-tj2w#1,42632065,BLIND,12435694,,complete,,678fc6a7e208c59a263e95bf,computer,Desktop or Laptop,Windows 10,Chrome 131.0.0.0,1920x1080,1920x911,,,0,Memory Practice Clone,7,Inaccurate~Accurate,2,,Inaccurate~Accurate,,Accurate,Spreadsheet1,Spreadsheet1,1,image,Screen 3,ornkij,2,response,2,6677.9000000000015,6661.200000000001,6677.9000000000015,6677.9000000000015,6661.200000000001,6677.9000000000015,0,6677.9000000000015,0,0,,Keyboard Response,Keyboard Response,2,object-25,image,1,instr_photo_3.jpg,Screen 3,5,3,,1,2
6,1737477133376,21/01/2025 16:32:13,1737455533376,-6,21/01/2025 04:32:13,153647,19,task-xcgh,repeat-3dmk#2->-repeat-tj2w#1,42632065,BLIND,12435694,,complete,,678fc6a7e208c59a263e95bf,computer,Desktop or Laptop,Windows 10,Chrome 131.0.0.0,1920x1080,1920x911,,,0,Memory Practice Clone,7,Inaccurate~Accurate,2,,Inaccurate~Accurate,,Accurate,Spreadsheet1,Spreadsheet1,1,image,Screen 2,ou4ign,3,response,4,5984.899999982117,5978.699999999997,5984.899999982117,5984.899999982117,5978.699999999997,5984.899999982117,0,5984.899999982117,0,0,,Keyboard Response,Keyboard Response,3,object-22,image,1,instr_photo_3.jpg,Screen 3,5,3,,1,3
7,1737477134371,21/01/2025 16:32:14,1737455534371,-6,21/01/2025 04:32:14,153647,19,task-xcgh,repeat-3dmk#2->-repeat-tj2w#1,42632065,BLIND,12435694,,complete,,678fc6a7e208c59a263e95bf,computer,Desktop or Laptop,Windows 10,Chrome 131.0.0.0,1920x1080,1920x911,,,0,Memory Practice Clone,7,Inaccurate~Accurate,2,,Inaccurate~Accurate,,Accurate,Spreadsheet1,Spreadsheet1,,,,,,info,END,,,29395,,,,0,,,,,,,,,,,,,,,,,
1,1737477170486,21/01/2025 16:32:50,1737455570486,-6,21/01/2025 04:32:50,153647,19,task-xcgh,repeat-3dmk#2->-repeat-tj2w#2,42632094,BLIND,12435694,,complete,,678fc6a7e208c59a263e95bf,computer,Desktop or Laptop,Windows 10,Chrome 131.0.0.0,1920x1080,1920x911,,,0,Memory Practice Clone,7,Inaccurate~Accurate,2,,Inaccurate~Accurate,,Accurate,Spreadsheet1,Spreadsheet1,,,,,,info,BEGIN,,,,,,,0,,,,,,,,,,,,,,,,,
2,1737477172323,21/01/2025 16:32:52,1737455572323,-6,21/01/2025 04:32:52,153647,19,task-xcgh,repeat-3dmk#2->-repeat-tj2w#2,42632094,BLIND,12435694,,complete,,678fc6a7e208c59a263e95bf,computer,Desktop or Laptop,Windows 10,Chrome 131.0.0.0,1920x1080,1920x911,,,0,Memory Practice Clone,7,Inaccurate~Accurate,2,,Inaccurate~Accurate,,Accurate,Spreadsheet1,Spreadsheet1,1,instructions,Screen 2,1kaj8e,1,continue,,1850.6560000059603,1847.4559999999997,1850.6560000059603,1850.6560000059603,1847.4559999999997,1850.6560000059603,1,1850.6560000059603,0,0,,Click To Continue,Continue Button,2,object-7,instructions,,,,,,,0,0
3,1737477175319,21/01/2025 16:32:55,1737455575319,-6,21/01/2025 04:32:55,153647,19,task-xcgh,repeat-3dmk#2->-repeat-tj2w#2,42632094,BLIND,12435694,,complete,,678fc6a7e208c59a263e95bf,computer,Desktop or Laptop,Windows 10,Chrome 131.0.0.0,1920x1080,1920x911,,,0,Memory Practice Clone,7,Inaccurate~Accurate,2,,Inaccurate~Accurate,,Accurate,Spreadsheet1,Spreadsheet1,1,instructions,Screen 3,j5lb3b,2,timedOut,,2999.2000000059606,2997.9000000000005,2999.2000000059606,2999.2000000059606,2997.9000000000005,2999.2000000059606,1,2999.2000000059606,0,0,,Time Limit,screen,0,screen,instructions,,,,,,,0,0
4,1737477179278,21/01/2025 16:32:59,1737455579278,-6,21/01/2025 04:32:59,153647,19,task-xcgh,repeat-3dmk#2->-repeat-tj2w#2,42632094,BLIND,12435694,,complete,,678fc6a7e208c59a263e95bf,computer,Desktop or Laptop,Windows 10,Chrome 131.0.0.0,1920x1080,1920x911,,,0,Memory Practice Clone,7,Inaccurate~Accurate,2,,Inaccurate~Accurate,,Accurate,Spreadsheet1,Spreadsheet1,1,image,Trials,mxeghn,1,response,1,3959.3999999999996,3946.699999999999,3959.3999999999996,3959.3999999999996,3946.699999999999,3959.3999999999996,1,3959.3999999999996,0,0,,Keyboard Response,Keyboard Response,2,object-4,image,1,instr_photo_3.jpg,Screen 3,5,3,,1,1
5,1737477183368,21/01/2025 16:33:03,1737455583368,-6,21/01/2025 04:33:03,153647,19,task-xcgh,repeat-3dmk#2->-repeat-tj2w#2,42632094,BLIND,12435694,,complete,,678fc6a7e208c59a263e95bf,computer,Desktop or Laptop,Windows 10,Chrome 131.0.0.0,1920x1080,1920x911,,,0,Memory Practice Clone,7,Inaccurate~Accurate,2,,Inaccurate~Accurate,,Accurate,Spreadsheet1,Spreadsheet1,1,image,Screen 3,ornkij,2,response,3,3103.300000011921,3097.6000000000004,3103.300000011921,3103.300000011921,3097.6000000000004,3103.300000011921,1,3103.300000011921,0,0,,Keyboard Response,Keyboard Response,2,object-25,image,1,instr_photo_3.jpg,Screen 3,5,3,,2,2
6,1737477188993,21/01/2025 16:33:08,1737455588993,-6,21/01/2025 04:33:08,153647,19,task-xcgh,repeat-3dmk#2->-repeat-tj2w#2,42632094,BLIND,12435694,,complete,,678fc6a7e208c59a263e95bf,computer,Desktop or Laptop,Windows 10,Chrome 131.0.0.0,1920x1080,1920x911,,,0,Memory Practice Clone,7,Inaccurate~Accurate,2,,Inaccurate~Accurate,,Accurate,Spreadsheet1,Spreadsheet1,1,image,Screen 2,ou4ign,3,response,5,4632.70000000596,4629.200000000001,4632.70000000596,4632.70000000596,4629.200000000001,4632.70000000596,1,4632.70000000596,0,0,,Keyboard Response,Keyboard Response,3,object-22,image,1,instr_photo_3.jpg,Screen 3,5,3,,3,3
7,1737477189992,21/01/2025 16:33:09,1737455589992,-6,21/01/2025 04:33:09,153647,19,task-xcgh,repeat-3dmk#2->-repeat-tj2w#2,42632094,BLIND,12435694,,complete,,678fc6a7e208c59a263e95bf,computer,Desktop or Laptop,Windows 10,Chrome 131.0.0.0,1920x1080,1920x911,,,0,Memory Practice Clone,7,Inaccurate~Accurate,2,,Inaccurate~Accurate,,Accurate,Spreadsheet1,Spreadsheet1,,,,,,info,END,,,19475,,,,0,,,,,,,,,,,,,,,,,
1,1737478906491,21/01/2025 17:01:46,1737457306491,-6,21/01/2025 05:01:46,153647,19,task-xcgh,repeat-3dmk#5->-repeat-tj2w#1,42633097,BLIND,12435916,,complete,,678fc84472479ddbd9db3bb4,computer,Desktop or Laptop,Windows 10,Chrome 130.0.0.0,1366x768,1366x607,,,0,Memory Practice Clone,7,Inaccurate~Inaccurate~Inaccurate~Inaccurate~Accurate,2,,Inaccurate~Inaccurate~Inaccurate~Inaccurate~Accurate,,Inaccurate~Accurate,Spreadsheet1,Spreadsheet1,,,,,,info,BEGIN,,,,,,,0,,,,,,,,,,,,,,,,,
2,1737478920933,21/01/2025 17:02:00,1737457320933,-6,21/01/2025 05:02:00,153647,19,task-xcgh,repeat-3dmk#5->-repeat-tj2w#1,42633097,BLIND,12435916,,complete,,678fc84472479ddbd9db3bb4,computer,Desktop or Laptop,Windows 10,Chrome 130.0.0.0,1366x768,1366x607,,,0,Memory Practice Clone,7,Inaccurate~Inaccurate~Inaccurate~Inaccurate~Accurate,2,,Inaccurate~Inaccurate~Inaccurate~Inaccurate~Accurate,,Inaccurate~Accurate,Spreadsheet1,Spreadsheet1,1,instructions,Screen 2,1kaj8e,1,continue,,14463.099999964237,14446.8,14463.099999964237,14463.099999964237,14446.8,14463.099999964237,1,14463.099999964237,0,0,,Click To Continue,Continue Button,2,object-7,instructions,,,,,,,0,0
3,1737478923916,21/01/2025 17:02:03,1737457323916,-6,21/01/2025 05:02:03,153647,19,task-xcgh,repeat-3dmk#5->-repeat-tj2w#1,42633097,BLIND,12435916,,complete,,678fc84472479ddbd9db3bb4,computer,Desktop or Laptop,Windows 10,Chrome 130.0.0.0,1366x768,1366x607,,,0,Memory Practice Clone,7,Inaccurate~Inaccurate~Inaccurate~Inaccurate~Accurate,2,,Inaccurate~Inaccurate~Inaccurate~Inaccurate~Accurate,,Inaccurate~Accurate,Spreadsheet1,Spreadsheet1,1,instructions,Screen 3,j5lb3b,2,timedOut,,3001.0000000119217,2999.7000000000007,3001.0000000119217,3001.0000000119217,2999.7000000000007,3001.0000000119217,1,3001.0000000119217,0,0,,Time Limit,screen,0,screen,instructions,,,,,,,0,0
4,1737478925007,21/01/2025 17:02:05,1737457325007,-6,21/01/2025 05:02:05,153647,19,task-xcgh,repeat-3dmk#5->-repeat-tj2w#1,42633097,BLIND,12435916,,complete,,678fc84472479ddbd9db3bb4,computer,Desktop or Laptop,Windows 10,Chrome 130.0.0.0,1366x768,1366x607,,,0,Memory Practice Clone,7,Inaccurate~Inaccurate~Inaccurate~Inaccurate~Accurate,2,,Inaccurate~Inaccurate~Inaccurate~Inaccurate~Accurate,,Inaccurate~Accurate,Spreadsheet1,Spreadsheet1,1,image,Trials,mxeghn,1,response,1,1091.199999988079,1083.0999999999985,1091.199999988079,1091.199999988079,1083.0999999999985,1091.199999988079,1,1091.199999988079,0,0,,Keyboard Response,Keyboard Response,2,object-4,image,1,instr_photo_3.jpg,Screen 3,5,3,,1,1
5,1737478926094,21/01/2025 17:02:06,1737457326094,-6,21/01/2025 05:02:06,153647,19,task-xcgh,repeat-3dmk#5->-repeat-tj2w#1,42633097,BLIND,12435916,,complete,,678fc84472479ddbd9db3bb4,computer,Desktop or Laptop,Windows 10,Chrome 130.0.0.0,1366x768,1366x607,,,0,Memory Practice Clone,7,Inaccurate~Inaccurate~Inaccurate~Inaccurate~Accurate,2,,Inaccurate~Inaccurate~Inaccurate~Inaccurate~Accurate,,Inaccurate~Accurate,Spreadsheet1,Spreadsheet1,1,image,Screen 3,ornkij,2,response,1,97.79999998807762,83.5,97.79999998807762,97.79999998807762,83.5,97.79999998807762,0,97.79999998807762,0,0,,Keyboard Response,Keyboard Response,2,object-25,image,1,instr_photo_3.jpg,Screen 3,5,3,,1,2
6,1737478928213,21/01/2025 17:02:08,1737457328213,-6,21/01/2025 05:02:08,153647,19,task-xcgh,repeat-3dmk#5->-repeat-tj2w#1,42633097,BLIND,12435916,,complete,,678fc84472479ddbd9db3bb4,computer,Desktop or Laptop,Windows 10,Chrome 130.0.0.0,1366x768,1366x607,,,0,Memory Practice Clone,7,Inaccurate~Inaccurate~Inaccurate~Inaccurate~Accurate,2,,Inaccurate~Inaccurate~Inaccurate~Inaccurate~Accurate,,Inaccurate~Accurate,Spreadsheet1,Spreadsheet1,1,image,Screen 2,ou4ign,3,response,1,1132.3999999880762,1116.5,1132.3999999880762,1132.3999999880762,1116.5,1132.3999999880762,0,1132.3999999880762,0,0,,Keyboard Response,Keyboard Response,3,object-22,image,1,instr_photo_3.jpg,Screen 3,5,3,,1,3
7,1737478929199,21/01/2025 17:02:09,1737457329199,-6,21/01/2025 05:02:09,153647,19,task-xcgh,repeat-3dmk#5->-repeat-tj2w#1,42633097,BLIND,12435916,,complete,,678fc84472479ddbd9db3bb4,computer,Desktop or Laptop,Windows 10,Chrome 130.0.0.0,1366x768,1366x607,,,0,Memory Practice Clone,7,Inaccurate~Inaccurate~Inaccurate~Inaccurate~Accurate,2,,Inaccurate~Inaccurate~Inaccurate~Inaccurate~Accurate,,Inaccurate~Accurate,Spreadsheet1,Spreadsheet1,,,,,,info,END,,,22526,,,,0,,,,,,,,,,,,,,,,,
1,1737479033695,21/01/2025 17:03:53,1737457433695,-6,21/01/2025 05:03:53,153647,19,task-xcgh,repeat-3dmk#5->-repeat-tj2w#2,42633197,BLIND,12435916,,complete,,678fc84472479ddbd9db3bb4,computer,Desktop or Laptop,Windows 10,Chrome 130.0.0.0,1366x768,1366x607,,,0,Memory Practice Clone,7,Inaccurate~Inaccurate~Inaccurate~Inaccurate~Accurate,2,,Inaccurate~Inaccurate~Inaccurate~Inaccurate~Accurate,,Inaccurate~Accurate,Spreadsheet1,Spreadsheet1,,,,,,info,BEGIN,,,,,,,0,,,,,,,,,,,,,,,,,
2,1737479036642,21/01/2025 17:03:56,1737457436642,-6,21/01/2025 05:03:56,153647,19,task-xcgh,repeat-3dmk#5->-repeat-tj2w#2,42633197,BLIND,12435916,,complete,,678fc84472479ddbd9db3bb4,computer,Desktop or Laptop,Windows 10,Chrome 130.0.0.0,1366x768,1366x607,,,0,Memory Practice Clone,7,Inaccurate~Inaccurate~Inaccurate~Inaccurate~Accurate,2,,Inaccurate~Inaccurate~Inaccurate~Inaccurate~Accurate,,Inaccurate~Accurate,Spreadsheet1,Spreadsheet1,1,instructions,Screen 2,1kaj8e,1,continue,,2983.000000000001,2966.000000000001,2983.000000000001,2983.000000000001,2966.000000000001,2983.000000000001,1,2983.000000000001,0,0,,Click To Continue,Continue Button,2,object-7,instructions,,,,,,,0,0
3,1737479039617,21/01/2025 17:03:59,1737457439617,-6,21/01/2025 05:03:59,153647,19,task-xcgh,repeat-3dmk#5->-repeat-tj2w#2,42633197,BLIND,12435916,,complete,,678fc84472479ddbd9db3bb4,computer,Desktop or Laptop,Windows 10,Chrome 130.0.0.0,1366x768,1366x607,,,0,Memory Practice Clone,7,Inaccurate~Inaccurate~Inaccurate~Inaccurate~Accurate,2,,Inaccurate~Inaccurate~Inaccurate~Inaccurate~Accurate,,Inaccurate~Accurate,Spreadsheet1,Spreadsheet1,1,instructions,Screen 3,j5lb3b,2,timedOut,,3000.8999999642365,2999.5,3000.8999999642365,3000.8999999642365,2999.5,3000.8999999642365,1,3000.8999999642365,0,0,,Time Limit,screen,0,screen,instructions,,,,,,,0,0
4,1737479040109,21/01/2025 17:04:00,1737457440109,-6,21/01/2025 05:04:00,153647,19,task-xcgh,repeat-3dmk#5->-repeat-tj2w#2,42633197,BLIND,12435916,,complete,,678fc84472479ddbd9db3bb4,computer,Desktop or Laptop,Windows 10,Chrome 130.0.0.0,1366x768,1366x607,,,0,Memory Practice Clone,7,Inaccurate~Inaccurate~Inaccurate~Inaccurate~Accurate,2,,Inaccurate~Inaccurate~Inaccurate~Inaccurate~Accurate,,Inaccurate~Accurate,Spreadsheet1,Spreadsheet1,1,image,Trials,mxeghn,1,response,6,492.6999999761574,483.2999999999993,492.6999999761574,492.6999999761574,483.2999999999993,492.6999999761574,0,492.6999999761574,0,0,,Keyboard Response,Keyboard Response,2,object-4,image,1,instr_photo_3.jpg,Screen 3,5,3,,0,1
5,1737479041586,21/01/2025 17:04:01,1737457441586,-6,21/01/2025 05:04:01,153647,19,task-xcgh,repeat-3dmk#5->-repeat-tj2w#2,42633197,BLIND,12435916,,complete,,678fc84472479ddbd9db3bb4,computer,Desktop or Laptop,Windows 10,Chrome 130.0.0.0,1366x768,1366x607,,,0,Memory Practice Clone,7,Inaccurate~Inaccurate~Inaccurate~Inaccurate~Accurate,2,,Inaccurate~Inaccurate~Inaccurate~Inaccurate~Accurate,,Inaccurate~Accurate,Spreadsheet1,Spreadsheet1,1,image,Screen 3,ornkij,2,response,1,485.69999998807907,483.10000000000036,485.69999998807907,485.69999998807907,483.10000000000036,485.69999998807907,0,485.69999998807907,0,0,,Keyboard Response,Keyboard Response,2,object-25,image,1,instr_photo_3.jpg,Screen 3,5,3,,0,2
6,1737479044025,21/01/2025 17:04:04,1737457444025,-6,21/01/2025 05:04:04,153647,19,task-xcgh,repeat-3dmk#5->-repeat-tj2w#2,42633197,BLIND,12435916,,complete,,678fc84472479ddbd9db3bb4,computer,Desktop or Laptop,Windows 10,Chrome 130.0.0.0,1366x768,1366x607,,,0,Memory Practice Clone,7,Inaccurate~Inaccurate~Inaccurate~Inaccurate~Accurate,2,,Inaccurate~Inaccurate~Inaccurate~Inaccurate~Accurate,,Inaccurate~Accurate,Spreadsheet1,Spreadsheet1,1,image,Screen 2,ou4ign,3,response,1,1443.1999999642376,1433.1000000000004,1443.1999999642376,1443.1999999642376,1433.1000000000004,1443.1999999642376,0,1443.1999999642376,0,0,,Keyboard Response,Keyboard Response,3,object-22,image,1,instr_photo_3.jpg,Screen 3,5,3,,0,3
7,1737479045017,21/01/2025 17:04:05,1737457445017,-6,21/01/2025 05:04:05,153647,19,task-xcgh,repeat-3dmk#5->-repeat-tj2w#2,42633197,BLIND,12435916,,complete,,678fc84472479ddbd9db3bb4,computer,Desktop or Laptop,Windows 10,Chrome 130.0.0.0,1366x768,1366x607,,,0,Memory Practice Clone,7,Inaccurate~Inaccurate~Inaccurate~Inaccurate~Accurate,2,,Inaccurate~Inaccurate~Inaccurate~Inaccurate~Accurate,,Inaccurate~Accurate,Spreadsheet1,Spreadsheet1,,,,,,info,END,,,11133,,,,0,,,,,,,,,,,,,,,,,
1,1737479089579,21/01/2025 17:04:49,1737457489579,-6,21/01/2025 05:04:49,153647,19,task-xcgh,repeat-3dmk#5->-repeat-tj2w#3,42633238,BLIND,12435916,,complete,,678fc84472479ddbd9db3bb4,computer,Desktop or Laptop,Windows 10,Chrome 130.0.0.0,1366x768,1366x607,,,0,Memory Practice Clone,7,Inaccurate~Inaccurate~Inaccurate~Inaccurate~Accurate,2,,Inaccurate~Inaccurate~Inaccurate~Inaccurate~Accurate,,Inaccurate~Accurate,Spreadsheet1,Spreadsheet1,,,,,,info,BEGIN,,,,,,,0,,,,,,,,,,,,,,,,,
2,1737479091914,21/01/2025 17:04:51,1737457491914,-6,21/01/2025 05:04:51,153647,19,task-xcgh,repeat-3dmk#5->-repeat-tj2w#3,42633238,BLIND,12435916,,complete,,678fc84472479ddbd9db3bb4,computer,Desktop or Laptop,Windows 10,Chrome 130.0.0.0,1366x768,1366x607,,,0,Memory Practice Clone,7,Inaccurate~Inaccurate~Inaccurate~Inaccurate~Accurate,2,,Inaccurate~Inaccurate~Inaccurate~Inaccurate~Accurate,,Inaccurate~Accurate,Spreadsheet1,Spreadsheet1,1,instructions,Screen 2,1kaj8e,1,continue,,2365.978,2349.2780000000002,2365.978,2365.978,2349.2780000000002,2365.978,1,2365.978,0,0,,Click To Continue,Continue Button,2,object-7,instructions,,,,,,,0,0
3,1737479094894,21/01/2025 17:04:54,1737457494894,-6,21/01/2025 05:04:54,153647,19,task-xcgh,repeat-3dmk#5->-repeat-tj2w#3,42633238,BLIND,12435916,,complete,,678fc84472479ddbd9db3bb4,computer,Desktop or Laptop,Windows 10,Chrome 130.0.0.0,1366x768,1366x607,,,0,Memory Practice Clone,7,Inaccurate~Inaccurate~Inaccurate~Inaccurate~Accurate,2,,Inaccurate~Inaccurate~Inaccurate~Inaccurate~Accurate,,Inaccurate~Accurate,Spreadsheet1,Spreadsheet1,1,instructions,Screen 3,j5lb3b,2,timedOut,,3000.8000000238417,2999.5999999999995,3000.8000000238417,3000.8000000238417,2999.5999999999995,3000.8000000238417,1,3000.8000000238417,0,0,,Time Limit,screen,0,screen,instructions,,,,,,,0,0
4,1737479104085,21/01/2025 17:05:04,1737457504085,-6,21/01/2025 05:05:04,153647,19,task-xcgh,repeat-3dmk#5->-repeat-tj2w#3,42633238,BLIND,12435916,,complete,,678fc84472479ddbd9db3bb4,computer,Desktop or Laptop,Windows 10,Chrome 130.0.0.0,1366x768,1366x607,,,0,Memory Practice Clone,7,Inaccurate~Inaccurate~Inaccurate~Inaccurate~Accurate,2,,Inaccurate~Inaccurate~Inaccurate~Inaccurate~Accurate,,Inaccurate~Accurate,Spreadsheet1,Spreadsheet1,1,image,Trials,mxeghn,1,response,1,9191.200000023842,9182.300000000001,9191.200000023842,9191.200000023842,9182.300000000001,9191.200000023842,1,9191.200000023842,0,0,,Keyboard Response,Keyboard Response,2,object-4,image,1,instr_photo_3.jpg,Screen 3,5,3,,1,1
5,1737479118497,21/01/2025 17:05:18,1737457518497,-6,21/01/2025 05:05:18,153647,19,task-xcgh,repeat-3dmk#5->-repeat-tj2w#3,42633238,BLIND,12435916,,complete,,678fc84472479ddbd9db3bb4,computer,Desktop or Laptop,Windows 10,Chrome 130.0.0.0,1366x768,1366x607,,,0,Memory Practice Clone,7,Inaccurate~Inaccurate~Inaccurate~Inaccurate~Accurate,2,,Inaccurate~Inaccurate~Inaccurate~Inaccurate~Accurate,,Inaccurate~Accurate,Spreadsheet1,Spreadsheet1,1,image,Screen 3,ornkij,2,response,3,13420.5,13415,13420.5,13420.5,13415,13420.5,1,13420.5,0,0,,Keyboard Response,Keyboard Response,2,object-25,image,1,instr_photo_3.jpg,Screen 3,5,3,,2,2
6,1737479133063,21/01/2025 17:05:33,1737457533063,-6,21/01/2025 05:05:33,153647,19,task-xcgh,repeat-3dmk#5->-repeat-tj2w#3,42633238,BLIND,12435916,,complete,,678fc84472479ddbd9db3bb4,computer,Desktop or Laptop,Windows 10,Chrome 130.0.0.0,1366x768,1366x607,,,0,Memory Practice Clone,7,Inaccurate~Inaccurate~Inaccurate~Inaccurate~Accurate,2,,Inaccurate~Inaccurate~Inaccurate~Inaccurate~Accurate,,Inaccurate~Accurate,Spreadsheet1,Spreadsheet1,1,image,Screen 2,ou4ign,3,response,4,13573.200000011922,13564.900000000001,13573.200000011922,13573.200000011922,13564.900000000001,13573.200000011922,0,13573.200000011922,0,0,,Keyboard Response,Keyboard Response,3,object-22,image,1,instr_photo_3.jpg,Screen 3,5,3,,2,3
7,1737479134057,21/01/2025 17:05:34,1737457534057,-6,21/01/2025 05:05:34,153647,19,task-xcgh,repeat-3dmk#5->-repeat-tj2w#3,42633238,BLIND,12435916,,complete,,678fc84472479ddbd9db3bb4,computer,Desktop or Laptop,Windows 10,Chrome 130.0.0.0,1366x768,1366x607,,,0,Memory Practice Clone,7,Inaccurate~Inaccurate~Inaccurate~Inaccurate~Accurate,2,,Inaccurate~Inaccurate~Inaccurate~Inaccurate~Accurate,,Inaccurate~Accurate,Spreadsheet1,Spreadsheet1,,,,,,info,END,,,44338,,,,0,,,,,,,,,,,,,,,,,
1,1737479195743,21/01/2025 17:06:35,1737457595743,-6,21/01/2025 05:06:35,153647,19,task-xcgh,repeat-3dmk#5->-repeat-tj2w#4,42633304,BLIND,12435916,,complete,,678fc84472479ddbd9db3bb4,computer,Desktop or Laptop,Windows 10,Chrome 130.0.0.0,1366x768,1366x607,,,0,Memory Practice Clone,7,Inaccurate~Inaccurate~Inaccurate~Inaccurate~Accurate,2,,Inaccurate~Inaccurate~Inaccurate~Inaccurate~Accurate,,Inaccurate~Accurate,Spreadsheet1,Spreadsheet1,,,,,,info,BEGIN,,,,,,,0,,,,,,,,,,,,,,,,,
2,1737479197822,21/01/2025 17:06:37,1737457597822,-6,21/01/2025 05:06:37,153647,19,task-xcgh,repeat-3dmk#5->-repeat-tj2w#4,42633304,BLIND,12435916,,complete,,678fc84472479ddbd9db3bb4,computer,Desktop or Laptop,Windows 10,Chrome 130.0.0.0,1366x768,1366x607,,,0,Memory Practice Clone,7,Inaccurate~Inaccurate~Inaccurate~Inaccurate~Accurate,2,,Inaccurate~Inaccurate~Inaccurate~Inaccurate~Accurate,,Inaccurate~Accurate,Spreadsheet1,Spreadsheet1,1,instructions,Screen 2,1kaj8e,1,continue,,2124.1659999880794,2115.9660000000003,2124.1659999880794,2124.1659999880794,2115.9660000000003,2124.1659999880794,1,2124.1659999880794,0,0,,Click To Continue,Continue Button,2,object-7,instructions,,,,,,,0,0
3,1737479200814,21/01/2025 17:06:40,1737457600814,-6,21/01/2025 05:06:40,153647,19,task-xcgh,repeat-3dmk#5->-repeat-tj2w#4,42633304,BLIND,12435916,,complete,,678fc84472479ddbd9db3bb4,computer,Desktop or Laptop,Windows 10,Chrome 130.0.0.0,1366x768,1366x607,,,0,Memory Practice Clone,7,Inaccurate~Inaccurate~Inaccurate~Inaccurate~Accurate,2,,Inaccurate~Inaccurate~Inaccurate~Inaccurate~Accurate,,Inaccurate~Accurate,Spreadsheet1,Spreadsheet1,1,instructions,Screen 3,j5lb3b,2,timedOut,,3000.900000035763,2999.7999999999993,3000.900000035763,3000.900000035763,2999.7999999999993,3000.900000035763,1,3000.900000035763,0,0,,Time Limit,screen,0,screen,instructions,,,,,,,0,0
4,1737479206223,21/01/2025 17:06:46,1737457606223,-6,21/01/2025 05:06:46,153647,19,task-xcgh,repeat-3dmk#5->-repeat-tj2w#4,42633304,BLIND,12435916,,complete,,678fc84472479ddbd9db3bb4,computer,Desktop or Laptop,Windows 10,Chrome 130.0.0.0,1366x768,1366x607,,,0,Memory Practice Clone,7,Inaccurate~Inaccurate~Inaccurate~Inaccurate~Accurate,2,,Inaccurate~Inaccurate~Inaccurate~Inaccurate~Accurate,,Inaccurate~Accurate,Spreadsheet1,Spreadsheet1,1,image,Trials,mxeghn,1,response,1,5408.800000023843,5399.300000000001,5408.800000023843,5408.800000023843,5399.300000000001,5408.800000023843,1,5408.800000023843,0,0,,Keyboard Response,Keyboard Response,2,object-4,image,1,instr_photo_3.jpg,Screen 3,5,3,,1,1
5,1737479213167,21/01/2025 17:06:53,1737457613167,-6,21/01/2025 05:06:53,153647,19,task-xcgh,repeat-3dmk#5->-repeat-tj2w#4,42633304,BLIND,12435916,,complete,,678fc84472479ddbd9db3bb4,computer,Desktop or Laptop,Windows 10,Chrome 130.0.0.0,1366x768,1366x607,,,0,Memory Practice Clone,7,Inaccurate~Inaccurate~Inaccurate~Inaccurate~Accurate,2,,Inaccurate~Inaccurate~Inaccurate~Inaccurate~Accurate,,Inaccurate~Accurate,Spreadsheet1,Spreadsheet1,1,image,Screen 3,ornkij,2,response,3,5953.300000011921,5949.200000000001,5953.300000011921,5953.300000011921,5949.200000000001,5953.300000011921,1,5953.300000011921,0,0,,Keyboard Response,Keyboard Response,2,object-25,image,1,instr_photo_3.jpg,Screen 3,5,3,,2,2
6,1737479225325,21/01/2025 17:07:05,1737457625325,-6,21/01/2025 05:07:05,153647,19,task-xcgh,repeat-3dmk#5->-repeat-tj2w#4,42633304,BLIND,12435916,,complete,,678fc84472479ddbd9db3bb4,computer,Desktop or Laptop,Windows 10,Chrome 130.0.0.0,1366x768,1366x607,,,0,Memory Practice Clone,7,Inaccurate~Inaccurate~Inaccurate~Inaccurate~Accurate,2,,Inaccurate~Inaccurate~Inaccurate~Inaccurate~Accurate,,Inaccurate~Accurate,Spreadsheet1,Spreadsheet1,1,image,Screen 2,ou4ign,3,response,6,11162.60000001192,11148.7,11162.60000001192,11162.60000001192,11148.7,11162.60000001192,0,11162.60000001192,0,0,,Keyboard Response,Keyboard Response,3,object-22,image,1,instr_photo_3.jpg,Screen 3,5,3,,2,3
7,1737479226312,21/01/2025 17:07:06,1737457626312,-6,21/01/2025 05:07:06,153647,19,task-xcgh,repeat-3dmk#5->-repeat-tj2w#4,42633304,BLIND,12435916,,complete,,678fc84472479ddbd9db3bb4,computer,Desktop or Laptop,Windows 10,Chrome 130.0.0.0,1366x768,1366x607,,,0,Memory Practice Clone,7,Inaccurate~Inaccurate~Inaccurate~Inaccurate~Accurate,2,,Inaccurate~Inaccurate~Inaccurate~Inaccurate~Accurate,,Inaccurate~Accurate,Spreadsheet1,Spreadsheet1,,,,,,info,END,,,30415,,,,0,,,,,,,,,,,,,,,,,
1,1737479267861,21/01/2025 17:07:47,1737457667861,-6,21/01/2025 05:07:47,153647,19,task-xcgh,repeat-3dmk#5->-repeat-tj2w#5,42633346,BLIND,12435916,,complete,,678fc84472479ddbd9db3bb4,computer,Desktop or Laptop,Windows 10,Chrome 130.0.0.0,1366x768,1366x607,,,0,Memory Practice Clone,7,Inaccurate~Inaccurate~Inaccurate~Inaccurate~Accurate,2,,Inaccurate~Inaccurate~Inaccurate~Inaccurate~Accurate,,Inaccurate~Accurate,Spreadsheet1,Spreadsheet1,,,,,,info,BEGIN,,,,,,,0,,,,,,,,,,,,,,,,,
2,1737479269681,21/01/2025 17:07:49,1737457669681,-6,21/01/2025 05:07:49,153647,19,task-xcgh,repeat-3dmk#5->-repeat-tj2w#5,42633346,BLIND,12435916,,complete,,678fc84472479ddbd9db3bb4,computer,Desktop or Laptop,Windows 10,Chrome 130.0.0.0,1366x768,1366x607,,,0,Memory Practice Clone,7,Inaccurate~Inaccurate~Inaccurate~Inaccurate~Accurate,2,,Inaccurate~Inaccurate~Inaccurate~Inaccurate~Accurate,,Inaccurate~Accurate,Spreadsheet1,Spreadsheet1,1,instructions,Screen 2,1kaj8e,1,continue,,1890.448000011921,1882.5479999999998,1890.448000011921,1890.448000011921,1882.5479999999998,1890.448000011921,1,1890.448000011921,0,0,,Click To Continue,Continue Button,2,object-7,instructions,,,,,,,0,0
3,1737479272671,21/01/2025 17:07:52,1737457672671,-6,21/01/2025 05:07:52,153647,19,task-xcgh,repeat-3dmk#5->-repeat-tj2w#5,42633346,BLIND,12435916,,complete,,678fc84472479ddbd9db3bb4,computer,Desktop or Laptop,Windows 10,Chrome 130.0.0.0,1366x768,1366x607,,,0,Memory Practice Clone,7,Inaccurate~Inaccurate~Inaccurate~Inaccurate~Accurate,2,,Inaccurate~Inaccurate~Inaccurate~Inaccurate~Accurate,,Inaccurate~Accurate,Spreadsheet1,Spreadsheet1,1,instructions,Screen 3,j5lb3b,2,timedOut,,3000.200000023842,2999.6000000000004,3000.200000023842,3000.200000023842,2999.6000000000004,3000.200000023842,1,3000.200000023842,0,0,,Time Limit,screen,0,screen,instructions,,,,,,,0,0
4,1737479274670,21/01/2025 17:07:54,1737457674670,-6,21/01/2025 05:07:54,153647,19,task-xcgh,repeat-3dmk#5->-repeat-tj2w#5,42633346,BLIND,12435916,,complete,,678fc84472479ddbd9db3bb4,computer,Desktop or Laptop,Windows 10,Chrome 130.0.0.0,1366x768,1366x607,,,0,Memory Practice Clone,7,Inaccurate~Inaccurate~Inaccurate~Inaccurate~Accurate,2,,Inaccurate~Inaccurate~Inaccurate~Inaccurate~Accurate,,Inaccurate~Accurate,Spreadsheet1,Spreadsheet1,1,image,Trials,mxeghn,1,response,1,1997.300000011921,1983.2000000000007,1997.300000011921,1997.300000011921,1983.2000000000007,1997.300000011921,1,1997.300000011921,0,0,,Keyboard Response,Keyboard Response,2,object-4,image,1,instr_photo_3.jpg,Screen 3,5,3,,1,1
5,1737479277362,21/01/2025 17:07:57,1737457677362,-6,21/01/2025 05:07:57,153647,19,task-xcgh,repeat-3dmk#5->-repeat-tj2w#5,42633346,BLIND,12435916,,complete,,678fc84472479ddbd9db3bb4,computer,Desktop or Laptop,Windows 10,Chrome 130.0.0.0,1366x768,1366x607,,,0,Memory Practice Clone,7,Inaccurate~Inaccurate~Inaccurate~Inaccurate~Accurate,2,,Inaccurate~Inaccurate~Inaccurate~Inaccurate~Accurate,,Inaccurate~Accurate,Spreadsheet1,Spreadsheet1,1,image,Screen 3,ornkij,2,response,3,1706.6000000238419,1699.8999999999996,1706.6000000238419,1706.6000000238419,1699.8999999999996,1706.6000000238419,1,1706.6000000238419,0,0,,Keyboard Response,Keyboard Response,2,object-25,image,1,instr_photo_3.jpg,Screen 3,5,3,,2,2
6,1737479279362,21/01/2025 17:07:59,1737457679362,-6,21/01/2025 05:07:59,153647,19,task-xcgh,repeat-3dmk#5->-repeat-tj2w#5,42633346,BLIND,12435916,,complete,,678fc84472479ddbd9db3bb4,computer,Desktop or Laptop,Windows 10,Chrome 130.0.0.0,1366x768,1366x607,,,0,Memory Practice Clone,7,Inaccurate~Inaccurate~Inaccurate~Inaccurate~Accurate,2,,Inaccurate~Inaccurate~Inaccurate~Inaccurate~Accurate,,Inaccurate~Accurate,Spreadsheet1,Spreadsheet1,1,image,Screen 2,ou4ign,3,response,5,1007.8000000238426,999.7999999999993,1007.8000000238426,1007.8000000238426,999.7999999999993,1007.8000000238426,1,1007.8000000238426,0,0,,Keyboard Response,Keyboard Response,3,object-22,image,1,instr_photo_3.jpg,Screen 3,5,3,,3,3
7,1737479280356,21/01/2025 17:08:00,1737457680356,-6,21/01/2025 05:08:00,153647,19,task-xcgh,repeat-3dmk#5->-repeat-tj2w#5,42633346,BLIND,12435916,,complete,,678fc84472479ddbd9db3bb4,computer,Desktop or Laptop,Windows 10,Chrome 130.0.0.0,1366x768,1366x607,,,0,Memory Practice Clone,7,Inaccurate~Inaccurate~Inaccurate~Inaccurate~Accurate,2,,Inaccurate~Inaccurate~Inaccurate~Inaccurate~Accurate,,Inaccurate~Accurate,Spreadsheet1,Spreadsheet1,,,,,,info,END,,,12277,,,,0,,,,,,,,,,,,,,,,,
END OF FILE
