Event Index,UTC Timestamp,UTC Date and Time,Local Timestamp,Local Timezone,Local Date and Time,Experiment ID,Experiment Version,Tree Node Key,Repeat Key,Schedule ID,Participant Public ID,Participant Private ID,Participant Starting Group,Participant Status,Participant Completion Code,Participant External Session ID,Participant Device Type,Participant Device,Participant OS,Participant Browser,Participant Monitor Size,Participant Viewport Size,Checkpoint,Room ID,Room Order,Task Name,Task Version,branch-ck1c,randomiser-8rl3,branch-tpdd,branch-qy9p,Spreadsheet,Current Spreadsheet,Trial Number,Display,Screen,Screen ID,Screen Counter,Response Type,Response,Onset Time,Clock Time,Reaction Time,Absolute Onset Time,Absolute Clock Time,Absolute Reaction Time,Correct,Response Onset,Response Duration,Proportion,Tag,Component Name,Object Name,Object Number,Object ID,Spreadsheet: display,Spreadsheet: answer,Spreadsheet: img,Spreadsheet: Screen,Spreadsheet: answer2,Spreadsheet: answer3,Manipulation: Spreadsheet,Store: correct2,Store: Total2
1,1730463099320,01/11/2024 12:11:39,1730448699320,-4,01/11/2024 04:11:39,187004,4,task-xcgh,repeat-3dmk#1->-repeat-tj2w#1,41046662,BLIND,11982727,,complete,,,computer,Desktop or Laptop,Windows 10,Chrome 130.0.0.0,1920x1080,1920x911,,,0,Memory Practice Clone,7,Accurate,2,,Inaccurate~Inaccurate~Accurate,Spreadsheet1,Spreadsheet1,,,,,,info,BEGIN,,,,,,,0,,,,,,,,,,,,,,,,,
2,1730463101659,01/11/2024 12:11:41,1730448701659,-4,01/11/2024 04:11:41,187004,4,task-xcgh,repeat-3dmk#1->-repeat-tj2w#1,41046662,BLIND,11982727,,complete,,,computer,Desktop or Laptop,Windows 10,Chrome 130.0.0.0,1920x1080,1920x911,,,0,Memory Practice Clone,7,Accurate,2,,Inaccurate~Inaccurate~Accurate,Spreadsheet1,Spreadsheet1,1,instructions,Screen 2,1kaj8e,1,continue,,2352.634,2350.0339999999997,2352.634,2352.634,2350.0339999999997,2352.634,1,2352.634,0,0,,Click To Continue,Continue Button,2,object-7,instructions,,,,,,,0,0
3,1730463104656,01/11/2024 12:11:44,1730448704656,-4,01/11/2024 04:11:44,187004,4,task-xcgh,repeat-3dmk#1->-repeat-tj2w#1,41046662,BLIND,11982727,,complete,,,computer,Desktop or Laptop,Windows 10,Chrome 130.0.0.0,1920x1080,1920x911,,,0,Memory Practice Clone,7,Accurate,2,,Inaccurate~Inaccurate~Accurate,Spreadsheet1,Spreadsheet1,1,instructions,Screen 3,j5lb3b,2,timedOut,,3000.1000000000004,2999.8,3000.1000000000004,3000.1000000000004,2999.8,3000.1000000000004,1,3000.1000000000004,0,0,,Time Limit,screen,0,screen,instructions,,,,,,,0,0
4,1730463110709,01/11/2024 12:11:50,1730448710709,-4,01/11/2024 04:11:50,187004,4,task-xcgh,repeat-3dmk#1->-repeat-tj2w#1,41046662,BLIND,11982727,,complete,,,computer,Desktop or Laptop,Windows 10,Chrome 130.0.0.0,1920x1080,1920x911,,,0,Memory Practice Clone,7,Accurate,2,,Inaccurate~Inaccurate~Accurate,Spreadsheet1,Spreadsheet1,1,image,Trials,mxeghn,1,response,6,6052.5999999523165,6050.000000000001,6052.5999999523165,6052.5999999523165,6050.000000000001,6052.5999999523165,0,6052.5999999523165,0,0,,Keyboard Response,Keyboard Response,2,object-4,image,1,instr_photo_3.jpg,Screen 3,5,3,,0,1
5,1730463120189,01/11/2024 12:12:00,1730448720189,-4,01/11/2024 04:12:00,187004,4,task-xcgh,repeat-3dmk#1->-repeat-tj2w#1,41046662,BLIND,11982727,,complete,,,computer,Desktop or Laptop,Windows 10,Chrome 130.0.0.0,1920x1080,1920x911,,,0,Memory Practice Clone,7,Accurate,2,,Inaccurate~Inaccurate~Accurate,Spreadsheet1,Spreadsheet1,1,image,Screen 3,ornkij,2,response,3,8482.8,8466.7,8482.8,8482.8,8466.7,8482.8,1,8482.8,0,0,,Keyboard Response,Keyboard Response,2,object-25,image,1,instr_photo_3.jpg,Screen 3,5,3,,1,2
6,1730463128717,01/11/2024 12:12:08,1730448728717,-4,01/11/2024 04:12:08,187004,4,task-xcgh,repeat-3dmk#1->-repeat-tj2w#1,41046662,BLIND,11982727,,complete,,,computer,Desktop or Laptop,Windows 10,Chrome 130.0.0.0,1920x1080,1920x911,,,0,Memory Practice Clone,7,Accurate,2,,Inaccurate~Inaccurate~Accurate,Spreadsheet1,Spreadsheet1,1,image,Screen 2,ou4ign,3,response,5,7543.999999856947,7533.399999999998,7543.999999856947,7543.999999856947,7533.399999999998,7543.999999856947,1,7543.999999856947,0,0,,Keyboard Response,Keyboard Response,3,object-22,image,1,instr_photo_3.jpg,Screen 3,5,3,,2,3
7,1730463129708,01/11/2024 12:12:09,1730448729708,-4,01/11/2024 04:12:09,187004,4,task-xcgh,repeat-3dmk#1->-repeat-tj2w#1,41046662,BLIND,11982727,,complete,,,computer,Desktop or Laptop,Windows 10,Chrome 130.0.0.0,1920x1080,1920x911,,,0,Memory Practice Clone,7,Accurate,2,,Inaccurate~Inaccurate~Accurate,Spreadsheet1,Spreadsheet1,,,,,,info,END,,,30365,,,,0,,,,,,,,,,,,,,,,,
1,1730463149134,01/11/2024 12:12:29,1730448749134,-4,01/11/2024 04:12:29,187004,4,task-xcgh,repeat-3dmk#1->-repeat-tj2w#2,41046679,BLIND,11982727,,complete,,,computer,Desktop or Laptop,Windows 10,Chrome 130.0.0.0,1920x1080,1920x911,,,0,Memory Practice Clone,7,Accurate,2,,Inaccurate~Inaccurate~Accurate,Spreadsheet1,Spreadsheet1,,,,,,info,BEGIN,,,,,,,0,,,,,,,,,,,,,,,,,
2,1730463150477,01/11/2024 12:12:30,1730448750477,-4,01/11/2024 04:12:30,187004,4,task-xcgh,repeat-3dmk#1->-repeat-tj2w#2,41046679,BLIND,11982727,,complete,,,computer,Desktop or Laptop,Windows 10,Chrome 130.0.0.0,1920x1080,1920x911,,,0,Memory Practice Clone,7,Accurate,2,,Inaccurate~Inaccurate~Accurate,Spreadsheet1,Spreadsheet1,1,instructions,Screen 2,1kaj8e,1,continue,,1353.9980000953674,1349.8980000000001,1353.9980000953674,1353.9980000953674,1349.8980000000001,1353.9980000953674,1,1353.9980000953674,0,0,,Click To Continue,Continue Button,2,object-7,instructions,,,,,,,0,0
3,1730463153474,01/11/2024 12:12:33,1730448753474,-4,01/11/2024 04:12:33,187004,4,task-xcgh,repeat-3dmk#1->-repeat-tj2w#2,41046679,BLIND,11982727,,complete,,,computer,Desktop or Laptop,Windows 10,Chrome 130.0.0.0,1920x1080,1920x911,,,0,Memory Practice Clone,7,Accurate,2,,Inaccurate~Inaccurate~Accurate,Spreadsheet1,Spreadsheet1,1,instructions,Screen 3,j5lb3b,2,timedOut,,3001.6000000953672,3000.0999999999995,3001.6000000953672,3001.6000000953672,3000.0999999999995,3001.6000000953672,1,3001.6000000953672,0,0,,Time Limit,screen,0,screen,instructions,,,,,,,0,0
4,1730463157765,01/11/2024 12:12:37,1730448757765,-4,01/11/2024 04:12:37,187004,4,task-xcgh,repeat-3dmk#1->-repeat-tj2w#2,41046679,BLIND,11982727,,complete,,,computer,Desktop or Laptop,Windows 10,Chrome 130.0.0.0,1920x1080,1920x911,,,0,Memory Practice Clone,7,Accurate,2,,Inaccurate~Inaccurate~Accurate,Spreadsheet1,Spreadsheet1,1,image,Trials,mxeghn,1,response,1,4292.2000001430515,4283.200000000001,4292.2000001430515,4292.2000001430515,4283.200000000001,4292.2000001430515,1,4292.2000001430515,0,0,,Keyboard Response,Keyboard Response,2,object-4,image,1,instr_photo_3.jpg,Screen 3,5,3,,1,1
5,1730463165677,01/11/2024 12:12:45,1730448765677,-4,01/11/2024 04:12:45,187004,4,task-xcgh,repeat-3dmk#1->-repeat-tj2w#2,41046679,BLIND,11982727,,complete,,,computer,Desktop or Laptop,Windows 10,Chrome 130.0.0.0,1920x1080,1920x911,,,0,Memory Practice Clone,7,Accurate,2,,Inaccurate~Inaccurate~Accurate,Spreadsheet1,Spreadsheet1,1,image,Screen 3,ornkij,2,response,3,6920.599999952316,6916.799999999999,6920.599999952316,6920.599999952316,6916.799999999999,6920.599999952316,1,6920.599999952316,0,0,,Keyboard Response,Keyboard Response,2,object-25,image,1,instr_photo_3.jpg,Screen 3,5,3,,2,2
6,1730463176524,01/11/2024 12:12:56,1730448776524,-4,01/11/2024 04:12:56,187004,4,task-xcgh,repeat-3dmk#1->-repeat-tj2w#2,41046679,BLIND,11982727,,complete,,,computer,Desktop or Laptop,Windows 10,Chrome 130.0.0.0,1920x1080,1920x911,,,0,Memory Practice Clone,7,Accurate,2,,Inaccurate~Inaccurate~Accurate,Spreadsheet1,Spreadsheet1,1,image,Screen 2,ou4ign,3,response,4,9852.000000095366,9850,9852.000000095366,9852.000000095366,9850,9852.000000095366,0,9852.000000095366,0,0,,Keyboard Response,Keyboard Response,3,object-22,image,1,instr_photo_3.jpg,Screen 3,5,3,,2,3
7,1730463177524,01/11/2024 12:12:57,1730448777524,-4,01/11/2024 04:12:57,187004,4,task-xcgh,repeat-3dmk#1->-repeat-tj2w#2,41046679,BLIND,11982727,,complete,,,computer,Desktop or Laptop,Windows 10,Chrome 130.0.0.0,1920x1080,1920x911,,,0,Memory Practice Clone,7,Accurate,2,,Inaccurate~Inaccurate~Accurate,Spreadsheet1,Spreadsheet1,,,,,,info,END,,,28372,,,,0,,,,,,,,,,,,,,,,,
1,1730463192285,01/11/2024 12:13:12,1730448792285,-4,01/11/2024 04:13:12,187004,4,task-xcgh,repeat-3dmk#1->-repeat-tj2w#3,41046708,BLIND,11982727,,complete,,,computer,Desktop or Laptop,Windows 10,Chrome 130.0.0.0,1920x1080,1920x911,,,0,Memory Practice Clone,7,Accurate,2,,Inaccurate~Inaccurate~Accurate,Spreadsheet1,Spreadsheet1,,,,,,info,BEGIN,,,,,,,0,,,,,,,,,,,,,,,,,
2,1730463192776,01/11/2024 12:13:12,1730448792776,-4,01/11/2024 04:13:12,187004,4,task-xcgh,repeat-3dmk#1->-repeat-tj2w#3,41046708,BLIND,11982727,,complete,,,computer,Desktop or Laptop,Windows 10,Chrome 130.0.0.0,1920x1080,1920x911,,,0,Memory Practice Clone,7,Accurate,2,,Inaccurate~Inaccurate~Accurate,Spreadsheet1,Spreadsheet1,1,instructions,Screen 2,1kaj8e,1,continue,,503.99999995231633,499.79999999999995,503.99999995231633,503.99999995231633,499.79999999999995,503.99999995231633,1,503.99999995231633,0,0,,Click To Continue,Continue Button,2,object-7,instructions,,,,,,,0,0
3,1730463195772,01/11/2024 12:13:15,1730448795772,-4,01/11/2024 04:13:15,187004,4,task-xcgh,repeat-3dmk#1->-repeat-tj2w#3,41046708,BLIND,11982727,,complete,,,computer,Desktop or Laptop,Windows 10,Chrome 130.0.0.0,1920x1080,1920x911,,,0,Memory Practice Clone,7,Accurate,2,,Inaccurate~Inaccurate~Accurate,Spreadsheet1,Spreadsheet1,1,instructions,Screen 3,j5lb3b,2,timedOut,,3000.2000000000003,3000.2000000000003,3000.2000000000003,3000.2000000000003,3000.2000000000003,3000.2000000000003,1,3000.2000000000003,0,0,,Time Limit,screen,0,screen,instructions,,,,,,,0,0
4,1730463198988,01/11/2024 12:13:18,1730448798988,-4,01/11/2024 04:13:18,187004,4,task-xcgh,repeat-3dmk#1->-repeat-tj2w#3,41046708,BLIND,11982727,,complete,,,computer,Desktop or Laptop,Windows 10,Chrome 130.0.0.0,1920x1080,1920x911,,,0,Memory Practice Clone,7,Accurate,2,,Inaccurate~Inaccurate~Accurate,Spreadsheet1,Spreadsheet1,1,image,Trials,mxeghn,1,response,1,3215.9000000476835,3199.8999999999996,3215.9000000476835,3215.9000000476835,3199.8999999999996,3215.9000000476835,1,3215.9000000476835,0,0,,Keyboard Response,Keyboard Response,2,object-4,image,1,instr_photo_3.jpg,Screen 3,5,3,,1,1
5,1730463205332,01/11/2024 12:13:25,1730448805332,-4,01/11/2024 04:13:25,187004,4,task-xcgh,repeat-3dmk#1->-repeat-tj2w#3,41046708,BLIND,11982727,,complete,,,computer,Desktop or Laptop,Windows 10,Chrome 130.0.0.0,1920x1080,1920x911,,,0,Memory Practice Clone,7,Accurate,2,,Inaccurate~Inaccurate~Accurate,Spreadsheet1,Spreadsheet1,1,image,Screen 3,ornkij,2,response,3,5359.900000047684,5349.800000000001,5359.900000047684,5359.900000047684,5349.800000000001,5359.900000047684,1,5359.900000047684,0,0,,Keyboard Response,Keyboard Response,2,object-25,image,1,instr_photo_3.jpg,Screen 3,5,3,,2,2
6,1730463210404,01/11/2024 12:13:30,1730448810404,-4,01/11/2024 04:13:30,187004,4,task-xcgh,repeat-3dmk#1->-repeat-tj2w#3,41046708,BLIND,11982727,,complete,,,computer,Desktop or Laptop,Windows 10,Chrome 130.0.0.0,1920x1080,1920x911,,,0,Memory Practice Clone,7,Accurate,2,,Inaccurate~Inaccurate~Accurate,Spreadsheet1,Spreadsheet1,1,image,Screen 2,ou4ign,3,response,5,4082.0999999523156,4066.7000000000007,4082.0999999523156,4082.0999999523156,4066.7000000000007,4082.0999999523156,1,4082.0999999523156,0,0,,Keyboard Response,Keyboard Response,3,object-22,image,1,instr_photo_3.jpg,Screen 3,5,3,,3,3
7,1730463211389,01/11/2024 12:13:31,1730448811389,-4,01/11/2024 04:13:31,187004,4,task-xcgh,repeat-3dmk#1->-repeat-tj2w#3,41046708,BLIND,11982727,,complete,,,computer,Desktop or Laptop,Windows 10,Chrome 130.0.0.0,1920x1080,1920x911,,,0,Memory Practice Clone,7,Accurate,2,,Inaccurate~Inaccurate~Accurate,Spreadsheet1,Spreadsheet1,,,,,,info,END,,,19087,,,,0,,,,,,,,,,,,,,,,,
1,1730463319773,01/11/2024 12:15:19,1730438119773,-7,31/10/2024 22:15:19,187004,4,task-xcgh,repeat-3dmk#3->-repeat-tj2w#1,41046717,BLIND,11982925,,complete,,,computer,Desktop or Laptop,Windows 10,Chrome 130.0.0.0,1920x1080,1147x916,,,0,Memory Practice Clone,7,Inaccurate~Inaccurate~Accurate,2,,Inaccurate~Accurate,Spreadsheet1,Spreadsheet1,,,,,,info,BEGIN,,,,,,,0,,,,,,,,,,,,,,,,,
2,1730463324328,01/11/2024 12:15:24,1730438124328,-7,31/10/2024 22:15:24,187004,4,task-xcgh,repeat-3dmk#3->-repeat-tj2w#1,41046717,BLIND,11982925,,complete,,,computer,Desktop or Laptop,Windows 10,Chrome 130.0.0.0,1920x1080,1147x916,,,0,Memory Practice Clone,7,Inaccurate~Inaccurate~Accurate,2,,Inaccurate~Accurate,Spreadsheet1,Spreadsheet1,1,instructions,Screen 2,1kaj8e,1,continue,,4566.428,4549.8279999999995,4566.428,4566.428,4549.8279999999995,4566.428,1,4566.428,0,0,,Click To Continue,Continue Button,2,object-7,instructions,,,,,,,0,0
3,1730463327309,01/11/2024 12:15:27,1730438127309,-7,31/10/2024 22:15:27,187004,4,task-xcgh,repeat-3dmk#3->-repeat-tj2w#1,41046717,BLIND,11982925,,complete,,,computer,Desktop or Laptop,Windows 10,Chrome 130.0.0.0,1920x1080,1147x916,,,0,Memory Practice Clone,7,Inaccurate~Inaccurate~Accurate,2,,Inaccurate~Accurate,Spreadsheet1,Spreadsheet1,1,instructions,Screen 3,j5lb3b,2,timedOut,,3000.6000000000004,2999.8999999999996,3000.6000000000004,3000.6000000000004,2999.8999999999996,3000.6000000000004,1,3000.6000000000004,0,0,,Time Limit,screen,0,screen,instructions,,,,,,,0,0
4,1730463336055,01/11/2024 12:15:36,1730438136055,-7,31/10/2024 22:15:36,187004,4,task-xcgh,repeat-3dmk#3->-repeat-tj2w#1,41046717,BLIND,11982925,,complete,,,computer,Desktop or Laptop,Windows 10,Chrome 130.0.0.0,1920x1080,1147x916,,,0,Memory Practice Clone,7,Inaccurate~Inaccurate~Accurate,2,,Inaccurate~Accurate,Spreadsheet1,Spreadsheet1,1,image,Trials,mxeghn,1,response,1,8583.100000000002,8566.400000000001,8583.100000000002,8583.100000000002,8566.400000000001,8583.100000000002,1,8583.100000000002,0,0,,Keyboard Response,Keyboard Response,2,object-4,image,1,instr_photo_3.jpg,Screen 3,5,3,,1,1
5,1730463344048,01/11/2024 12:15:44,1730438144048,-7,31/10/2024 22:15:44,187004,4,task-xcgh,repeat-3dmk#3->-repeat-tj2w#1,41046717,BLIND,11982925,,complete,,,computer,Desktop or Laptop,Windows 10,Chrome 130.0.0.0,1920x1080,1147x916,,,0,Memory Practice Clone,7,Inaccurate~Inaccurate~Accurate,2,,Inaccurate~Accurate,Spreadsheet1,Spreadsheet1,1,image,Screen 3,ornkij,2,response,3,7171.70000000596,7166.200000000001,7171.70000000596,7171.70000000596,7166.200000000001,7171.70000000596,1,7171.70000000596,0,0,,Keyboard Response,Keyboard Response,2,object-25,image,1,instr_photo_3.jpg,Screen 3,5,3,,2,2
6,1730463349847,01/11/2024 12:15:49,1730438149847,-7,31/10/2024 22:15:49,187004,4,task-xcgh,repeat-3dmk#3->-repeat-tj2w#1,41046717,BLIND,11982925,,complete,,,computer,Desktop or Laptop,Windows 10,Chrome 130.0.0.0,1920x1080,1147x916,,,0,Memory Practice Clone,7,Inaccurate~Inaccurate~Accurate,2,,Inaccurate~Accurate,Spreadsheet1,Spreadsheet1,1,image,Screen 2,ou4ign,3,response,4,4805.20000002384,4799.9000000000015,4805.20000002384,4805.20000002384,4799.9000000000015,4805.20000002384,0,4805.20000002384,0,0,,Keyboard Response,Keyboard Response,3,object-22,image,1,instr_photo_3.jpg,Screen 3,5,3,,2,3
7,1730463350843,01/11/2024 12:15:50,1730438150843,-7,31/10/2024 22:15:50,187004,4,task-xcgh,repeat-3dmk#3->-repeat-tj2w#1,41046717,BLIND,11982925,,complete,,,computer,Desktop or Laptop,Windows 10,Chrome 130.0.0.0,1920x1080,1147x916,,,0,Memory Practice Clone,7,Inaccurate~Inaccurate~Accurate,2,,Inaccurate~Accurate,Spreadsheet1,Spreadsheet1,,,,,,info,END,,,30983,,,,0,,,,,,,,,,,,,,,,,
1,1730463383031,01/11/2024 12:16:23,1730438183031,-7,31/10/2024 22:16:23,187004,4,task-xcgh,repeat-3dmk#3->-repeat-tj2w#2,41046747,BLIND,11982925,,complete,,,computer,Desktop or Laptop,Windows 10,Chrome 130.0.0.0,1920x1080,1147x916,,,0,Memory Practice Clone,7,Inaccurate~Inaccurate~Accurate,2,,Inaccurate~Accurate,Spreadsheet1,Spreadsheet1,,,,,,info,BEGIN,,,,,,,0,,,,,,,,,,,,,,,,,
2,1730463384343,01/11/2024 12:16:24,1730438184343,-7,31/10/2024 22:16:24,187004,4,task-xcgh,repeat-3dmk#3->-repeat-tj2w#2,41046747,BLIND,11982925,,complete,,,computer,Desktop or Laptop,Windows 10,Chrome 130.0.0.0,1920x1080,1147x916,,,0,Memory Practice Clone,7,Inaccurate~Inaccurate~Accurate,2,,Inaccurate~Accurate,Spreadsheet1,Spreadsheet1,1,instructions,Screen 2,1kaj8e,1,continue,,4189.899999976158,4187.8,4189.899999976158,4189.899999976158,4187.8,4189.899999976158,1,4189.899999976158,0,0,,Click To Continue,Continue Button,2,object-7,instructions,,,,,,,0,0
3,1730463387341,01/11/2024 12:16:27,1730438187341,-7,31/10/2024 22:16:27,187004,4,task-xcgh,repeat-3dmk#3->-repeat-tj2w#2,41046747,BLIND,11982925,,complete,,,computer,Desktop or Laptop,Windows 10,Chrome 130.0.0.0,1920x1080,1147x916,,,0,Memory Practice Clone,7,Inaccurate~Inaccurate~Accurate,2,,Inaccurate~Accurate,Spreadsheet1,Spreadsheet1,1,instructions,Screen 3,j5lb3b,2,timedOut,,3000.599999976158,2999.8999999999996,3000.599999976158,3000.599999976158,2999.8999999999996,3000.599999976158,1,3000.599999976158,0,0,,Time Limit,screen,0,screen,instructions,,,,,,,0,0
4,1730463393408,01/11/2024 12:16:33,1730438193408,-7,31/10/2024 22:16:33,187004,4,task-xcgh,repeat-3dmk#3->-repeat-tj2w#2,41046747,BLIND,11982925,,complete,,,computer,Desktop or Laptop,Windows 10,Chrome 130.0.0.0,1920x1080,1147x916,,,0,Memory Practice Clone,7,Inaccurate~Inaccurate~Accurate,2,,Inaccurate~Accurate,Spreadsheet1,Spreadsheet1,1,image,Trials,mxeghn,1,response,1,6066.3,6049.7,6066.3,6066.3,6049.7,6066.3,1,6066.3,0,0,,Keyboard Response,Keyboard Response,2,object-4,image,1,instr_photo_3.jpg,Screen 3,5,3,,1,1
5,1730463400232,01/11/2024 12:16:40,1730438200232,-7,31/10/2024 22:16:40,187004,4,task-xcgh,repeat-3dmk#3->-repeat-tj2w#2,41046747,BLIND,11982925,,complete,,,computer,Desktop or Laptop,Windows 10,Chrome 130.0.0.0,1920x1080,1147x916,,,0,Memory Practice Clone,7,Inaccurate~Inaccurate~Accurate,2,,Inaccurate~Accurate,Spreadsheet1,Spreadsheet1,1,image,Screen 3,ornkij,2,response,3,5841.299999988079,5833.1,5841.299999988079,5841.299999988079,5833.1,5841.299999988079,1,5841.299999988079,0,0,,Keyboard Response,Keyboard Response,2,object-25,image,1,instr_photo_3.jpg,Screen 3,5,3,,2,2
6,1730463407568,01/11/2024 12:16:47,1730438207568,-7,31/10/2024 22:16:47,187004,4,task-xcgh,repeat-3dmk#3->-repeat-tj2w#2,41046747,BLIND,11982925,,complete,,,computer,Desktop or Laptop,Windows 10,Chrome 130.0.0.0,1920x1080,1147x916,,,0,Memory Practice Clone,7,Inaccurate~Inaccurate~Accurate,2,,Inaccurate~Accurate,Spreadsheet1,Spreadsheet1,1,image,Screen 2,ou4ign,3,response,5,6344.299999982119,6333.200000000001,6344.299999982119,6344.299999982119,6333.200000000001,6344.299999982119,1,6344.299999982119,0,0,,Keyboard Response,Keyboard Response,3,object-22,image,1,instr_photo_3.jpg,Screen 3,5,3,,3,3
7,1730463408558,01/11/2024 12:16:48,1730438208558,-7,31/10/2024 22:16:48,187004,4,task-xcgh,repeat-3dmk#3->-repeat-tj2w#2,41046747,BLIND,11982925,,complete,,,computer,Desktop or Laptop,Windows 10,Chrome 130.0.0.0,1920x1080,1147x916,,,0,Memory Practice Clone,7,Inaccurate~Inaccurate~Accurate,2,,Inaccurate~Accurate,Spreadsheet1,Spreadsheet1,,,,,,info,END,,,25459,,,,0,,,,,,,,,,,,,,,,,
1,1730464754465,01/11/2024 12:39:14,1730446754465,-5,01/11/2024 02:39:14,187004,4,task-xcgh,repeat-3dmk#2->-repeat-tj2w#1,41047173,BLIND,11982707,,complete,,,computer,Desktop or Laptop,Windows 10,Chrome 130.0.0.0,1707x960,1366x660,,,0,Memory Practice Clone,7,Inaccurate~Accurate,2,,Inaccurate~Inaccurate~Accurate,Spreadsheet1,Spreadsheet1,,,,,,info,BEGIN,,,,,,,0,,,,,,,,,,,,,,,,,
2,1730464760022,01/11/2024 12:39:20,1730446760022,-5,01/11/2024 02:39:20,187004,4,task-xcgh,repeat-3dmk#2->-repeat-tj2w#1,41047173,BLIND,11982707,,complete,,,computer,Desktop or Laptop,Windows 10,Chrome 130.0.0.0,1707x960,1366x660,,,0,Memory Practice Clone,7,Inaccurate~Accurate,2,,Inaccurate~Inaccurate~Accurate,Spreadsheet1,Spreadsheet1,1,instructions,Screen 2,1kaj8e,1,continue,,5563.200000000186,5557.4,5563.200000000186,5563.200000000186,5557.4,5563.200000000186,1,5563.200000000186,0,0,,Click To Continue,Continue Button,2,object-7,instructions,,,,,,,0,0
3,1730464763015,01/11/2024 12:39:23,1730446763015,-5,01/11/2024 02:39:23,187004,4,task-xcgh,repeat-3dmk#2->-repeat-tj2w#1,41047173,BLIND,11982707,,complete,,,computer,Desktop or Laptop,Windows 10,Chrome 130.0.0.0,1707x960,1366x660,,,0,Memory Practice Clone,7,Inaccurate~Accurate,2,,Inaccurate~Inaccurate~Accurate,Spreadsheet1,Spreadsheet1,1,instructions,Screen 3,j5lb3b,2,timedOut,,2999.6000000000004,2998.800000000001,2999.6000000000004,2999.6000000000004,2998.800000000001,2999.6000000000004,1,2999.6000000000004,0,0,,Time Limit,screen,0,screen,instructions,,,,,,,0,0
4,1730464770269,01/11/2024 12:39:30,1730446770269,-5,01/11/2024 02:39:30,187004,4,task-xcgh,repeat-3dmk#2->-repeat-tj2w#1,41047173,BLIND,11982707,,complete,,,computer,Desktop or Laptop,Windows 10,Chrome 130.0.0.0,1707x960,1366x660,,,0,Memory Practice Clone,7,Inaccurate~Accurate,2,,Inaccurate~Inaccurate~Accurate,Spreadsheet1,Spreadsheet1,1,image,Trials,mxeghn,1,response,6,7254.899999999627,7252.5,7254.899999999627,7254.899999999627,7252.5,7254.899999999627,0,7254.899999999627,0,0,,Keyboard Response,Keyboard Response,2,object-4,image,1,instr_photo_3.jpg,Screen 3,5,3,,0,1
5,1730464792575,01/11/2024 12:39:52,1730446792575,-5,01/11/2024 02:39:52,187004,4,task-xcgh,repeat-3dmk#2->-repeat-tj2w#1,41047173,BLIND,11982707,,complete,,,computer,Desktop or Laptop,Windows 10,Chrome 130.0.0.0,1707x960,1366x660,,,0,Memory Practice Clone,7,Inaccurate~Accurate,2,,Inaccurate~Inaccurate~Accurate,Spreadsheet1,Spreadsheet1,,,,,,info,BEGIN,,,,,,,0,,,,,,,,,,,,,,,,,
6,1730464802195,01/11/2024 12:40:02,1730446802195,-5,01/11/2024 02:40:02,187004,4,task-xcgh,repeat-3dmk#2->-repeat-tj2w#1,41047173,BLIND,11982707,,complete,,,computer,Desktop or Laptop,Windows 10,Chrome 130.0.0.0,1707x960,1366x660,,,0,Memory Practice Clone,7,Inaccurate~Accurate,2,,Inaccurate~Inaccurate~Accurate,Spreadsheet1,Spreadsheet1,1,image,Screen 2,ou4ign,1,response,3,9603.399999999998,9596.8,9603.399999999998,9603.399999999998,9596.8,9603.399999999998,0,9603.399999999998,0,0,,Keyboard Response,Keyboard Response,3,object-22,image,1,instr_photo_3.jpg,Screen 3,5,3,,0,3
7,1730464803190,01/11/2024 12:40:03,1730446803190,-5,01/11/2024 02:40:03,187004,4,task-xcgh,repeat-3dmk#2->-repeat-tj2w#1,41047173,BLIND,11982707,,complete,,,computer,Desktop or Laptop,Windows 10,Chrome 130.0.0.0,1707x960,1366x660,,,0,Memory Practice Clone,7,Inaccurate~Accurate,2,,Inaccurate~Inaccurate~Accurate,Spreadsheet1,Spreadsheet1,,,,,,info,END,,,48707,,,,0,,,,,,,,,,,,,,,,,
1,1730464824952,01/11/2024 12:40:24,1730446824952,-5,01/11/2024 02:40:24,187004,4,task-xcgh,repeat-3dmk#2->-repeat-tj2w#2,41047194,BLIND,11982707,,complete,,,computer,Desktop or Laptop,Windows 10,Chrome 130.0.0.0,1707x960,1366x660,,,0,Memory Practice Clone,7,Inaccurate~Accurate,2,,Inaccurate~Inaccurate~Accurate,Spreadsheet1,Spreadsheet1,,,,,,info,BEGIN,,,,,,,0,,,,,,,,,,,,,,,,,
2,1730464829799,01/11/2024 12:40:29,1730446829799,-5,01/11/2024 02:40:29,187004,4,task-xcgh,repeat-3dmk#2->-repeat-tj2w#2,41047194,BLIND,11982707,,complete,,,computer,Desktop or Laptop,Windows 10,Chrome 130.0.0.0,1707x960,1366x660,,,0,Memory Practice Clone,7,Inaccurate~Accurate,2,,Inaccurate~Inaccurate~Accurate,Spreadsheet1,Spreadsheet1,1,instructions,Screen 2,1kaj8e,1,continue,,4852.999999999814,4851,4852.999999999814,4852.999999999814,4851,4852.999999999814,1,4852.999999999814,0,0,,Click To Continue,Continue Button,2,object-7,instructions,,,,,,,0,0
3,1730464832797,01/11/2024 12:40:32,1730446832797,-5,01/11/2024 02:40:32,187004,4,task-xcgh,repeat-3dmk#2->-repeat-tj2w#2,41047194,BLIND,11982707,,complete,,,computer,Desktop or Laptop,Windows 10,Chrome 130.0.0.0,1707x960,1366x660,,,0,Memory Practice Clone,7,Inaccurate~Accurate,2,,Inaccurate~Inaccurate~Accurate,Spreadsheet1,Spreadsheet1,1,instructions,Screen 3,j5lb3b,2,timedOut,,2999.4999999998136,2998.9000000000005,2999.4999999998136,2999.4999999998136,2998.9000000000005,2999.4999999998136,1,2999.4999999998136,0,0,,Time Limit,screen,0,screen,instructions,,,,,,,0,0
4,1730464837949,01/11/2024 12:40:37,1730446837949,-5,01/11/2024 02:40:37,187004,4,task-xcgh,repeat-3dmk#2->-repeat-tj2w#2,41047194,BLIND,11982707,,complete,,,computer,Desktop or Laptop,Windows 10,Chrome 130.0.0.0,1707x960,1366x660,,,0,Memory Practice Clone,7,Inaccurate~Accurate,2,,Inaccurate~Inaccurate~Accurate,Spreadsheet1,Spreadsheet1,1,image,Trials,mxeghn,1,response,1,5152.199999999999,5146.199999999999,5152.199999999999,5152.199999999999,5146.199999999999,5152.199999999999,1,5152.199999999999,0,0,,Keyboard Response,Keyboard Response,2,object-4,image,1,instr_photo_3.jpg,Screen 3,5,3,,1,1
5,1730464846774,01/11/2024 12:40:46,1730446846774,-5,01/11/2024 02:40:46,187004,4,task-xcgh,repeat-3dmk#2->-repeat-tj2w#2,41047194,BLIND,11982707,,complete,,,computer,Desktop or Laptop,Windows 10,Chrome 130.0.0.0,1707x960,1366x660,,,0,Memory Practice Clone,7,Inaccurate~Accurate,2,,Inaccurate~Inaccurate~Accurate,Spreadsheet1,Spreadsheet1,1,image,Screen 3,ornkij,2,response,3,7829.099999999813,7823.899999999998,7829.099999999813,7829.099999999813,7823.899999999998,7829.099999999813,1,7829.099999999813,0,0,,Keyboard Response,Keyboard Response,2,object-25,image,1,instr_photo_3.jpg,Screen 3,5,3,,2,2
6,1730464850922,01/11/2024 12:40:50,1730446850922,-5,01/11/2024 02:40:50,187004,4,task-xcgh,repeat-3dmk#2->-repeat-tj2w#2,41047194,BLIND,11982707,,complete,,,computer,Desktop or Laptop,Windows 10,Chrome 130.0.0.0,1707x960,1366x660,,,0,Memory Practice Clone,7,Inaccurate~Accurate,2,,Inaccurate~Inaccurate~Accurate,Spreadsheet1,Spreadsheet1,1,image,Screen 2,ou4ign,3,response,4,3150.300000000003,3144.100000000002,3150.300000000003,3150.300000000003,3144.100000000002,3150.300000000003,0,3150.300000000003,0,0,,Keyboard Response,Keyboard Response,3,object-22,image,1,instr_photo_3.jpg,Screen 3,5,3,,2,3
7,1730464851916,01/11/2024 12:40:51,1730446851916,-5,01/11/2024 02:40:51,187004,4,task-xcgh,repeat-3dmk#2->-repeat-tj2w#2,41047194,BLIND,11982707,,complete,,,computer,Desktop or Laptop,Windows 10,Chrome 130.0.0.0,1707x960,1366x660,,,0,Memory Practice Clone,7,Inaccurate~Accurate,2,,Inaccurate~Inaccurate~Accurate,Spreadsheet1,Spreadsheet1,,,,,,info,END,,,26949,,,,0,,,,,,,,,,,,,,,,,
1,1730464874079,01/11/2024 12:41:14,1730446874079,-5,01/11/2024 02:41:14,187004,4,task-xcgh,repeat-3dmk#2->-repeat-tj2w#3,41047211,BLIND,11982707,,complete,,,computer,Desktop or Laptop,Windows 10,Chrome 130.0.0.0,1707x960,1366x660,,,0,Memory Practice Clone,7,Inaccurate~Accurate,2,,Inaccurate~Inaccurate~Accurate,Spreadsheet1,Spreadsheet1,,,,,,info,BEGIN,,,,,,,0,,,,,,,,,,,,,,,,,
2,1730464876737,01/11/2024 12:41:16,1730446876737,-5,01/11/2024 02:41:16,187004,4,task-xcgh,repeat-3dmk#2->-repeat-tj2w#3,41047211,BLIND,11982707,,complete,,,computer,Desktop or Laptop,Windows 10,Chrome 130.0.0.0,1707x960,1366x660,,,0,Memory Practice Clone,7,Inaccurate~Accurate,2,,Inaccurate~Inaccurate~Accurate,Spreadsheet1,Spreadsheet1,1,instructions,Screen 2,1kaj8e,1,continue,,2661.2779999996274,2658.7780000000002,2661.2779999996274,2661.2779999996274,2658.7780000000002,2661.2779999996274,1,2661.2779999996274,0,0,,Click To Continue,Continue Button,2,object-7,instructions,,,,,,,0,0
3,1730464879734,01/11/2024 12:41:19,1730446879734,-5,01/11/2024 02:41:19,187004,4,task-xcgh,repeat-3dmk#2->-repeat-tj2w#3,41047211,BLIND,11982707,,complete,,,computer,Desktop or Laptop,Windows 10,Chrome 130.0.0.0,1707x960,1366x660,,,0,Memory Practice Clone,7,Inaccurate~Accurate,2,,Inaccurate~Inaccurate~Accurate,Spreadsheet1,Spreadsheet1,1,instructions,Screen 3,j5lb3b,2,timedOut,,3000.299999999441,2998.7,3000.299999999441,3000.299999999441,2998.7,3000.299999999441,1,3000.299999999441,0,0,,Time Limit,screen,0,screen,instructions,,,,,,,0,0
4,1730464883860,01/11/2024 12:41:23,1730446883860,-5,01/11/2024 02:41:23,187004,4,task-xcgh,repeat-3dmk#2->-repeat-tj2w#3,41047211,BLIND,11982707,,complete,,,computer,Desktop or Laptop,Windows 10,Chrome 130.0.0.0,1707x960,1366x660,,,0,Memory Practice Clone,7,Inaccurate~Accurate,2,,Inaccurate~Inaccurate~Accurate,Spreadsheet1,Spreadsheet1,1,image,Trials,mxeghn,1,response,1,4126.700000000002,4120.900000000001,4126.700000000002,4126.700000000002,4120.900000000001,4126.700000000002,1,4126.700000000002,0,0,,Keyboard Response,Keyboard Response,2,object-4,image,1,instr_photo_3.jpg,Screen 3,5,3,,1,1
5,1730464891028,01/11/2024 12:41:31,1730446891028,-5,01/11/2024 02:41:31,187004,4,task-xcgh,repeat-3dmk#2->-repeat-tj2w#3,41047211,BLIND,11982707,,complete,,,computer,Desktop or Laptop,Windows 10,Chrome 130.0.0.0,1707x960,1366x660,,,0,Memory Practice Clone,7,Inaccurate~Accurate,2,,Inaccurate~Inaccurate~Accurate,Spreadsheet1,Spreadsheet1,1,image,Screen 3,ornkij,2,response,3,6172.100000000186,6166.6,6172.100000000186,6172.100000000186,6166.6,6172.100000000186,1,6172.100000000186,0,0,,Keyboard Response,Keyboard Response,2,object-25,image,1,instr_photo_3.jpg,Screen 3,5,3,,2,2
6,1730464899289,01/11/2024 12:41:39,1730446899289,-5,01/11/2024 02:41:39,187004,4,task-xcgh,repeat-3dmk#2->-repeat-tj2w#3,41047211,BLIND,11982707,,complete,,,computer,Desktop or Laptop,Windows 10,Chrome 130.0.0.0,1707x960,1366x660,,,0,Memory Practice Clone,7,Inaccurate~Accurate,2,,Inaccurate~Inaccurate~Accurate,Spreadsheet1,Spreadsheet1,1,image,Screen 2,ou4ign,3,response,5,7264.700000000001,7259.100000000002,7264.700000000001,7264.700000000001,7259.100000000002,7264.700000000001,1,7264.700000000001,0,0,,Keyboard Response,Keyboard Response,3,object-22,image,1,instr_photo_3.jpg,Screen 3,5,3,,3,3
7,1730464900286,01/11/2024 12:41:40,1730446900286,-5,01/11/2024 02:41:40,187004,4,task-xcgh,repeat-3dmk#2->-repeat-tj2w#3,41047211,BLIND,11982707,,complete,,,computer,Desktop or Laptop,Windows 10,Chrome 130.0.0.0,1707x960,1366x660,,,0,Memory Practice Clone,7,Inaccurate~Accurate,2,,Inaccurate~Inaccurate~Accurate,Spreadsheet1,Spreadsheet1,,,,,,info,END,,,26193,,,,0,,,,,,,,,,,,,,,,,
1,1730475491405,01/11/2024 15:38:11,1730457491405,-5,01/11/2024 05:38:11,187004,4,task-xcgh,repeat-3dmk#2->-repeat-tj2w#1,41051424,BLIND,11982655,,complete,,,computer,Desktop or Laptop,Windows 10,Chrome 130.0.0.0,1920x1080,1920x929,,,0,Memory Practice Clone,7,Inaccurate~Accurate,2,,Accurate,Spreadsheet1,Spreadsheet1,,,,,,info,BEGIN,,,,,,,0,,,,,,,,,,,,,,,,,
2,1730475542592,01/11/2024 15:39:02,1730457542592,-5,01/11/2024 05:39:02,187004,4,task-xcgh,repeat-3dmk#2->-repeat-tj2w#1,41051424,BLIND,11982655,,complete,,,computer,Desktop or Laptop,Windows 10,Chrome 130.0.0.0,1920x1080,1920x929,,,0,Memory Practice Clone,7,Inaccurate~Accurate,2,,Accurate,Spreadsheet1,Spreadsheet1,,,,,,info,BEGIN,,,,,,,0,,,,,,,,,,,,,,,,,
3,1730475558056,01/11/2024 15:39:18,1730457558056,-5,01/11/2024 05:39:18,187004,4,task-xcgh,repeat-3dmk#2->-repeat-tj2w#1,41051424,BLIND,11982655,,complete,,,computer,Desktop or Laptop,Windows 10,Chrome 130.0.0.0,1920x1080,1920x929,,,0,Memory Practice Clone,7,Inaccurate~Accurate,2,,Accurate,Spreadsheet1,Spreadsheet1,1,image,Trials,mxeghn,1,response,1,15443.29999999702,15433.599999999999,15443.29999999702,15443.29999999702,15433.599999999999,15443.29999999702,1,15443.29999999702,0,0,,Keyboard Response,Keyboard Response,2,object-4,image,1,instr_photo_3.jpg,Screen 3,5,3,,1,1
4,1730475573000,01/11/2024 15:39:33,1730457573000,-5,01/11/2024 05:39:33,187004,4,task-xcgh,repeat-3dmk#2->-repeat-tj2w#1,41051424,BLIND,11982655,,complete,,,computer,Desktop or Laptop,Windows 10,Chrome 130.0.0.0,1920x1080,1920x929,,,0,Memory Practice Clone,7,Inaccurate~Accurate,2,,Accurate,Spreadsheet1,Spreadsheet1,1,image,Screen 3,ornkij,2,response,3,13954.299999995528,13949.899999999998,13954.299999995528,13954.299999995528,13949.899999999998,13954.299999995528,1,13954.299999995528,0,0,,Keyboard Response,Keyboard Response,2,object-25,image,1,instr_photo_3.jpg,Screen 3,5,3,,2,2
5,1730475581815,01/11/2024 15:39:41,1730457581815,-5,01/11/2024 05:39:41,187004,4,task-xcgh,repeat-3dmk#2->-repeat-tj2w#1,41051424,BLIND,11982655,,complete,,,computer,Desktop or Laptop,Windows 10,Chrome 130.0.0.0,1920x1080,1920x929,,,0,Memory Practice Clone,7,Inaccurate~Accurate,2,,Accurate,Spreadsheet1,Spreadsheet1,1,image,Screen 2,ou4ign,3,response,5,7818.999999995533,7816.4000000000015,7818.999999995533,7818.999999995533,7816.4000000000015,7818.999999995533,1,7818.999999995533,0,0,,Keyboard Response,Keyboard Response,3,object-22,image,1,instr_photo_3.jpg,Screen 3,5,3,,3,3
6,1730475582813,01/11/2024 15:39:42,1730457582813,-5,01/11/2024 05:39:42,187004,4,task-xcgh,repeat-3dmk#2->-repeat-tj2w#1,41051424,BLIND,11982655,,complete,,,computer,Desktop or Laptop,Windows 10,Chrome 130.0.0.0,1920x1080,1920x929,,,0,Memory Practice Clone,7,Inaccurate~Accurate,2,,Accurate,Spreadsheet1,Spreadsheet1,,,,,,info,END,,,91391,,,,0,,,,,,,,,,,,,,,,,
1,1730475543655,01/11/2024 15:39:03,1730461143655,-4,01/11/2024 07:39:03,187004,4,task-xcgh,repeat-3dmk#2->-repeat-tj2w#1,41051444,BLIND,11982677,,complete,,,computer,Desktop or Laptop,Windows 10,Chrome 130.0.0.0,1536x864,1536x742,,,0,Memory Practice Clone,7,Inaccurate~Accurate,2,,Accurate,Spreadsheet1,Spreadsheet1,,,,,,info,BEGIN,,,,,,,0,,,,,,,,,,,,,,,,,
2,1730475549550,01/11/2024 15:39:09,1730461149550,-4,01/11/2024 07:39:09,187004,4,task-xcgh,repeat-3dmk#2->-repeat-tj2w#1,41051444,BLIND,11982677,,complete,,,computer,Desktop or Laptop,Windows 10,Chrome 130.0.0.0,1536x864,1536x742,,,0,Memory Practice Clone,7,Inaccurate~Accurate,2,,Accurate,Spreadsheet1,Spreadsheet1,1,instructions,Screen 2,1kaj8e,1,continue,,5906.00000000298,5899.7,5906.00000000298,5906.00000000298,5899.7,5906.00000000298,1,5906.00000000298,0,0,,Click To Continue,Continue Button,2,object-7,instructions,,,,,,,0,0
3,1730475552542,01/11/2024 15:39:12,1730461152542,-4,01/11/2024 07:39:12,187004,4,task-xcgh,repeat-3dmk#2->-repeat-tj2w#1,41051444,BLIND,11982677,,complete,,,computer,Desktop or Laptop,Windows 10,Chrome 130.0.0.0,1536x864,1536x742,,,0,Memory Practice Clone,7,Inaccurate~Accurate,2,,Accurate,Spreadsheet1,Spreadsheet1,1,instructions,Screen 3,j5lb3b,2,timedOut,,3000.200000008941,2999.8999999999996,3000.200000008941,3000.200000008941,2999.8999999999996,3000.200000008941,1,3000.200000008941,0,0,,Time Limit,screen,0,screen,instructions,,,,,,,0,0
4,1730475560493,01/11/2024 15:39:20,1730461160493,-4,01/11/2024 07:39:20,187004,4,task-xcgh,repeat-3dmk#2->-repeat-tj2w#1,41051444,BLIND,11982677,,complete,,,computer,Desktop or Laptop,Windows 10,Chrome 130.0.0.0,1536x864,1536x742,,,0,Memory Practice Clone,7,Inaccurate~Accurate,2,,Accurate,Spreadsheet1,Spreadsheet1,1,image,Trials,mxeghn,1,response,1,7949.300000008941,7933.299999999999,7949.300000008941,7949.300000008941,7933.299999999999,7949.300000008941,1,7949.300000008941,0,0,,Keyboard Response,Keyboard Response,2,object-4,image,1,instr_photo_3.jpg,Screen 3,5,3,,1,1
5,1730475571729,01/11/2024 15:39:31,1730461171729,-4,01/11/2024 07:39:31,187004,4,task-xcgh,repeat-3dmk#2->-repeat-tj2w#1,41051444,BLIND,11982677,,complete,,,computer,Desktop or Laptop,Windows 10,Chrome 130.0.0.0,1536x864,1536x742,,,0,Memory Practice Clone,7,Inaccurate~Accurate,2,,Accurate,Spreadsheet1,Spreadsheet1,1,image,Screen 3,ornkij,2,response,3,10253.300000011921,10249.599999999999,10253.300000011921,10253.300000011921,10249.599999999999,10253.300000011921,1,10253.300000011921,0,0,,Keyboard Response,Keyboard Response,2,object-25,image,1,instr_photo_3.jpg,Screen 3,5,3,,2,2
6,1730475585763,01/11/2024 15:39:45,1730461185763,-4,01/11/2024 07:39:45,187004,4,task-xcgh,repeat-3dmk#2->-repeat-tj2w#1,41051444,BLIND,11982677,,complete,,,computer,Desktop or Laptop,Windows 10,Chrome 130.0.0.0,1536x864,1536x742,,,0,Memory Practice Clone,7,Inaccurate~Accurate,2,,Accurate,Spreadsheet1,Spreadsheet1,1,image,Screen 2,ou4ign,3,response,5,13037.000000008942,13033,13037.000000008942,13037.000000008942,13033,13037.000000008942,1,13037.000000008942,0,0,,Keyboard Response,Keyboard Response,3,object-22,image,1,instr_photo_3.jpg,Screen 3,5,3,,3,3
7,1730475586762,01/11/2024 15:39:46,1730461186762,-4,01/11/2024 07:39:46,187004,4,task-xcgh,repeat-3dmk#2->-repeat-tj2w#1,41051444,BLIND,11982677,,complete,,,computer,Desktop or Laptop,Windows 10,Chrome 130.0.0.0,1536x864,1536x742,,,0,Memory Practice Clone,7,Inaccurate~Accurate,2,,Accurate,Spreadsheet1,Spreadsheet1,,,,,,info,END,,,43092,,,,0,,,,,,,,,,,,,,,,,
1,1730476655728,01/11/2024 15:57:35,1730462255728,-4,01/11/2024 07:57:35,187004,4,task-xcgh,repeat-3dmk#2->-repeat-tj2w#1,41051915,BLIND,11982667,,complete,,,computer,Desktop or Laptop,Mac OS 10.15.7,Chrome 130.0.0.0,1687x941,1680x935,,,0,Memory Practice Clone,7,Inaccurate~Accurate,2,,Inaccurate~Inaccurate~Accurate,Spreadsheet1,Spreadsheet1,,,,,,info,BEGIN,,,,,,,0,,,,,,,,,,,,,,,,,
2,1730476663620,01/11/2024 15:57:43,1730462263620,-4,01/11/2024 07:57:43,187004,4,task-xcgh,repeat-3dmk#2->-repeat-tj2w#1,41051915,BLIND,11982667,,complete,,,computer,Desktop or Laptop,Mac OS 10.15.7,Chrome 130.0.0.0,1687x941,1680x935,,,0,Memory Practice Clone,7,Inaccurate~Accurate,2,,Inaccurate~Inaccurate~Accurate,Spreadsheet1,Spreadsheet1,1,instructions,Screen 2,1kaj8e,1,continue,,7898.999999988079,7883.2,7898.999999988079,7898.999999988079,7883.2,7898.999999988079,1,7898.999999988079,0,0,,Click To Continue,Continue Button,2,object-7,instructions,,,,,,,0,0
3,1730476666604,01/11/2024 15:57:46,1730462266604,-4,01/11/2024 07:57:46,187004,4,task-xcgh,repeat-3dmk#2->-repeat-tj2w#1,41051915,BLIND,11982667,,complete,,,computer,Desktop or Laptop,Mac OS 10.15.7,Chrome 130.0.0.0,1687x941,1680x935,,,0,Memory Practice Clone,7,Inaccurate~Accurate,2,,Inaccurate~Inaccurate~Accurate,Spreadsheet1,Spreadsheet1,1,instructions,Screen 3,j5lb3b,2,timedOut,,3000.69999999404,2999.5,3000.69999999404,3000.69999999404,2999.5,3000.69999999404,1,3000.69999999404,0,0,,Time Limit,screen,0,screen,instructions,,,,,,,0,0
4,1730476674725,01/11/2024 15:57:54,1730462274725,-4,01/11/2024 07:57:54,187004,4,task-xcgh,repeat-3dmk#2->-repeat-tj2w#1,41051915,BLIND,11982667,,complete,,,computer,Desktop or Laptop,Mac OS 10.15.7,Chrome 130.0.0.0,1687x941,1680x935,,,0,Memory Practice Clone,7,Inaccurate~Accurate,2,,Inaccurate~Inaccurate~Accurate,Spreadsheet1,Spreadsheet1,1,image,Trials,mxeghn,1,response,6,8121.19999999404,8117.000000000002,8121.19999999404,8121.19999999404,8117.000000000002,8121.19999999404,0,8121.19999999404,0,0,,Keyboard Response,Keyboard Response,2,object-4,image,1,instr_photo_3.jpg,Screen 3,5,3,,0,1
5,1730476684576,01/11/2024 15:58:04,1730462284576,-4,01/11/2024 07:58:04,187004,4,task-xcgh,repeat-3dmk#2->-repeat-tj2w#1,41051915,BLIND,11982667,,complete,,,computer,Desktop or Laptop,Mac OS 10.15.7,Chrome 130.0.0.0,1687x941,1680x935,,,0,Memory Practice Clone,7,Inaccurate~Accurate,2,,Inaccurate~Inaccurate~Accurate,Spreadsheet1,Spreadsheet1,1,image,Screen 3,ornkij,2,response,1,8855.699999997021,8849.7,8855.699999997021,8855.699999997021,8849.7,8855.699999997021,0,8855.699999997021,0,0,,Keyboard Response,Keyboard Response,2,object-25,image,1,instr_photo_3.jpg,Screen 3,5,3,,0,2
6,1730476696971,01/11/2024 15:58:16,1730462296971,-4,01/11/2024 07:58:16,187004,4,task-xcgh,repeat-3dmk#2->-repeat-tj2w#1,41051915,BLIND,11982667,,complete,,,computer,Desktop or Laptop,Mac OS 10.15.7,Chrome 130.0.0.0,1687x941,1680x935,,,0,Memory Practice Clone,7,Inaccurate~Accurate,2,,Inaccurate~Inaccurate~Accurate,Spreadsheet1,Spreadsheet1,1,image,Screen 2,ou4ign,3,response,2,11400.3,11399.499999999996,11400.3,11400.3,11399.499999999996,11400.3,0,11400.3,0,0,,Keyboard Response,Keyboard Response,3,object-22,image,1,instr_photo_3.jpg,Screen 3,5,3,,0,3
7,1730476697972,01/11/2024 15:58:17,1730462297972,-4,01/11/2024 07:58:17,187004,4,task-xcgh,repeat-3dmk#2->-repeat-tj2w#1,41051915,BLIND,11982667,,complete,,,computer,Desktop or Laptop,Mac OS 10.15.7,Chrome 130.0.0.0,1687x941,1680x935,,,0,Memory Practice Clone,7,Inaccurate~Accurate,2,,Inaccurate~Inaccurate~Accurate,Spreadsheet1,Spreadsheet1,,,,,,info,END,,,42207,,,,0,,,,,,,,,,,,,,,,,
1,1730476759200,01/11/2024 15:59:19,1730462359200,-4,01/11/2024 07:59:19,187004,4,task-xcgh,repeat-3dmk#2->-repeat-tj2w#2,41051959,BLIND,11982667,,complete,,,computer,Desktop or Laptop,Mac OS 10.15.7,Chrome 130.0.0.0,1687x941,1680x935,,,0,Memory Practice Clone,7,Inaccurate~Accurate,2,,Inaccurate~Inaccurate~Accurate,Spreadsheet1,Spreadsheet1,,,,,,info,BEGIN,,,,,,,0,,,,,,,,,,,,,,,,,
2,1730476762026,01/11/2024 15:59:22,1730462362026,-4,01/11/2024 07:59:22,187004,4,task-xcgh,repeat-3dmk#2->-repeat-tj2w#2,41051959,BLIND,11982667,,complete,,,computer,Desktop or Laptop,Mac OS 10.15.7,Chrome 130.0.0.0,1687x941,1680x935,,,0,Memory Practice Clone,7,Inaccurate~Accurate,2,,Inaccurate~Inaccurate~Accurate,Spreadsheet1,Spreadsheet1,1,instructions,Screen 2,1kaj8e,1,continue,,2837.6000000059603,2832.5,2837.6000000059603,2837.6000000059603,2832.5,2837.6000000059603,1,2837.6000000059603,0,0,,Click To Continue,Continue Button,2,object-7,instructions,,,,,,,0,0
3,1730476765022,01/11/2024 15:59:25,1730462365022,-4,01/11/2024 07:59:25,187004,4,task-xcgh,repeat-3dmk#2->-repeat-tj2w#2,41051959,BLIND,11982667,,complete,,,computer,Desktop or Laptop,Mac OS 10.15.7,Chrome 130.0.0.0,1687x941,1680x935,,,0,Memory Practice Clone,7,Inaccurate~Accurate,2,,Inaccurate~Inaccurate~Accurate,Spreadsheet1,Spreadsheet1,1,instructions,Screen 3,j5lb3b,2,timedOut,,3001.4999999970196,3000.8,3001.4999999970196,3001.4999999970196,3000.8,3001.4999999970196,1,3001.4999999970196,0,0,,Time Limit,screen,0,screen,instructions,,,,,,,0,0
4,1730476771983,01/11/2024 15:59:31,1730462371983,-4,01/11/2024 07:59:31,187004,4,task-xcgh,repeat-3dmk#2->-repeat-tj2w#2,41051959,BLIND,11982667,,complete,,,computer,Desktop or Laptop,Mac OS 10.15.7,Chrome 130.0.0.0,1687x941,1680x935,,,0,Memory Practice Clone,7,Inaccurate~Accurate,2,,Inaccurate~Inaccurate~Accurate,Spreadsheet1,Spreadsheet1,1,image,Trials,mxeghn,1,response,1,6960.999999994039,6949.9,6960.999999994039,6960.999999994039,6949.9,6960.999999994039,1,6960.999999994039,0,0,,Keyboard Response,Keyboard Response,2,object-4,image,1,instr_photo_3.jpg,Screen 3,5,3,,1,1
5,1730476785204,01/11/2024 15:59:45,1730462385204,-4,01/11/2024 07:59:45,187004,4,task-xcgh,repeat-3dmk#2->-repeat-tj2w#2,41051959,BLIND,11982667,,complete,,,computer,Desktop or Laptop,Mac OS 10.15.7,Chrome 130.0.0.0,1687x941,1680x935,,,0,Memory Practice Clone,7,Inaccurate~Accurate,2,,Inaccurate~Inaccurate~Accurate,Spreadsheet1,Spreadsheet1,1,image,Screen 3,ornkij,2,response,3,12231.70000000298,12216.5,12231.70000000298,12231.70000000298,12216.5,12231.70000000298,1,12231.70000000298,0,0,,Keyboard Response,Keyboard Response,2,object-25,image,1,instr_photo_3.jpg,Screen 3,5,3,,2,2
6,1730476793960,01/11/2024 15:59:53,1730462393960,-4,01/11/2024 07:59:53,187004,4,task-xcgh,repeat-3dmk#2->-repeat-tj2w#2,41051959,BLIND,11982667,,complete,,,computer,Desktop or Laptop,Mac OS 10.15.7,Chrome 130.0.0.0,1687x941,1680x935,,,0,Memory Practice Clone,7,Inaccurate~Accurate,2,,Inaccurate~Inaccurate~Accurate,Spreadsheet1,Spreadsheet1,1,image,Screen 2,ou4ign,3,response,6,7770.70000000298,7765.5999999999985,7770.70000000298,7770.70000000298,7765.5999999999985,7770.70000000298,0,7770.70000000298,0,0,,Keyboard Response,Keyboard Response,3,object-22,image,1,instr_photo_3.jpg,Screen 3,5,3,,2,3
7,1730476794956,01/11/2024 15:59:54,1730462394956,-4,01/11/2024 07:59:54,187004,4,task-xcgh,repeat-3dmk#2->-repeat-tj2w#2,41051959,BLIND,11982667,,complete,,,computer,Desktop or Laptop,Mac OS 10.15.7,Chrome 130.0.0.0,1687x941,1680x935,,,0,Memory Practice Clone,7,Inaccurate~Accurate,2,,Inaccurate~Inaccurate~Accurate,Spreadsheet1,Spreadsheet1,,,,,,info,END,,,35727,,,,0,,,,,,,,,,,,,,,,,
1,1730476818361,01/11/2024 16:00:18,1730462418361,-4,01/11/2024 08:00:18,187004,4,task-xcgh,repeat-3dmk#2->-repeat-tj2w#3,41051985,BLIND,11982667,,complete,,,computer,Desktop or Laptop,Mac OS 10.15.7,Chrome 130.0.0.0,1687x941,1680x935,,,0,Memory Practice Clone,7,Inaccurate~Accurate,2,,Inaccurate~Inaccurate~Accurate,Spreadsheet1,Spreadsheet1,,,,,,info,BEGIN,,,,,,,0,,,,,,,,,,,,,,,,,
2,1730476819808,01/11/2024 16:00:19,1730462419808,-4,01/11/2024 08:00:19,187004,4,task-xcgh,repeat-3dmk#2->-repeat-tj2w#3,41051985,BLIND,11982667,,complete,,,computer,Desktop or Laptop,Mac OS 10.15.7,Chrome 130.0.0.0,1687x941,1680x935,,,0,Memory Practice Clone,7,Inaccurate~Accurate,2,,Inaccurate~Inaccurate~Accurate,Spreadsheet1,Spreadsheet1,1,instructions,Screen 2,1kaj8e,1,continue,,1452,1449.1999999999998,1452,1452,1449.1999999999998,1452,1,1452,0,0,,Click To Continue,Continue Button,2,object-7,instructions,,,,,,,0,0
3,1730476822806,01/11/2024 16:00:22,1730462422806,-4,01/11/2024 08:00:22,187004,4,task-xcgh,repeat-3dmk#2->-repeat-tj2w#3,41051985,BLIND,11982667,,complete,,,computer,Desktop or Laptop,Mac OS 10.15.7,Chrome 130.0.0.0,1687x941,1680x935,,,0,Memory Practice Clone,7,Inaccurate~Accurate,2,,Inaccurate~Inaccurate~Accurate,Spreadsheet1,Spreadsheet1,1,instructions,Screen 3,j5lb3b,2,timedOut,,3001.5000000029804,3000.8,3001.5000000029804,3001.5000000029804,3000.8,3001.5000000029804,1,3001.5000000029804,0,0,,Time Limit,screen,0,screen,instructions,,,,,,,0,0
4,1730476828991,01/11/2024 16:00:28,1730462428991,-4,01/11/2024 08:00:28,187004,4,task-xcgh,repeat-3dmk#2->-repeat-tj2w#3,41051985,BLIND,11982667,,complete,,,computer,Desktop or Laptop,Mac OS 10.15.7,Chrome 130.0.0.0,1687x941,1680x935,,,0,Memory Practice Clone,7,Inaccurate~Accurate,2,,Inaccurate~Inaccurate~Accurate,Spreadsheet1,Spreadsheet1,1,image,Trials,mxeghn,1,response,1,6183.299999999999,6166.5,6183.299999999999,6183.299999999999,6166.5,6183.299999999999,1,6183.299999999999,0,0,,Keyboard Response,Keyboard Response,2,object-4,image,1,instr_photo_3.jpg,Screen 3,5,3,,1,1
5,1730476837870,01/11/2024 16:00:37,1730462437870,-4,01/11/2024 08:00:37,187004,4,task-xcgh,repeat-3dmk#2->-repeat-tj2w#3,41051985,BLIND,11982667,,complete,,,computer,Desktop or Laptop,Mac OS 10.15.7,Chrome 130.0.0.0,1687x941,1680x935,,,0,Memory Practice Clone,7,Inaccurate~Accurate,2,,Inaccurate~Inaccurate~Accurate,Spreadsheet1,Spreadsheet1,1,image,Screen 3,ornkij,2,response,3,7897.100000008941,7883.299999999999,7897.100000008941,7897.100000008941,7883.299999999999,7897.100000008941,1,7897.100000008941,0,0,,Keyboard Response,Keyboard Response,2,object-25,image,1,instr_photo_3.jpg,Screen 3,5,3,,2,2
6,1730476851616,01/11/2024 16:00:51,1730462451616,-4,01/11/2024 08:00:51,187004,4,task-xcgh,repeat-3dmk#2->-repeat-tj2w#3,41051985,BLIND,11982667,,complete,,,computer,Desktop or Laptop,Mac OS 10.15.7,Chrome 130.0.0.0,1687x941,1680x935,,,0,Memory Practice Clone,7,Inaccurate~Accurate,2,,Inaccurate~Inaccurate~Accurate,Spreadsheet1,Spreadsheet1,1,image,Screen 2,ou4ign,3,response,5,12759.90000000894,12749.899999999998,12759.90000000894,12759.90000000894,12749.899999999998,12759.90000000894,1,12759.90000000894,0,0,,Keyboard Response,Keyboard Response,3,object-22,image,1,instr_photo_3.jpg,Screen 3,5,3,,3,3
7,1730476852607,01/11/2024 16:00:52,1730462452607,-4,01/11/2024 08:00:52,187004,4,task-xcgh,repeat-3dmk#2->-repeat-tj2w#3,41051985,BLIND,11982667,,complete,,,computer,Desktop or Laptop,Mac OS 10.15.7,Chrome 130.0.0.0,1687x941,1680x935,,,0,Memory Practice Clone,7,Inaccurate~Accurate,2,,Inaccurate~Inaccurate~Accurate,Spreadsheet1,Spreadsheet1,,,,,,info,END,,,34216,,,,0,,,,,,,,,,,,,,,,,
1,1730479432736,01/11/2024 16:43:52,1730465032736,-4,01/11/2024 08:43:52,187004,4,task-xcgh,repeat-3dmk#2->-repeat-tj2w#1,41053028,BLIND,11982681,,complete,,,computer,Desktop or Laptop,Windows 10,Chrome 130.0.0.0,1536x864,1536x730,,,0,Memory Practice Clone,7,Inaccurate~Accurate,2,,Inaccurate~Accurate,Spreadsheet1,Spreadsheet1,,,,,,info,BEGIN,,,,,,,0,,,,,,,,,,,,,,,,,
2,1730479440840,01/11/2024 16:44:00,1730465040840,-4,01/11/2024 08:44:00,187004,4,task-xcgh,repeat-3dmk#2->-repeat-tj2w#1,41053028,BLIND,11982681,,complete,,,computer,Desktop or Laptop,Windows 10,Chrome 130.0.0.0,1536x864,1536x730,,,0,Memory Practice Clone,7,Inaccurate~Accurate,2,,Inaccurate~Accurate,Spreadsheet1,Spreadsheet1,1,instructions,Screen 2,1kaj8e,1,continue,,8108.000000095368,8100.1,8108.000000095368,8108.000000095368,8100.1,8108.000000095368,1,8108.000000095368,0,0,,Click To Continue,Continue Button,2,object-7,instructions,,,,,,,0,0
3,1730479443835,01/11/2024 16:44:03,1730465043835,-4,01/11/2024 08:44:03,187004,4,task-xcgh,repeat-3dmk#2->-repeat-tj2w#1,41053028,BLIND,11982681,,complete,,,computer,Desktop or Laptop,Windows 10,Chrome 130.0.0.0,1536x864,1536x730,,,0,Memory Practice Clone,7,Inaccurate~Accurate,2,,Inaccurate~Accurate,Spreadsheet1,Spreadsheet1,1,instructions,Screen 3,j5lb3b,2,timedOut,,3004.699999809265,2999.7999999999993,3004.699999809265,3004.699999809265,2999.7999999999993,3004.699999809265,1,3004.699999809265,0,0,,Time Limit,screen,0,screen,instructions,,,,,,,0,0
4,1730479453354,01/11/2024 16:44:13,1730465053354,-4,01/11/2024 08:44:13,187004,4,task-xcgh,repeat-3dmk#2->-repeat-tj2w#1,41053028,BLIND,11982681,,complete,,,computer,Desktop or Laptop,Windows 10,Chrome 130.0.0.0,1536x864,1536x730,,,0,Memory Practice Clone,7,Inaccurate~Accurate,2,,Inaccurate~Accurate,Spreadsheet1,Spreadsheet1,1,image,Trials,mxeghn,1,response,1,9522.999999713898,9516.400000000001,9522.999999713898,9522.999999713898,9516.400000000001,9522.999999713898,1,9522.999999713898,0,0,,Keyboard Response,Keyboard Response,2,object-4,image,1,instr_photo_3.jpg,Screen 3,5,3,,1,1
5,1730479458443,01/11/2024 16:44:18,1730465058443,-4,01/11/2024 08:44:18,187004,4,task-xcgh,repeat-3dmk#2->-repeat-tj2w#1,41053028,BLIND,11982681,,complete,,,computer,Desktop or Laptop,Windows 10,Chrome 130.0.0.0,1536x864,1536x730,,,0,Memory Practice Clone,7,Inaccurate~Accurate,2,,Inaccurate~Accurate,Spreadsheet1,Spreadsheet1,1,image,Screen 3,ornkij,2,response,1,4096.099999809267,4083.2000000000007,4096.099999809267,4096.099999809267,4083.2000000000007,4096.099999809267,0,4096.099999809267,0,0,,Keyboard Response,Keyboard Response,2,object-25,image,1,instr_photo_3.jpg,Screen 3,5,3,,1,2
6,1730479472891,01/11/2024 16:44:32,1730465072891,-4,01/11/2024 08:44:32,187004,4,task-xcgh,repeat-3dmk#2->-repeat-tj2w#1,41053028,BLIND,11982681,,complete,,,computer,Desktop or Laptop,Windows 10,Chrome 130.0.0.0,1536x864,1536x730,,,0,Memory Practice Clone,7,Inaccurate~Accurate,2,,Inaccurate~Accurate,Spreadsheet1,Spreadsheet1,1,image,Screen 2,ou4ign,3,response,5,13460.099999999999,13449.900000000001,13460.099999999999,13460.099999999999,13449.900000000001,13460.099999999999,1,13460.099999999999,0,0,,Keyboard Response,Keyboard Response,3,object-22,image,1,instr_photo_3.jpg,Screen 3,5,3,,2,3
7,1730479473881,01/11/2024 16:44:33,1730465073881,-4,01/11/2024 08:44:33,187004,4,task-xcgh,repeat-3dmk#2->-repeat-tj2w#1,41053028,BLIND,11982681,,complete,,,computer,Desktop or Laptop,Windows 10,Chrome 130.0.0.0,1536x864,1536x730,,,0,Memory Practice Clone,7,Inaccurate~Accurate,2,,Inaccurate~Accurate,Spreadsheet1,Spreadsheet1,,,,,,info,END,,,41119,,,,0,,,,,,,,,,,,,,,,,
1,1730479494010,01/11/2024 16:44:54,1730465094010,-4,01/11/2024 08:44:54,187004,4,task-xcgh,repeat-3dmk#2->-repeat-tj2w#2,41053050,BLIND,11982681,,complete,,,computer,Desktop or Laptop,Windows 10,Chrome 130.0.0.0,1536x864,1536x730,,,0,Memory Practice Clone,7,Inaccurate~Accurate,2,,Inaccurate~Accurate,Spreadsheet1,Spreadsheet1,,,,,,info,BEGIN,,,,,,,0,,,,,,,,,,,,,,,,,
2,1730479495969,01/11/2024 16:44:55,1730465095969,-4,01/11/2024 08:44:55,187004,4,task-xcgh,repeat-3dmk#2->-repeat-tj2w#2,41053050,BLIND,11982681,,complete,,,computer,Desktop or Laptop,Windows 10,Chrome 130.0.0.0,1536x864,1536x730,,,0,Memory Practice Clone,7,Inaccurate~Accurate,2,,Inaccurate~Accurate,Spreadsheet1,Spreadsheet1,1,instructions,Screen 2,1kaj8e,1,continue,,1972.0999999046326,1966.5,1972.0999999046326,1972.0999999046326,1966.5,1972.0999999046326,1,1972.0999999046326,0,0,,Click To Continue,Continue Button,2,object-7,instructions,,,,,,,0,0
3,1730479498963,01/11/2024 16:44:58,1730465098963,-4,01/11/2024 08:44:58,187004,4,task-xcgh,repeat-3dmk#2->-repeat-tj2w#2,41053050,BLIND,11982681,,complete,,,computer,Desktop or Laptop,Windows 10,Chrome 130.0.0.0,1536x864,1536x730,,,0,Memory Practice Clone,7,Inaccurate~Accurate,2,,Inaccurate~Accurate,Spreadsheet1,Spreadsheet1,1,instructions,Screen 3,j5lb3b,2,timedOut,,3000.4000000953674,2999.8999999999996,3000.4000000953674,3000.4000000953674,2999.8999999999996,3000.4000000953674,1,3000.4000000953674,0,0,,Time Limit,screen,0,screen,instructions,,,,,,,0,0
4,1730479504697,01/11/2024 16:45:04,1730465104697,-4,01/11/2024 08:45:04,187004,4,task-xcgh,repeat-3dmk#2->-repeat-tj2w#2,41053050,BLIND,11982681,,complete,,,computer,Desktop or Laptop,Windows 10,Chrome 130.0.0.0,1536x864,1536x730,,,0,Memory Practice Clone,7,Inaccurate~Accurate,2,,Inaccurate~Accurate,Spreadsheet1,Spreadsheet1,1,image,Trials,mxeghn,1,response,1,5733.4000000000015,5716.700000000001,5733.4000000000015,5733.4000000000015,5716.700000000001,5733.4000000000015,1,5733.4000000000015,0,0,,Keyboard Response,Keyboard Response,2,object-4,image,1,instr_photo_3.jpg,Screen 3,5,3,,1,1
5,1730479515142,01/11/2024 16:45:15,1730465115142,-4,01/11/2024 08:45:15,187004,4,task-xcgh,repeat-3dmk#2->-repeat-tj2w#2,41053050,BLIND,11982681,,complete,,,computer,Desktop or Laptop,Windows 10,Chrome 130.0.0.0,1536x864,1536x730,,,0,Memory Practice Clone,7,Inaccurate~Accurate,2,,Inaccurate~Accurate,Spreadsheet1,Spreadsheet1,1,image,Screen 3,ornkij,2,response,3,9462,9449.900000000001,9462,9462,9449.900000000001,9462,1,9462,0,0,,Keyboard Response,Keyboard Response,2,object-25,image,1,instr_photo_3.jpg,Screen 3,5,3,,2,2
6,1730479537676,01/11/2024 16:45:37,1730465137676,-4,01/11/2024 08:45:37,187004,4,task-xcgh,repeat-3dmk#2->-repeat-tj2w#2,41053050,BLIND,11982681,,complete,,,computer,Desktop or Laptop,Windows 10,Chrome 130.0.0.0,1536x864,1536x730,,,0,Memory Practice Clone,7,Inaccurate~Accurate,2,,Inaccurate~Accurate,Spreadsheet1,Spreadsheet1,1,image,Screen 2,ou4ign,3,response,5,21546.600000095368,21532.899999999998,21546.600000095368,21546.600000095368,21532.899999999998,21546.600000095368,1,21546.600000095368,0,0,,Keyboard Response,Keyboard Response,3,object-22,image,1,instr_photo_3.jpg,Screen 3,5,3,,3,3
7,1730479538663,01/11/2024 16:45:38,1730465138663,-4,01/11/2024 08:45:38,187004,4,task-xcgh,repeat-3dmk#2->-repeat-tj2w#2,41053050,BLIND,11982681,,complete,,,computer,Desktop or Laptop,Windows 10,Chrome 130.0.0.0,1536x864,1536x730,,,0,Memory Practice Clone,7,Inaccurate~Accurate,2,,Inaccurate~Accurate,Spreadsheet1,Spreadsheet1,,,,,,info,END,,,44628,,,,0,,,,,,,,,,,,,,,,,
1,1730480323950,01/11/2024 16:58:43,1730455123950,-7,01/11/2024 02:58:43,187004,4,task-xcgh,repeat-3dmk#2->-repeat-tj2w#1,41053239,BLIND,11982683,,complete,,,computer,Desktop or Laptop,Windows 10,Chrome 130.0.0.0,1538x811,1536x806,,,0,Memory Practice Clone,7,Inaccurate~Accurate,2,,Inaccurate~Accurate,Spreadsheet1,Spreadsheet1,,,,,,info,BEGIN,,,,,,,0,,,,,,,,,,,,,,,,,
2,1730480356482,01/11/2024 16:59:16,1730455156482,-7,01/11/2024 02:59:16,187004,4,task-xcgh,repeat-3dmk#2->-repeat-tj2w#1,41053239,BLIND,11982683,,complete,,,computer,Desktop or Laptop,Windows 10,Chrome 130.0.0.0,1538x811,1536x806,,,0,Memory Practice Clone,7,Inaccurate~Accurate,2,,Inaccurate~Accurate,Spreadsheet1,Spreadsheet1,1,instructions,Screen 2,1kaj8e,1,continue,,32549.79999999972,32543.199999999997,32549.79999999972,32549.79999999972,32543.199999999997,32549.79999999972,1,32549.79999999972,0,0,,Click To Continue,Continue Button,2,object-7,instructions,,,,,,,0,0
3,1730480359478,01/11/2024 16:59:19,1730455159478,-7,01/11/2024 02:59:19,187004,4,task-xcgh,repeat-3dmk#2->-repeat-tj2w#1,41053239,BLIND,11982683,,complete,,,computer,Desktop or Laptop,Windows 10,Chrome 130.0.0.0,1538x811,1536x806,,,0,Memory Practice Clone,7,Inaccurate~Accurate,2,,Inaccurate~Accurate,Spreadsheet1,Spreadsheet1,1,instructions,Screen 3,j5lb3b,2,timedOut,,3002.7999999999083,3002.4000000000015,3002.7999999999083,3002.7999999999083,3002.4000000000015,3002.7999999999083,1,3002.7999999999083,0,0,,Time Limit,screen,0,screen,instructions,,,,,,,0,0
4,1730480371407,01/11/2024 16:59:31,1730455171407,-7,01/11/2024 02:59:31,187004,4,task-xcgh,repeat-3dmk#2->-repeat-tj2w#1,41053239,BLIND,11982683,,complete,,,computer,Desktop or Laptop,Windows 10,Chrome 130.0.0.0,1538x811,1536x806,,,0,Memory Practice Clone,7,Inaccurate~Accurate,2,,Inaccurate~Accurate,Spreadsheet1,Spreadsheet1,1,image,Trials,mxeghn,1,response,3,11928.799999999814,11926.400000000001,11928.799999999814,11928.799999999814,11926.400000000001,11928.799999999814,0,11928.799999999814,0,0,,Keyboard Response,Keyboard Response,2,object-4,image,1,instr_photo_3.jpg,Screen 3,5,3,,0,1
5,1730480375807,01/11/2024 16:59:35,1730455175807,-7,01/11/2024 02:59:35,187004,4,task-xcgh,repeat-3dmk#2->-repeat-tj2w#1,41053239,BLIND,11982683,,complete,,,computer,Desktop or Laptop,Windows 10,Chrome 130.0.0.0,1538x811,1536x806,,,0,Memory Practice Clone,7,Inaccurate~Accurate,2,,Inaccurate~Accurate,Spreadsheet1,Spreadsheet1,1,image,Screen 3,ornkij,2,response,1,3401.800000000003,3386.100000000006,3401.800000000003,3401.800000000003,3386.100000000006,3401.800000000003,0,3401.800000000003,0,0,,Keyboard Response,Keyboard Response,2,object-25,image,1,instr_photo_3.jpg,Screen 3,5,3,,0,2
6,1730480377695,01/11/2024 16:59:37,1730455177695,-7,01/11/2024 02:59:37,187004,4,task-xcgh,repeat-3dmk#2->-repeat-tj2w#1,41053239,BLIND,11982683,,complete,,,computer,Desktop or Laptop,Windows 10,Chrome 130.0.0.0,1538x811,1536x806,,,0,Memory Practice Clone,7,Inaccurate~Accurate,2,,Inaccurate~Accurate,Spreadsheet1,Spreadsheet1,1,image,Screen 2,ou4ign,3,response,6,903.4000000000015,900.7000000000044,903.4000000000015,903.4000000000015,900.7000000000044,903.4000000000015,0,903.4000000000015,0,0,,Keyboard Response,Keyboard Response,3,object-22,image,1,instr_photo_3.jpg,Screen 3,5,3,,0,3
7,1730480378694,01/11/2024 16:59:38,1730455178694,-7,01/11/2024 02:59:38,187004,4,task-xcgh,repeat-3dmk#2->-repeat-tj2w#1,41053239,BLIND,11982683,,complete,,,computer,Desktop or Laptop,Windows 10,Chrome 130.0.0.0,1538x811,1536x806,,,0,Memory Practice Clone,7,Inaccurate~Accurate,2,,Inaccurate~Accurate,Spreadsheet1,Spreadsheet1,,,,,,info,END,,,54703,,,,0,,,,,,,,,,,,,,,,,
1,1730480455039,01/11/2024 17:00:55,1730455255039,-7,01/11/2024 03:00:55,187004,4,task-xcgh,repeat-3dmk#2->-repeat-tj2w#2,41053274,BLIND,11982683,,complete,,,computer,Desktop or Laptop,Windows 10,Chrome 130.0.0.0,1538x811,1536x806,,,0,Memory Practice Clone,7,Inaccurate~Accurate,2,,Inaccurate~Accurate,Spreadsheet1,Spreadsheet1,,,,,,info,BEGIN,,,,,,,0,,,,,,,,,,,,,,,,,
2,1730480458271,01/11/2024 17:00:58,1730455258271,-7,01/11/2024 03:00:58,187004,4,task-xcgh,repeat-3dmk#2->-repeat-tj2w#2,41053274,BLIND,11982683,,complete,,,computer,Desktop or Laptop,Windows 10,Chrome 130.0.0.0,1538x811,1536x806,,,0,Memory Practice Clone,7,Inaccurate~Accurate,2,,Inaccurate~Accurate,Spreadsheet1,Spreadsheet1,1,instructions,Screen 2,1kaj8e,1,continue,,3248.500000000093,3236.0000000000005,3248.500000000093,3248.500000000093,3236.0000000000005,3248.500000000093,1,3248.500000000093,0,0,,Click To Continue,Continue Button,2,object-7,instructions,,,,,,,0,0
3,1730480461261,01/11/2024 17:01:01,1730455261261,-7,01/11/2024 03:01:01,187004,4,task-xcgh,repeat-3dmk#2->-repeat-tj2w#2,41053274,BLIND,11982683,,complete,,,computer,Desktop or Laptop,Windows 10,Chrome 130.0.0.0,1538x811,1536x806,,,0,Memory Practice Clone,7,Inaccurate~Accurate,2,,Inaccurate~Accurate,Spreadsheet1,Spreadsheet1,1,instructions,Screen 3,j5lb3b,2,timedOut,,3002.7999999999065,3002.3999999999996,3002.7999999999065,3002.7999999999065,3002.3999999999996,3002.7999999999065,1,3002.7999999999065,0,0,,Time Limit,screen,0,screen,instructions,,,,,,,0,0
4,1730480470616,01/11/2024 17:01:10,1730455270616,-7,01/11/2024 03:01:10,187004,4,task-xcgh,repeat-3dmk#2->-repeat-tj2w#2,41053274,BLIND,11982683,,complete,,,computer,Desktop or Laptop,Windows 10,Chrome 130.0.0.0,1538x811,1536x806,,,0,Memory Practice Clone,7,Inaccurate~Accurate,2,,Inaccurate~Accurate,Spreadsheet1,Spreadsheet1,1,image,Trials,mxeghn,1,response,1,9354.899999999907,9341,9354.899999999907,9354.899999999907,9341,9354.899999999907,1,9354.899999999907,0,0,,Keyboard Response,Keyboard Response,2,object-4,image,1,instr_photo_3.jpg,Screen 3,5,3,,1,1
5,1730480479432,01/11/2024 17:01:19,1730455279432,-7,01/11/2024 03:01:19,187004,4,task-xcgh,repeat-3dmk#2->-repeat-tj2w#2,41053274,BLIND,11982683,,complete,,,computer,Desktop or Laptop,Windows 10,Chrome 130.0.0.0,1538x811,1536x806,,,0,Memory Practice Clone,7,Inaccurate~Accurate,2,,Inaccurate~Accurate,Spreadsheet1,Spreadsheet1,1,image,Screen 3,ornkij,2,response,3,7829.5000000001855,7823.0999999999985,7829.5000000001855,7829.5000000001855,7823.0999999999985,7829.5000000001855,1,7829.5000000001855,0,0,,Keyboard Response,Keyboard Response,2,object-25,image,1,instr_photo_3.jpg,Screen 3,5,3,,2,2
6,1730480491913,01/11/2024 17:01:31,1730455291913,-7,01/11/2024 03:01:31,187004,4,task-xcgh,repeat-3dmk#2->-repeat-tj2w#2,41053274,BLIND,11982683,,complete,,,computer,Desktop or Laptop,Windows 10,Chrome 130.0.0.0,1538x811,1536x806,,,0,Memory Practice Clone,7,Inaccurate~Accurate,2,,Inaccurate~Accurate,Spreadsheet1,Spreadsheet1,1,image,Screen 2,ou4ign,3,response,5,11486.900000000092,11475.999999999996,11486.900000000092,11486.900000000092,11475.999999999996,11486.900000000092,1,11486.900000000092,0,0,,Keyboard Response,Keyboard Response,3,object-22,image,1,instr_photo_3.jpg,Screen 3,5,3,,3,3
7,1730480492904,01/11/2024 17:01:32,1730455292904,-7,01/11/2024 03:01:32,187004,4,task-xcgh,repeat-3dmk#2->-repeat-tj2w#2,41053274,BLIND,11982683,,complete,,,computer,Desktop or Laptop,Windows 10,Chrome 130.0.0.0,1538x811,1536x806,,,0,Memory Practice Clone,7,Inaccurate~Accurate,2,,Inaccurate~Accurate,Spreadsheet1,Spreadsheet1,,,,,,info,END,,,37828,,,,0,,,,,,,,,,,,,,,,,
1,1730480755316,01/11/2024 17:05:55,1730459155316,-6,01/11/2024 05:05:55,187004,4,task-xcgh,repeat-3dmk#4->-repeat-tj2w#1,41053378,BLIND,11982671,,complete,,,computer,Desktop or Laptop,Windows 10,Chrome 129.0.0.0,1536x960,1536x791,,,0,Memory Practice Clone,7,Inaccurate~Inaccurate~Inaccurate~Accurate,2,,Inaccurate~Accurate,Spreadsheet1,Spreadsheet1,,,,,,info,BEGIN,,,,,,,0,,,,,,,,,,,,,,,,,
2,1730480757921,01/11/2024 17:05:57,1730459157921,-6,01/11/2024 05:05:57,187004,4,task-xcgh,repeat-3dmk#4->-repeat-tj2w#1,41053378,BLIND,11982671,,complete,,,computer,Desktop or Laptop,Windows 10,Chrome 129.0.0.0,1536x960,1536x791,,,0,Memory Practice Clone,7,Inaccurate~Inaccurate~Inaccurate~Accurate,2,,Inaccurate~Accurate,Spreadsheet1,Spreadsheet1,1,instructions,Screen 2,1kaj8e,1,continue,,2627.5999999523165,2618.3,2627.5999999523165,2627.5999999523165,2618.3,2627.5999999523165,1,2627.5999999523165,0,0,,Click To Continue,Continue Button,2,object-7,instructions,,,,,,,0,0
3,1730480760913,01/11/2024 17:06:00,1730459160913,-6,01/11/2024 05:06:00,187004,4,task-xcgh,repeat-3dmk#4->-repeat-tj2w#1,41053378,BLIND,11982671,,complete,,,computer,Desktop or Laptop,Windows 10,Chrome 129.0.0.0,1536x960,1536x791,,,0,Memory Practice Clone,7,Inaccurate~Inaccurate~Inaccurate~Accurate,2,,Inaccurate~Accurate,Spreadsheet1,Spreadsheet1,1,instructions,Screen 3,j5lb3b,2,timedOut,,3003.2999999523163,3002.2000000000007,3003.2999999523163,3003.2999999523163,3002.2000000000007,3003.2999999523163,1,3003.2999999523163,0,0,,Time Limit,screen,0,screen,instructions,,,,,,,0,0
4,1730480762926,01/11/2024 17:06:02,1730459162926,-6,01/11/2024 05:06:02,187004,4,task-xcgh,repeat-3dmk#4->-repeat-tj2w#1,41053378,BLIND,11982671,,complete,,,computer,Desktop or Laptop,Windows 10,Chrome 129.0.0.0,1536x960,1536x791,,,0,Memory Practice Clone,7,Inaccurate~Inaccurate~Inaccurate~Accurate,2,,Inaccurate~Accurate,Spreadsheet1,Spreadsheet1,1,image,Trials,mxeghn,1,response,1,2012.7999999999993,2001.2999999999993,2012.7999999999993,2012.7999999999993,2001.2999999999993,2012.7999999999993,1,2012.7999999999993,0,0,,Keyboard Response,Keyboard Response,2,object-4,image,1,instr_photo_3.jpg,Screen 3,5,3,,1,1
5,1730480769372,01/11/2024 17:06:09,1730459169372,-6,01/11/2024 05:06:09,187004,4,task-xcgh,repeat-3dmk#4->-repeat-tj2w#1,41053378,BLIND,11982671,,complete,,,computer,Desktop or Laptop,Windows 10,Chrome 129.0.0.0,1536x960,1536x791,,,0,Memory Practice Clone,7,Inaccurate~Inaccurate~Inaccurate~Accurate,2,,Inaccurate~Accurate,Spreadsheet1,Spreadsheet1,1,image,Screen 3,ornkij,2,response,3,5457.900000047684,5453.600000000002,5457.900000047684,5457.900000047684,5453.600000000002,5457.900000047684,1,5457.900000047684,0,0,,Keyboard Response,Keyboard Response,2,object-25,image,1,instr_photo_3.jpg,Screen 3,5,3,,2,2
6,1730480775739,01/11/2024 17:06:15,1730459175739,-6,01/11/2024 05:06:15,187004,4,task-xcgh,repeat-3dmk#4->-repeat-tj2w#1,41053378,BLIND,11982671,,complete,,,computer,Desktop or Laptop,Windows 10,Chrome 129.0.0.0,1536x960,1536x791,,,0,Memory Practice Clone,7,Inaccurate~Inaccurate~Inaccurate~Accurate,2,,Inaccurate~Accurate,Spreadsheet1,Spreadsheet1,1,image,Screen 2,ou4ign,3,response,4,5374.200000000001,5372.299999999999,5374.200000000001,5374.200000000001,5372.299999999999,5374.200000000001,0,5374.200000000001,0,0,,Keyboard Response,Keyboard Response,3,object-22,image,1,instr_photo_3.jpg,Screen 3,5,3,,2,3
7,1730480776737,01/11/2024 17:06:16,1730459176737,-6,01/11/2024 05:06:16,187004,4,task-xcgh,repeat-3dmk#4->-repeat-tj2w#1,41053378,BLIND,11982671,,complete,,,computer,Desktop or Laptop,Windows 10,Chrome 129.0.0.0,1536x960,1536x791,,,0,Memory Practice Clone,7,Inaccurate~Inaccurate~Inaccurate~Accurate,2,,Inaccurate~Accurate,Spreadsheet1,Spreadsheet1,,,,,,info,END,,,21372,,,,0,,,,,,,,,,,,,,,,,
1,1730480803390,01/11/2024 17:06:43,1730459203390,-6,01/11/2024 05:06:43,187004,4,task-xcgh,repeat-3dmk#4->-repeat-tj2w#2,41053398,BLIND,11982671,,complete,,,computer,Desktop or Laptop,Windows 10,Chrome 129.0.0.0,1536x960,1536x791,,,0,Memory Practice Clone,7,Inaccurate~Inaccurate~Inaccurate~Accurate,2,,Inaccurate~Accurate,Spreadsheet1,Spreadsheet1,,,,,,info,BEGIN,,,,,,,0,,,,,,,,,,,,,,,,,
2,1730480804822,01/11/2024 17:06:44,1730459204822,-6,01/11/2024 05:06:44,187004,4,task-xcgh,repeat-3dmk#4->-repeat-tj2w#2,41053398,BLIND,11982671,,complete,,,computer,Desktop or Laptop,Windows 10,Chrome 129.0.0.0,1536x960,1536x791,,,0,Memory Practice Clone,7,Inaccurate~Inaccurate~Inaccurate~Accurate,2,,Inaccurate~Accurate,Spreadsheet1,Spreadsheet1,1,instructions,Screen 2,1kaj8e,1,continue,,1450.6000000000004,1434,1450.6000000000004,1450.6000000000004,1434,1450.6000000000004,1,1450.6000000000004,0,0,,Click To Continue,Continue Button,2,object-7,instructions,,,,,,,0,0
3,1730480807808,01/11/2024 17:06:47,1730459207808,-6,01/11/2024 05:06:47,187004,4,task-xcgh,repeat-3dmk#4->-repeat-tj2w#2,41053398,BLIND,11982671,,complete,,,computer,Desktop or Laptop,Windows 10,Chrome 129.0.0.0,1536x960,1536x791,,,0,Memory Practice Clone,7,Inaccurate~Inaccurate~Inaccurate~Accurate,2,,Inaccurate~Accurate,Spreadsheet1,Spreadsheet1,1,instructions,Screen 3,j5lb3b,2,timedOut,,3003.0999999046326,3002.2,3003.0999999046326,3003.0999999046326,3002.2,3003.0999999046326,1,3003.0999999046326,0,0,,Time Limit,screen,0,screen,instructions,,,,,,,0,0
4,1730480809074,01/11/2024 17:06:49,1730459209074,-6,01/11/2024 05:06:49,187004,4,task-xcgh,repeat-3dmk#4->-repeat-tj2w#2,41053398,BLIND,11982671,,complete,,,computer,Desktop or Laptop,Windows 10,Chrome 129.0.0.0,1536x960,1536x791,,,0,Memory Practice Clone,7,Inaccurate~Inaccurate~Inaccurate~Accurate,2,,Inaccurate~Accurate,Spreadsheet1,Spreadsheet1,1,image,Trials,mxeghn,1,response,1,1266.0999999523165,1250.6999999999998,1266.0999999523165,1266.0999999523165,1250.6999999999998,1266.0999999523165,1,1266.0999999523165,0,0,,Keyboard Response,Keyboard Response,2,object-4,image,1,instr_photo_3.jpg,Screen 3,5,3,,1,1
5,1730480812701,01/11/2024 17:06:52,1730459212701,-6,01/11/2024 05:06:52,187004,4,task-xcgh,repeat-3dmk#4->-repeat-tj2w#2,41053398,BLIND,11982671,,complete,,,computer,Desktop or Laptop,Windows 10,Chrome 129.0.0.0,1536x960,1536x791,,,0,Memory Practice Clone,7,Inaccurate~Inaccurate~Inaccurate~Accurate,2,,Inaccurate~Accurate,Spreadsheet1,Spreadsheet1,1,image,Screen 3,ornkij,2,response,3,2641.5999999523156,2635.199999999999,2641.5999999523156,2641.5999999523156,2635.199999999999,2641.5999999523156,1,2641.5999999523156,0,0,,Keyboard Response,Keyboard Response,2,object-25,image,1,instr_photo_3.jpg,Screen 3,5,3,,2,2
6,1730480818757,01/11/2024 17:06:58,1730459218757,-6,01/11/2024 05:06:58,187004,4,task-xcgh,repeat-3dmk#4->-repeat-tj2w#2,41053398,BLIND,11982671,,complete,,,computer,Desktop or Laptop,Windows 10,Chrome 129.0.0.0,1536x960,1536x791,,,0,Memory Practice Clone,7,Inaccurate~Inaccurate~Inaccurate~Accurate,2,,Inaccurate~Accurate,Spreadsheet1,Spreadsheet1,1,image,Screen 2,ou4ign,3,response,5,5061.899999809266,5053.299999999999,5061.899999809266,5061.899999809266,5053.299999999999,5061.899999809266,1,5061.899999809266,0,0,,Keyboard Response,Keyboard Response,3,object-22,image,1,instr_photo_3.jpg,Screen 3,5,3,,3,3
7,1730480819751,01/11/2024 17:06:59,1730459219751,-6,01/11/2024 05:06:59,187004,4,task-xcgh,repeat-3dmk#4->-repeat-tj2w#2,41053398,BLIND,11982671,,complete,,,computer,Desktop or Laptop,Windows 10,Chrome 129.0.0.0,1536x960,1536x791,,,0,Memory Practice Clone,7,Inaccurate~Inaccurate~Inaccurate~Accurate,2,,Inaccurate~Accurate,Spreadsheet1,Spreadsheet1,,,,,,info,END,,,16325,,,,0,,,,,,,,,,,,,,,,,
1,1730480992938,01/11/2024 17:09:52,1730466592938,-4,01/11/2024 09:09:52,187004,4,task-xcgh,repeat-3dmk#3->-repeat-tj2w#1,41053476,BLIND,11982641,,complete,,,computer,Desktop or Laptop,Windows 10,Chrome 130.0.0.0,1536x864,1536x776,,,0,Memory Practice Clone,7,Inaccurate~Inaccurate~Accurate,2,,Inaccurate~Inaccurate~Accurate,Spreadsheet1,Spreadsheet1,,,,,,info,BEGIN,,,,,,,0,,,,,,,,,,,,,,,,,
2,1730481000973,01/11/2024 17:10:00,1730466600973,-4,01/11/2024 09:10:00,187004,4,task-xcgh,repeat-3dmk#3->-repeat-tj2w#1,41053476,BLIND,11982641,,complete,,,computer,Desktop or Laptop,Windows 10,Chrome 130.0.0.0,1536x864,1536x776,,,0,Memory Practice Clone,7,Inaccurate~Inaccurate~Accurate,2,,Inaccurate~Inaccurate~Accurate,Spreadsheet1,Spreadsheet1,1,instructions,Screen 2,1kaj8e,1,continue,,8048.506000002981,8033.606,8048.506000002981,8048.506000002981,8033.606,8048.506000002981,1,8048.506000002981,0,0,,Click To Continue,Continue Button,2,object-7,instructions,,,,,,,0,0
3,1730481003958,01/11/2024 17:10:03,1730466603958,-4,01/11/2024 09:10:03,187004,4,task-xcgh,repeat-3dmk#3->-repeat-tj2w#1,41053476,BLIND,11982641,,complete,,,computer,Desktop or Laptop,Windows 10,Chrome 130.0.0.0,1536x864,1536x776,,,0,Memory Practice Clone,7,Inaccurate~Inaccurate~Accurate,2,,Inaccurate~Inaccurate~Accurate,Spreadsheet1,Spreadsheet1,1,instructions,Screen 3,j5lb3b,2,timedOut,,3001.400000002981,3000.5,3001.400000002981,3001.400000002981,3000.5,3001.400000002981,1,3001.400000002981,0,0,,Time Limit,screen,0,screen,instructions,,,,,,,0,0
4,1730481009246,01/11/2024 17:10:09,1730466609246,-4,01/11/2024 09:10:09,187004,4,task-xcgh,repeat-3dmk#3->-repeat-tj2w#1,41053476,BLIND,11982641,,complete,,,computer,Desktop or Laptop,Windows 10,Chrome 130.0.0.0,1536x864,1536x776,,,0,Memory Practice Clone,7,Inaccurate~Inaccurate~Accurate,2,,Inaccurate~Inaccurate~Accurate,Spreadsheet1,Spreadsheet1,1,image,Trials,mxeghn,1,response,6,5288.400000002981,5283.600000000002,5288.400000002981,5288.400000002981,5283.600000000002,5288.400000002981,0,5288.400000002981,0,0,,Keyboard Response,Keyboard Response,2,object-4,image,1,instr_photo_3.jpg,Screen 3,5,3,,0,1
5,1730481013277,01/11/2024 17:10:13,1730466613277,-4,01/11/2024 09:10:13,187004,4,task-xcgh,repeat-3dmk#3->-repeat-tj2w#1,41053476,BLIND,11982641,,complete,,,computer,Desktop or Laptop,Windows 10,Chrome 130.0.0.0,1536x864,1536x776,,,0,Memory Practice Clone,7,Inaccurate~Inaccurate~Accurate,2,,Inaccurate~Inaccurate~Accurate,Spreadsheet1,Spreadsheet1,1,image,Screen 3,ornkij,2,response,1,3036.5999999985106,3033.7999999999993,3036.5999999985106,3036.5999999985106,3033.7999999999993,3036.5999999985106,0,3036.5999999985106,0,0,,Keyboard Response,Keyboard Response,2,object-25,image,1,instr_photo_3.jpg,Screen 3,5,3,,0,2
6,1730481032188,01/11/2024 17:10:32,1730466632188,-4,01/11/2024 09:10:32,187004,4,task-xcgh,repeat-3dmk#3->-repeat-tj2w#1,41053476,BLIND,11982641,,complete,,,computer,Desktop or Laptop,Windows 10,Chrome 130.0.0.0,1536x864,1536x776,,,0,Memory Practice Clone,7,Inaccurate~Inaccurate~Accurate,2,,Inaccurate~Inaccurate~Accurate,Spreadsheet1,Spreadsheet1,1,image,Screen 2,ou4ign,3,response,2,17913.20000000149,17901.1,17913.20000000149,17913.20000000149,17901.1,17913.20000000149,0,17913.20000000149,0,0,,Keyboard Response,Keyboard Response,3,object-22,image,1,instr_photo_3.jpg,Screen 3,5,3,,0,3
7,1730481033177,01/11/2024 17:10:33,1730466633177,-4,01/11/2024 09:10:33,187004,4,task-xcgh,repeat-3dmk#3->-repeat-tj2w#1,41053476,BLIND,11982641,,complete,,,computer,Desktop or Laptop,Windows 10,Chrome 130.0.0.0,1536x864,1536x776,,,0,Memory Practice Clone,7,Inaccurate~Inaccurate~Accurate,2,,Inaccurate~Inaccurate~Accurate,Spreadsheet1,Spreadsheet1,,,,,,info,END,,,40218,,,,0,,,,,,,,,,,,,,,,,
1,1730481120443,01/11/2024 17:12:00,1730466720443,-4,01/11/2024 09:12:00,187004,4,task-xcgh,repeat-3dmk#3->-repeat-tj2w#2,41053513,BLIND,11982641,,complete,,,computer,Desktop or Laptop,Windows 10,Chrome 130.0.0.0,1536x864,1536x776,,,0,Memory Practice Clone,7,Inaccurate~Inaccurate~Accurate,2,,Inaccurate~Inaccurate~Accurate,Spreadsheet1,Spreadsheet1,,,,,,info,BEGIN,,,,,,,0,,,,,,,,,,,,,,,,,
2,1730481123217,01/11/2024 17:12:03,1730466723217,-4,01/11/2024 09:12:03,187004,4,task-xcgh,repeat-3dmk#3->-repeat-tj2w#2,41053513,BLIND,11982641,,complete,,,computer,Desktop or Laptop,Windows 10,Chrome 130.0.0.0,1536x864,1536x776,,,0,Memory Practice Clone,7,Inaccurate~Inaccurate~Accurate,2,,Inaccurate~Inaccurate~Accurate,Spreadsheet1,Spreadsheet1,1,instructions,Screen 2,1kaj8e,1,continue,,2786.8999999940397,2783.4000000000005,2786.8999999940397,2786.8999999940397,2783.4000000000005,2786.8999999940397,1,2786.8999999940397,0,0,,Click To Continue,Continue Button,2,object-7,instructions,,,,,,,0,0
3,1730481126215,01/11/2024 17:12:06,1730466726215,-4,01/11/2024 09:12:06,187004,4,task-xcgh,repeat-3dmk#3->-repeat-tj2w#2,41053513,BLIND,11982641,,complete,,,computer,Desktop or Laptop,Windows 10,Chrome 130.0.0.0,1536x864,1536x776,,,0,Memory Practice Clone,7,Inaccurate~Inaccurate~Accurate,2,,Inaccurate~Inaccurate~Accurate,Spreadsheet1,Spreadsheet1,1,instructions,Screen 3,j5lb3b,2,timedOut,,3001.1999999970194,3000,3001.1999999970194,3001.1999999970194,3000,3001.1999999970194,1,3001.1999999970194,0,0,,Time Limit,screen,0,screen,instructions,,,,,,,0,0
4,1730481132122,01/11/2024 17:12:12,1730466732122,-4,01/11/2024 09:12:12,187004,4,task-xcgh,repeat-3dmk#3->-repeat-tj2w#2,41053513,BLIND,11982641,,complete,,,computer,Desktop or Laptop,Windows 10,Chrome 130.0.0.0,1536x864,1536x776,,,0,Memory Practice Clone,7,Inaccurate~Inaccurate~Accurate,2,,Inaccurate~Inaccurate~Accurate,Spreadsheet1,Spreadsheet1,1,image,Trials,mxeghn,1,response,1,5908.4,5900.799999999999,5908.4,5908.4,5900.799999999999,5908.4,1,5908.4,0,0,,Keyboard Response,Keyboard Response,2,object-4,image,1,instr_photo_3.jpg,Screen 3,5,3,,1,1
5,1730481139089,01/11/2024 17:12:19,1730466739089,-4,01/11/2024 09:12:19,187004,4,task-xcgh,repeat-3dmk#3->-repeat-tj2w#2,41053513,BLIND,11982641,,complete,,,computer,Desktop or Laptop,Windows 10,Chrome 130.0.0.0,1536x864,1536x776,,,0,Memory Practice Clone,7,Inaccurate~Inaccurate~Accurate,2,,Inaccurate~Inaccurate~Accurate,Spreadsheet1,Spreadsheet1,1,image,Screen 3,ornkij,2,response,4,5974.29999999553,5966.9,5974.29999999553,5974.29999999553,5966.9,5974.29999999553,0,5974.29999999553,0,0,,Keyboard Response,Keyboard Response,2,object-25,image,1,instr_photo_3.jpg,Screen 3,5,3,,1,2
6,1730481142427,01/11/2024 17:12:22,1730466742427,-4,01/11/2024 09:12:22,187004,4,task-xcgh,repeat-3dmk#3->-repeat-tj2w#2,41053513,BLIND,11982641,,complete,,,computer,Desktop or Laptop,Windows 10,Chrome 130.0.0.0,1536x864,1536x776,,,0,Memory Practice Clone,7,Inaccurate~Inaccurate~Accurate,2,,Inaccurate~Inaccurate~Accurate,Spreadsheet1,Spreadsheet1,1,image,Screen 2,ou4ign,3,response,3,2345.39999999851,2333.2000000000007,2345.39999999851,2345.39999999851,2333.2000000000007,2345.39999999851,0,2345.39999999851,0,0,,Keyboard Response,Keyboard Response,3,object-22,image,1,instr_photo_3.jpg,Screen 3,5,3,,1,3
7,1730481143416,01/11/2024 17:12:23,1730466743416,-4,01/11/2024 09:12:23,187004,4,task-xcgh,repeat-3dmk#3->-repeat-tj2w#2,41053513,BLIND,11982641,,complete,,,computer,Desktop or Laptop,Windows 10,Chrome 130.0.0.0,1536x864,1536x776,,,0,Memory Practice Clone,7,Inaccurate~Inaccurate~Accurate,2,,Inaccurate~Inaccurate~Accurate,Spreadsheet1,Spreadsheet1,,,,,,info,END,,,22953,,,,0,,,,,,,,,,,,,,,,,
1,1730481163256,01/11/2024 17:12:43,1730466763256,-4,01/11/2024 09:12:43,187004,4,task-xcgh,repeat-3dmk#3->-repeat-tj2w#3,41053525,BLIND,11982641,,complete,,,computer,Desktop or Laptop,Windows 10,Chrome 130.0.0.0,1536x864,1536x776,,,0,Memory Practice Clone,7,Inaccurate~Inaccurate~Accurate,2,,Inaccurate~Inaccurate~Accurate,Spreadsheet1,Spreadsheet1,,,,,,info,BEGIN,,,,,,,0,,,,,,,,,,,,,,,,,
2,1730481166671,01/11/2024 17:12:46,1730466766671,-4,01/11/2024 09:12:46,187004,4,task-xcgh,repeat-3dmk#3->-repeat-tj2w#3,41053525,BLIND,11982641,,complete,,,computer,Desktop or Laptop,Windows 10,Chrome 130.0.0.0,1536x864,1536x776,,,0,Memory Practice Clone,7,Inaccurate~Inaccurate~Accurate,2,,Inaccurate~Inaccurate~Accurate,Spreadsheet1,Spreadsheet1,1,instructions,Screen 2,1kaj8e,1,continue,,3420.8,3416.5,3420.8,3420.8,3416.5,3420.8,1,3420.8,0,0,,Click To Continue,Continue Button,2,object-7,instructions,,,,,,,0,0
3,1730481169668,01/11/2024 17:12:49,1730466769668,-4,01/11/2024 09:12:49,187004,4,task-xcgh,repeat-3dmk#3->-repeat-tj2w#3,41053525,BLIND,11982641,,complete,,,computer,Desktop or Laptop,Windows 10,Chrome 130.0.0.0,1536x864,1536x776,,,0,Memory Practice Clone,7,Inaccurate~Inaccurate~Accurate,2,,Inaccurate~Inaccurate~Accurate,Spreadsheet1,Spreadsheet1,1,instructions,Screen 3,j5lb3b,2,timedOut,,3001.69999999851,3000.5,3001.69999999851,3001.69999999851,3000.5,3001.69999999851,1,3001.69999999851,0,0,,Time Limit,screen,0,screen,instructions,,,,,,,0,0
4,1730481172455,01/11/2024 17:12:52,1730466772455,-4,01/11/2024 09:12:52,187004,4,task-xcgh,repeat-3dmk#3->-repeat-tj2w#3,41053525,BLIND,11982641,,complete,,,computer,Desktop or Laptop,Windows 10,Chrome 130.0.0.0,1536x864,1536x776,,,0,Memory Practice Clone,7,Inaccurate~Inaccurate~Accurate,2,,Inaccurate~Inaccurate~Accurate,Spreadsheet1,Spreadsheet1,1,image,Trials,mxeghn,1,response,1,2788.3,2783.500000000001,2788.3,2788.3,2783.500000000001,2788.3,1,2788.3,0,0,,Keyboard Response,Keyboard Response,2,object-4,image,1,instr_photo_3.jpg,Screen 3,5,3,,1,1
5,1730481184198,01/11/2024 17:13:04,1730466784198,-4,01/11/2024 09:13:04,187004,4,task-xcgh,repeat-3dmk#3->-repeat-tj2w#3,41053525,BLIND,11982641,,complete,,,computer,Desktop or Laptop,Windows 10,Chrome 130.0.0.0,1536x864,1536x776,,,0,Memory Practice Clone,7,Inaccurate~Inaccurate~Accurate,2,,Inaccurate~Inaccurate~Accurate,Spreadsheet1,Spreadsheet1,1,image,Screen 3,ornkij,2,response,3,10747.89999999851,10734.2,10747.89999999851,10747.89999999851,10734.2,10747.89999999851,1,10747.89999999851,0,0,,Keyboard Response,Keyboard Response,2,object-25,image,1,instr_photo_3.jpg,Screen 3,5,3,,2,2
6,1730481210317,01/11/2024 17:13:30,1730466810317,-4,01/11/2024 09:13:30,187004,4,task-xcgh,repeat-3dmk#3->-repeat-tj2w#3,41053525,BLIND,11982641,,complete,,,computer,Desktop or Laptop,Windows 10,Chrome 130.0.0.0,1536x864,1536x776,,,0,Memory Practice Clone,7,Inaccurate~Inaccurate~Accurate,2,,Inaccurate~Inaccurate~Accurate,Spreadsheet1,Spreadsheet1,1,image,Screen 2,ou4ign,3,response,5,25132.60000000298,25117.9,25132.60000000298,25132.60000000298,25117.9,25132.60000000298,1,25132.60000000298,0,0,,Keyboard Response,Keyboard Response,3,object-22,image,1,instr_photo_3.jpg,Screen 3,5,3,,3,3
7,1730481211303,01/11/2024 17:13:31,1730466811303,-4,01/11/2024 09:13:31,187004,4,task-xcgh,repeat-3dmk#3->-repeat-tj2w#3,41053525,BLIND,11982641,,complete,,,computer,Desktop or Laptop,Windows 10,Chrome 130.0.0.0,1536x864,1536x776,,,0,Memory Practice Clone,7,Inaccurate~Inaccurate~Accurate,2,,Inaccurate~Inaccurate~Accurate,Spreadsheet1,Spreadsheet1,,,,,,info,END,,,48031,,,,0,,,,,,,,,,,,,,,,,
END OF FILE
