Event Index,UTC Timestamp,UTC Date and Time,Local Timestamp,Local Timezone,Local Date and Time,Experiment ID,Experiment Version,Tree Node Key,Repeat Key,Schedule ID,Participant Public ID,Participant Private ID,Participant Starting Group,Participant Status,Participant Completion Code,Participant External Session ID,Participant Device Type,Participant Device,Participant OS,Participant Browser,Participant Monitor Size,Participant Viewport Size,Checkpoint,Room ID,Room Order,Task Name,Task Version,branch-ck1c,randomiser-8rl3,branch-tpdd,branch-qy9p,Spreadsheet,,Current Spreadsheet,Trial Number,Display,Screen,Screen ID,Screen Counter,Response Type,Response,Onset Time,Clock Time,Reaction Time,Absolute Onset Time,Absolute Clock Time,Absolute Reaction Time,Correct,Response Onset,Response Duration,Proportion,Tag,Component Name,Object Name,Object Number,Object ID,Spreadsheet: display,Manipulation: Spreadsheet,Manipulation: undefined
1,1725908733901,09/09/2024 19:05:33,1725894333901,-4,09/09/2024 11:05:33,187004,3,task-efz1,,39967004,BLIND,11682053,,complete,,,computer,Desktop or Laptop,Windows 10,Edge 128.0.0.0,1920x1080,1912x922,,,0,Study Welcome,13,Accurate,2,,Inaccurate~Inaccurate~Inaccurate~Accurate,Spreadsheet1,,Spreadsheet1,,,,,,info,BEGIN,,,,,,,0,,,,,,,,,,,
2,1725908751332,09/09/2024 19:05:51,1725894351332,-4,09/09/2024 11:05:51,187004,3,task-efz1,,39967004,BLIND,11682053,,complete,,,computer,Desktop or Laptop,Windows 10,Edge 128.0.0.0,1920x1080,1912x922,,,0,Study Welcome,13,Accurate,2,,Inaccurate~Inaccurate~Inaccurate~Accurate,Spreadsheet1,,Spreadsheet1,1,IMG,Study Welcome,gc8r1z,1,continue,,17447.500000023843,17432.800000000003,17447.500000023843,17447.500000023843,17432.800000000003,17447.500000023843,1,17447.500000023843,0,0,,Click To Continue,Continue Button,2,object-4,IMG,,
3,1725908751334,09/09/2024 19:05:51,1725894351334,-4,09/09/2024 11:05:51,187004,3,task-efz1,,39967004,BLIND,11682053,,complete,,,computer,Desktop or Laptop,Windows 10,Edge 128.0.0.0,1920x1080,1912x922,,,0,Study Welcome,13,Accurate,2,,Inaccurate~Inaccurate~Inaccurate~Accurate,Spreadsheet1,,Spreadsheet1,,,,,,info,END,,,,,,,0,,,,,,,,,,,
1,1725908747136,09/09/2024 19:05:47,1725894347136,-4,09/09/2024 11:05:47,187004,3,task-efz1,,39967005,BLIND,11682054,,complete,,,computer,Desktop or Laptop,Mac OS 10.15,Firefox 129.0,1920x1080,1290x790,,,0,Study Welcome,13,Inaccurate~Accurate,2,,Accurate,Spreadsheet1,,Spreadsheet1,,,,,,info,BEGIN,,,,,,,0,,,,,,,,,,,
2,1725908788060,09/09/2024 19:06:28,1725894388060,-4,09/09/2024 11:06:28,187004,3,task-efz1,,39967005,BLIND,11682054,,complete,,,computer,Desktop or Laptop,Mac OS 10.15,Firefox 129.0,1920x1080,1290x790,,,0,Study Welcome,13,Inaccurate~Accurate,2,,Accurate,Spreadsheet1,,Spreadsheet1,1,IMG,Study Welcome,gc8r1z,1,continue,,40928,40921.48,40928,40928,40921.48,40928,1,40928,0,0,,Click To Continue,Continue Button,2,object-4,IMG,,
3,1725908788062,09/09/2024 19:06:28,1725894388062,-4,09/09/2024 11:06:28,187004,3,task-efz1,,39967005,BLIND,11682054,,complete,,,computer,Desktop or Laptop,Mac OS 10.15,Firefox 129.0,1920x1080,1290x790,,,0,Study Welcome,13,Inaccurate~Accurate,2,,Accurate,Spreadsheet1,,Spreadsheet1,,,,,,info,END,,,,,,,0,,,,,,,,,,,
1,1725908755868,09/09/2024 19:05:55,1725883555868,-7,09/09/2024 05:05:55,187004,3,task-efz1,,39967009,BLIND,11682057,,complete,,,computer,Desktop or Laptop,Windows 10,Chrome 128.0.0.0,2560x1440,2560x1305,,,0,Study Welcome,13,Inaccurate~Accurate,2,,Inaccurate~Inaccurate~Inaccurate~Inaccurate~Accurate,Spreadsheet1,,Spreadsheet1,,,,,,info,BEGIN,,,,,,,0,,,,,,,,,,,
2,1725908760627,09/09/2024 19:06:00,1725883560627,-7,09/09/2024 05:06:00,187004,3,task-efz1,,39967009,BLIND,11682057,,complete,,,computer,Desktop or Laptop,Windows 10,Chrome 128.0.0.0,2560x1440,2560x1305,,,0,Study Welcome,13,Inaccurate~Accurate,2,,Inaccurate~Inaccurate~Inaccurate~Inaccurate~Accurate,Spreadsheet1,,Spreadsheet1,1,IMG,Study Welcome,gc8r1z,1,continue,,4769.1,4764,4769.1,4769.1,4764,4769.1,1,4769.1,0,0,,Click To Continue,Continue Button,2,object-4,IMG,,
3,1725908760628,09/09/2024 19:06:00,1725883560628,-7,09/09/2024 05:06:00,187004,3,task-efz1,,39967009,BLIND,11682057,,complete,,,computer,Desktop or Laptop,Windows 10,Chrome 128.0.0.0,2560x1440,2560x1305,,,0,Study Welcome,13,Inaccurate~Accurate,2,,Inaccurate~Inaccurate~Inaccurate~Inaccurate~Accurate,Spreadsheet1,,Spreadsheet1,,,,,,info,END,,,,,,,0,,,,,,,,,,,
1,1725908760373,09/09/2024 19:06:00,1725894360373,-4,09/09/2024 11:06:00,187004,3,task-efz1,,39967013,BLIND,11682060,,complete,,,computer,Desktop or Laptop,Windows 10,Chrome 128.0.0.0,1366x768,2049x898,,,0,Study Welcome,13,Inaccurate~Inaccurate~Accurate,1,Inaccurate~Accurate,,Spreadsheet1,,Spreadsheet1,,,,,,info,BEGIN,,,,,,,0,,,,,,,,,,,
2,1725908777552,09/09/2024 19:06:17,1725894377552,-4,09/09/2024 11:06:17,187004,3,task-efz1,,39967013,BLIND,11682060,,complete,,,computer,Desktop or Laptop,Windows 10,Chrome 128.0.0.0,1366x768,1366x599,,,0,Study Welcome,13,Inaccurate~Inaccurate~Accurate,1,Inaccurate~Accurate,,Spreadsheet1,,Spreadsheet1,1,IMG,Study Welcome,gc8r1z,1,continue,,17194.500000023843,17181.2,17194.500000023843,17194.500000023843,17181.2,17194.500000023843,1,17194.500000023843,0,0,,Click To Continue,Continue Button,2,object-4,IMG,,
3,1725908777563,09/09/2024 19:06:17,1725894377563,-4,09/09/2024 11:06:17,187004,3,task-efz1,,39967013,BLIND,11682060,,complete,,,computer,Desktop or Laptop,Windows 10,Chrome 128.0.0.0,1366x768,1366x599,,,0,Study Welcome,13,Inaccurate~Inaccurate~Accurate,1,Inaccurate~Accurate,,Spreadsheet1,,Spreadsheet1,,,,,,info,END,,,,,,,0,,,,,,,,,,,
1,1725908759941,09/09/2024 19:05:59,1725890759941,-5,09/09/2024 09:05:59,187004,3,task-efz1,,39967014,BLIND,11682061,,complete,,,computer,Desktop or Laptop,Windows 10,Chrome 128.0.0.0,1536x864,1536x695,,,0,Study Welcome,13,Inaccurate~Inaccurate~Inaccurate~Inaccurate~Accurate,2,,Inaccurate~Inaccurate~Inaccurate~Inaccurate~Accurate,Spreadsheet1,,Spreadsheet1,,,,,,info,BEGIN,,,,,,,0,,,,,,,,,,,
2,1725908769877,09/09/2024 19:06:09,1725890769877,-5,09/09/2024 09:06:09,187004,3,task-efz1,,39967014,BLIND,11682061,,complete,,,computer,Desktop or Laptop,Windows 10,Chrome 128.0.0.0,1536x864,1536x695,,,0,Study Welcome,13,Inaccurate~Inaccurate~Inaccurate~Inaccurate~Accurate,2,,Inaccurate~Inaccurate~Inaccurate~Inaccurate~Accurate,Spreadsheet1,,Spreadsheet1,1,IMG,Study Welcome,gc8r1z,1,continue,,14041.700000047684,14039.6,14041.700000047684,14041.700000047684,14039.6,14041.700000047684,1,14041.700000047684,0,0,,Click To Continue,Continue Button,2,object-4,IMG,,
3,1725908769879,09/09/2024 19:06:09,1725890769879,-5,09/09/2024 09:06:09,187004,3,task-efz1,,39967014,BLIND,11682061,,complete,,,computer,Desktop or Laptop,Windows 10,Chrome 128.0.0.0,1536x864,1536x695,,,0,Study Welcome,13,Inaccurate~Inaccurate~Inaccurate~Inaccurate~Accurate,2,,Inaccurate~Inaccurate~Inaccurate~Inaccurate~Accurate,Spreadsheet1,,Spreadsheet1,,,,,,info,END,,,,,,,0,,,,,,,,,,,
1,1725908760895,09/09/2024 19:06:00,1725894360895,-4,09/09/2024 11:06:00,187004,3,task-efz1,,39967015,BLIND,11682062,,complete,,,computer,Desktop or Laptop,Mac OS 10.15.7,Chrome 128.0.0.0,2560x1664,2048x1108,,,0,Study Welcome,13,Accurate,2,,Inaccurate~Inaccurate~Inaccurate~Accurate,Spreadsheet1,,Spreadsheet1,,,,,,info,BEGIN,,,,,,,0,,,,,,,,,,,
2,1725908784860,09/09/2024 19:06:24,1725894384860,-4,09/09/2024 11:06:24,187004,3,task-efz1,,39967015,BLIND,11682062,,complete,,,computer,Desktop or Laptop,Mac OS 10.15.7,Chrome 128.0.0.0,2560x1664,2048x1108,,,0,Study Welcome,13,Accurate,2,,Inaccurate~Inaccurate~Inaccurate~Accurate,Spreadsheet1,,Spreadsheet1,1,IMG,Study Welcome,gc8r1z,1,continue,,23981.89199999963,23966.692000000003,23981.89199999963,23981.89199999963,23966.692000000003,23981.89199999963,1,23981.89199999963,0,0,,Click To Continue,Continue Button,2,object-4,IMG,,
3,1725908784863,09/09/2024 19:06:24,1725894384863,-4,09/09/2024 11:06:24,187004,3,task-efz1,,39967015,BLIND,11682062,,complete,,,computer,Desktop or Laptop,Mac OS 10.15.7,Chrome 128.0.0.0,2560x1664,2048x1108,,,0,Study Welcome,13,Accurate,2,,Inaccurate~Inaccurate~Inaccurate~Accurate,Spreadsheet1,,Spreadsheet1,,,,,,info,END,,,,,,,0,,,,,,,,,,,
1,1725908764898,09/09/2024 19:06:04,1725894364898,-4,09/09/2024 11:06:04,187004,3,task-efz1,,39967017,BLIND,11682063,,complete,,,computer,Desktop or Laptop,Linux x86_64,Chrome 128.0.0.0,360x803,980x1843,,,0,Study Welcome,13,Inaccurate~Accurate,2,,Inaccurate~Inaccurate~Inaccurate~Accurate,Spreadsheet1,,Spreadsheet1,,,,,,info,BEGIN,,,,,,,0,,,,,,,,,,,
2,1725908775503,09/09/2024 19:06:15,1725894375503,-4,09/09/2024 11:06:15,187004,3,task-efz1,,39967017,BLIND,11682063,,complete,,,computer,Desktop or Laptop,Linux x86_64,Chrome 128.0.0.0,360x803,980x1843,,,0,Study Welcome,13,Inaccurate~Accurate,2,,Inaccurate~Inaccurate~Inaccurate~Accurate,Spreadsheet1,,Spreadsheet1,1,IMG,Study Welcome,gc8r1z,1,continue,,10626.199999999999,10609.5,10626.199999999999,10626.199999999999,10609.5,10626.199999999999,1,10626.199999999999,0,0,,Click To Continue,Continue Button,2,object-4,IMG,,
3,1725908775510,09/09/2024 19:06:15,1725894375510,-4,09/09/2024 11:06:15,187004,3,task-efz1,,39967017,BLIND,11682063,,complete,,,computer,Desktop or Laptop,Linux x86_64,Chrome 128.0.0.0,360x803,980x1843,,,0,Study Welcome,13,Inaccurate~Accurate,2,,Inaccurate~Inaccurate~Inaccurate~Accurate,Spreadsheet1,,Spreadsheet1,,,,,,info,END,,,,,,,0,,,,,,,,,,,
1,1725908767494,09/09/2024 19:06:07,1725894367494,-4,09/09/2024 11:06:07,187004,3,task-efz1,,39967018,BLIND,11682065,,complete,,,computer,Desktop or Laptop,Mac OS 10.15.7,Chrome 128.0.0.0,1440x900,1440x778,,,0,Study Welcome,13,Inaccurate~Accurate,1,Inaccurate~Inaccurate~Inaccurate~Accurate,,Spreadsheet1,,Spreadsheet1,,,,,,info,BEGIN,,,,,,,0,,,,,,,,,,,
2,1725908770679,09/09/2024 19:06:10,1725894370679,-4,09/09/2024 11:06:10,187004,3,task-efz1,,39967018,BLIND,11682065,,complete,,,computer,Desktop or Laptop,Mac OS 10.15.7,Chrome 128.0.0.0,1440x900,1440x778,,,0,Study Welcome,13,Inaccurate~Accurate,1,Inaccurate~Inaccurate~Inaccurate~Accurate,,Spreadsheet1,,Spreadsheet1,1,IMG,Study Welcome,gc8r1z,1,continue,,3198.1000000000013,3182.4000000000005,3198.1000000000013,3198.1000000000013,3182.4000000000005,3198.1000000000013,1,3198.1000000000013,0,0,,Click To Continue,Continue Button,2,object-4,IMG,,
3,1725908770683,09/09/2024 19:06:10,1725894370683,-4,09/09/2024 11:06:10,187004,3,task-efz1,,39967018,BLIND,11682065,,complete,,,computer,Desktop or Laptop,Mac OS 10.15.7,Chrome 128.0.0.0,1440x900,1440x778,,,0,Study Welcome,13,Inaccurate~Accurate,1,Inaccurate~Inaccurate~Inaccurate~Accurate,,Spreadsheet1,,Spreadsheet1,,,,,,info,END,,,,,,,0,,,,,,,,,,,
1,1725908768739,09/09/2024 19:06:08,1725890768739,-5,09/09/2024 09:06:08,187004,3,task-efz1,,39967020,BLIND,11682066,,complete,,,computer,Desktop or Laptop,Windows 10,Edge 128.0.0.0,1536x864,1488x740,,,0,Study Welcome,13,Inaccurate~Accurate,1,Inaccurate~Accurate,,Spreadsheet1,,Spreadsheet1,,,,,,info,BEGIN,,,,,,,0,,,,,,,,,,,
2,1725908795245,09/09/2024 19:06:35,1725890795245,-5,09/09/2024 09:06:35,187004,3,task-efz1,,39967020,BLIND,11682066,,complete,,,computer,Desktop or Laptop,Windows 10,Edge 128.0.0.0,1536x864,1488x740,,,0,Study Welcome,13,Inaccurate~Accurate,1,Inaccurate~Accurate,,Spreadsheet1,,Spreadsheet1,1,IMG,Study Welcome,gc8r1z,1,continue,,26526.7,26510.2,26526.7,26526.7,26510.2,26526.7,1,26526.7,0,0,,Click To Continue,Continue Button,2,object-4,IMG,,
3,1725908795249,09/09/2024 19:06:35,1725890795249,-5,09/09/2024 09:06:35,187004,3,task-efz1,,39967020,BLIND,11682066,,complete,,,computer,Desktop or Laptop,Windows 10,Edge 128.0.0.0,1536x864,1488x740,,,0,Study Welcome,13,Inaccurate~Accurate,1,Inaccurate~Accurate,,Spreadsheet1,,Spreadsheet1,,,,,,info,END,,,,,,,0,,,,,,,,,,,
1,1725908769583,09/09/2024 19:06:09,1725894369583,-4,09/09/2024 11:06:09,187004,3,task-efz1,,39967021,BLIND,11682067,,complete,,,computer,Desktop or Laptop,Windows 10,Chrome 128.0.0.0,1536x864,1536x703,,,0,Study Welcome,13,Inaccurate~Accurate,2,,Accurate,Spreadsheet1,,Spreadsheet1,,,,,,info,BEGIN,,,,,,,0,,,,,,,,,,,
2,1725908773920,09/09/2024 19:06:13,1725894373920,-4,09/09/2024 11:06:13,187004,3,task-efz1,,39967021,BLIND,11682067,,complete,,,computer,Desktop or Laptop,Windows 10,Chrome 128.0.0.0,1536x864,1536x703,,,0,Study Welcome,13,Inaccurate~Accurate,2,,Accurate,Spreadsheet1,,Spreadsheet1,1,IMG,Study Welcome,gc8r1z,1,continue,,4360.699999904633,4350.200000000001,4360.699999904633,4360.699999904633,4350.200000000001,4360.699999904633,1,4360.699999904633,0,0,,Click To Continue,Continue Button,2,object-4,IMG,,
3,1725908773923,09/09/2024 19:06:13,1725894373923,-4,09/09/2024 11:06:13,187004,3,task-efz1,,39967021,BLIND,11682067,,complete,,,computer,Desktop or Laptop,Windows 10,Chrome 128.0.0.0,1536x864,1536x703,,,0,Study Welcome,13,Inaccurate~Accurate,2,,Accurate,Spreadsheet1,,Spreadsheet1,,,,,,info,END,,,,,,,0,,,,,,,,,,,
1,1725908803222,09/09/2024 19:06:43,1725894403222,-4,09/09/2024 11:06:43,187004,3,task-efz1,,39967045,BLIND,11682072,,complete,,,computer,Desktop or Laptop,Mac OS 10.15.7,Chrome 128.0.0.0,1440x900,1407x733,,,0,Study Welcome,13,Inaccurate~Accurate,1,Inaccurate~Accurate,,Spreadsheet1,,Spreadsheet1,,,,,,info,BEGIN,,,,,,,0,,,,,,,,,,,
2,1725908818256,09/09/2024 19:06:58,1725894418256,-4,09/09/2024 11:06:58,187004,3,task-efz1,,39967045,BLIND,11682072,,complete,,,computer,Desktop or Laptop,Mac OS 10.15.7,Chrome 128.0.0.0,1440x900,1407x733,,,0,Study Welcome,13,Inaccurate~Accurate,1,Inaccurate~Accurate,,Spreadsheet1,,Spreadsheet1,1,IMG,Study Welcome,gc8r1z,1,continue,,15050.5,15041,15050.5,15050.5,15041,15050.5,1,15050.5,0,0,,Click To Continue,Continue Button,2,object-4,IMG,,
3,1725908818260,09/09/2024 19:06:58,1725894418260,-4,09/09/2024 11:06:58,187004,3,task-efz1,,39967045,BLIND,11682072,,complete,,,computer,Desktop or Laptop,Mac OS 10.15.7,Chrome 128.0.0.0,1440x900,1407x733,,,0,Study Welcome,13,Inaccurate~Accurate,1,Inaccurate~Accurate,,Spreadsheet1,,Spreadsheet1,,,,,,info,END,,,,,,,0,,,,,,,,,,,
1,1725908811216,09/09/2024 19:06:51,1725894411216,-4,09/09/2024 11:06:51,187004,3,task-efz1,,39967048,BLIND,11682073,,complete,,,computer,Desktop or Laptop,Chromium OS 14541.0.0,Chrome 126.0.0.0,1366x768,1366x599,,,0,Study Welcome,13,Inaccurate~Inaccurate~Accurate,2,,Inaccurate~Inaccurate~Inaccurate~Accurate,Spreadsheet1,,Spreadsheet1,,,,,,info,BEGIN,,,,,,,0,,,,,,,,,,,
2,1725908832060,09/09/2024 19:07:12,1725894432060,-4,09/09/2024 11:07:12,187004,3,task-efz1,,39967048,BLIND,11682073,,complete,,,computer,Desktop or Laptop,Chromium OS 14541.0.0,Chrome 126.0.0.0,1366x768,1366x599,,,0,Study Welcome,13,Inaccurate~Inaccurate~Accurate,2,,Inaccurate~Inaccurate~Inaccurate~Accurate,Spreadsheet1,,Spreadsheet1,1,IMG,Study Welcome,gc8r1z,1,continue,,20895.001999999997,20878.302,20895.001999999997,20895.001999999997,20878.302,20895.001999999997,1,20895.001999999997,0,0,,Click To Continue,Continue Button,2,object-4,IMG,,
3,1725908832070,09/09/2024 19:07:12,1725894432070,-4,09/09/2024 11:07:12,187004,3,task-efz1,,39967048,BLIND,11682073,,complete,,,computer,Desktop or Laptop,Chromium OS 14541.0.0,Chrome 126.0.0.0,1366x768,1366x599,,,0,Study Welcome,13,Inaccurate~Inaccurate~Accurate,2,,Inaccurate~Inaccurate~Inaccurate~Accurate,Spreadsheet1,,Spreadsheet1,,,,,,info,END,,,,,,,0,,,,,,,,,,,
1,1725908834611,09/09/2024 19:07:14,1725894434611,-4,09/09/2024 11:07:14,187004,3,task-efz1,,39967064,BLIND,11682075,,complete,,,computer,Desktop or Laptop,Windows 10,Chrome 128.0.0.0,1920x1080,1920x953,,,0,Study Welcome,13,Inaccurate~Inaccurate~Accurate,1,Inaccurate~Inaccurate~Inaccurate~Accurate,,Spreadsheet1,,Spreadsheet1,,,,,,info,BEGIN,,,,,,,0,,,,,,,,,,,
2,1725908851210,09/09/2024 19:07:31,1725894451210,-4,09/09/2024 11:07:31,187004,3,task-efz1,,39967064,BLIND,11682075,,complete,,,computer,Desktop or Laptop,Windows 10,Chrome 128.0.0.0,1920x1080,1920x953,,,0,Study Welcome,13,Inaccurate~Inaccurate~Accurate,1,Inaccurate~Inaccurate~Inaccurate~Accurate,,Spreadsheet1,,Spreadsheet1,1,IMG,Study Welcome,gc8r1z,1,continue,,20058.800000190735,20044.1,20058.800000190735,20058.800000190735,20044.1,20058.800000190735,1,20058.800000190735,0,0,,Click To Continue,Continue Button,2,object-4,IMG,,
3,1725908851214,09/09/2024 19:07:31,1725894451214,-4,09/09/2024 11:07:31,187004,3,task-efz1,,39967064,BLIND,11682075,,complete,,,computer,Desktop or Laptop,Windows 10,Chrome 128.0.0.0,1920x1080,1920x953,,,0,Study Welcome,13,Inaccurate~Inaccurate~Accurate,1,Inaccurate~Inaccurate~Inaccurate~Accurate,,Spreadsheet1,,Spreadsheet1,,,,,,info,END,,,,,,,0,,,,,,,,,,,
1,1725908917915,09/09/2024 19:08:37,1725890917915,-5,09/09/2024 09:08:37,187004,3,task-efz1,,39967090,BLIND,11682076,,complete,,,computer,Desktop or Laptop,Windows 10,Chrome 127.0.0.0,1366x768,908x821,,,0,Study Welcome,13,Inaccurate~Inaccurate~Inaccurate~Accurate,1,Inaccurate~Inaccurate~Accurate,,Spreadsheet1,,Spreadsheet1,,,,,,info,BEGIN,,,,,,,0,,,,,,,,,,,
2,1725909001374,09/09/2024 19:10:01,1725891001374,-5,09/09/2024 09:10:01,187004,3,task-efz1,,39967090,BLIND,11682076,,complete,,,computer,Desktop or Laptop,Windows 10,Chrome 127.0.0.0,1366x768,908x821,,,0,Study Welcome,13,Inaccurate~Inaccurate~Inaccurate~Accurate,1,Inaccurate~Inaccurate~Accurate,,Spreadsheet1,,Spreadsheet1,1,IMG,Study Welcome,gc8r1z,1,continue,,83487.59999999999,83471,83487.59999999999,83487.59999999999,83471,83487.59999999999,1,83487.59999999999,0,0,,Click To Continue,Continue Button,2,object-4,IMG,,
3,1725909001381,09/09/2024 19:10:01,1725891001381,-5,09/09/2024 09:10:01,187004,3,task-efz1,,39967090,BLIND,11682076,,complete,,,computer,Desktop or Laptop,Windows 10,Chrome 127.0.0.0,1366x768,908x821,,,0,Study Welcome,13,Inaccurate~Inaccurate~Inaccurate~Accurate,1,Inaccurate~Inaccurate~Accurate,,Spreadsheet1,,Spreadsheet1,,,,,,info,END,,,,,,,0,,,,,,,,,,,
4,1725909049584,09/09/2024 19:10:49,1725891049584,-5,09/09/2024 09:10:49,187004,3,task-efz1,,39967090,BLIND,11682076,,complete,,,computer,Desktop or Laptop,Windows 10,Chrome 127.0.0.0,1366x768,908x821,,,0,Study Welcome,13,Inaccurate~Inaccurate~Inaccurate~Accurate,1,Inaccurate~Inaccurate~Accurate,,Spreadsheet1,,Spreadsheet1,,,,,,info,BEGIN,,,,,,,0,,,,,,,,,,,
5,1725909049587,09/09/2024 19:10:49,1725891049587,-5,09/09/2024 09:10:49,187004,3,task-efz1,,39967090,BLIND,11682076,,complete,,,computer,Desktop or Laptop,Windows 10,Chrome 127.0.0.0,1366x768,908x821,,,0,Study Welcome,13,Inaccurate~Inaccurate~Inaccurate~Accurate,1,Inaccurate~Inaccurate~Accurate,,Spreadsheet1,,Spreadsheet1,,,,,,info,END,,,,,,,0,,,,,,,,,,,
1,1725908976140,09/09/2024 19:09:36,1725894576140,-4,09/09/2024 11:09:36,187004,3,task-efz1,,39967132,BLIND,11682081,,complete,,,computer,Desktop or Laptop,Mac OS 10.15.7,Chrome 128,768x1024,1024x653,,,0,Study Welcome,13,Inaccurate~Inaccurate~Accurate,2,,Accurate,Spreadsheet1,,Spreadsheet1,,,,,,info,BEGIN,,,,,,,0,,,,,,,,,,,
2,1725908979860,09/09/2024 19:09:39,1725894579860,-4,09/09/2024 11:09:39,187004,3,task-efz1,,39967132,BLIND,11682081,,complete,,,computer,Desktop or Laptop,Mac OS 10.15.7,Chrome 128,768x1024,1024x653,,,0,Study Welcome,13,Inaccurate~Inaccurate~Accurate,2,,Accurate,Spreadsheet1,,Spreadsheet1,1,IMG,Study Welcome,gc8r1z,1,continue,,3709,3692,3709,3709,3692,3709,1,3709,0,0,,Click To Continue,Continue Button,2,object-4,IMG,,
3,1725908979865,09/09/2024 19:09:39,1725894579865,-4,09/09/2024 11:09:39,187004,3,task-efz1,,39967132,BLIND,11682081,,complete,,,computer,Desktop or Laptop,Mac OS 10.15.7,Chrome 128,768x1024,1024x653,,,0,Study Welcome,13,Inaccurate~Inaccurate~Accurate,2,,Accurate,Spreadsheet1,,Spreadsheet1,,,,,,info,END,,,,,,,0,,,,,,,,,,,
1,1725908988752,09/09/2024 19:09:48,1725883788752,-7,09/09/2024 05:09:48,187004,3,task-efz1,,39967134,BLIND,11682083,,complete,,,computer,Desktop or Laptop,Mac OS 10.15.7,Chrome 125.0.0.0,1440x900,1309x650,,,0,Study Welcome,13,Accurate,2,,Accurate,Spreadsheet1,,Spreadsheet1,,,,,,info,BEGIN,,,,,,,0,,,,,,,,,,,
2,1725909082107,09/09/2024 19:11:22,1725883882107,-7,09/09/2024 05:11:22,187004,3,task-efz1,,39967134,BLIND,11682083,,complete,,,computer,Desktop or Laptop,Mac OS 10.15.7,Chrome 125.0.0.0,1440x900,1309x650,,,0,Study Welcome,13,Accurate,2,,Accurate,Spreadsheet1,,Spreadsheet1,1,IMG,Study Welcome,gc8r1z,1,continue,,93389.84399999998,93373.24399999999,93389.84399999998,93389.84399999998,93373.24399999999,93389.84399999998,1,93389.84399999998,0,0,,Click To Continue,Continue Button,2,object-4,IMG,,
3,1725909082109,09/09/2024 19:11:22,1725883882109,-7,09/09/2024 05:11:22,187004,3,task-efz1,,39967134,BLIND,11682083,,complete,,,computer,Desktop or Laptop,Mac OS 10.15.7,Chrome 125.0.0.0,1440x900,1309x650,,,0,Study Welcome,13,Accurate,2,,Accurate,Spreadsheet1,,Spreadsheet1,,,,,,info,END,,,,,,,0,,,,,,,,,,,
1,1725909021939,09/09/2024 19:10:21,1725891021939,-5,09/09/2024 09:10:21,187004,3,task-efz1,,39967150,BLIND,11682085,,complete,,,computer,Desktop or Laptop,Windows 10,Chrome 128.0.0.0,1280x720,1280x585,,,0,Study Welcome,13,Inaccurate~Inaccurate~Accurate,1,Accurate,,Spreadsheet1,,Spreadsheet1,,,,,,info,BEGIN,,,,,,,0,,,,,,,,,,,
2,1725909048294,09/09/2024 19:10:48,1725891048294,-5,09/09/2024 09:10:48,187004,3,task-efz1,,39967150,BLIND,11682085,,complete,,,computer,Desktop or Laptop,Windows 10,Chrome 128.0.0.0,1280x720,1280x585,,,0,Study Welcome,13,Inaccurate~Inaccurate~Accurate,1,Accurate,,Spreadsheet1,,Spreadsheet1,1,IMG,Study Welcome,gc8r1z,1,continue,,26371.296000095368,26361.296000000002,26371.296000095368,26371.296000095368,26361.296000000002,26371.296000095368,1,26371.296000095368,0,0,,Click To Continue,Continue Button,2,object-4,IMG,,
3,1725909048298,09/09/2024 19:10:48,1725891048298,-5,09/09/2024 09:10:48,187004,3,task-efz1,,39967150,BLIND,11682085,,complete,,,computer,Desktop or Laptop,Windows 10,Chrome 128.0.0.0,1280x720,1280x585,,,0,Study Welcome,13,Inaccurate~Inaccurate~Accurate,1,Accurate,,Spreadsheet1,,Spreadsheet1,,,,,,info,END,,,,,,,0,,,,,,,,,,,
1,1725909222124,09/09/2024 19:13:42,1725884022124,-7,09/09/2024 05:13:42,187004,3,task-efz1,,39967222,BLIND,11682102,,complete,,,computer,Desktop or Laptop,Windows 10,Chrome 124.0.0.0,1280x1024,1168x552,,,0,Study Welcome,13,Inaccurate~Accurate,1,Accurate,,Spreadsheet1,,Spreadsheet1,,,,,,info,BEGIN,,,,,,,0,,,,,,,,,,,
2,1725909370487,09/09/2024 19:16:10,1725884170487,-7,09/09/2024 05:16:10,187004,3,task-efz1,,39967222,BLIND,11682102,,complete,,,computer,Desktop or Laptop,Windows 10,Chrome 124.0.0.0,1280x1024,1168x552,,,0,Study Welcome,13,Inaccurate~Accurate,1,Accurate,,Spreadsheet1,,Spreadsheet1,1,IMG,Study Welcome,gc8r1z,1,continue,,148374.99999999997,148343.8,148374.99999999997,148374.99999999997,148343.8,148374.99999999997,1,148374.99999999997,0,0,,Click To Continue,Continue Button,2,object-4,IMG,,
3,1725909370491,09/09/2024 19:16:10,1725884170491,-7,09/09/2024 05:16:10,187004,3,task-efz1,,39967222,BLIND,11682102,,complete,,,computer,Desktop or Laptop,Windows 10,Chrome 124.0.0.0,1280x1024,1168x552,,,0,Study Welcome,13,Inaccurate~Accurate,1,Accurate,,Spreadsheet1,,Spreadsheet1,,,,,,info,END,,,,,,,0,,,,,,,,,,,
1,1725910582485,09/09/2024 19:36:22,1725896182485,-4,09/09/2024 11:36:22,187004,3,task-efz1,,39967545,BLIND,11682176,,complete,,,computer,Desktop or Laptop,Mac OS 10.15.7,Chrome 128.0.0.0,1680x1050,1692x912,,,0,Study Welcome,13,Accurate,2,,Accurate,Spreadsheet1,,Spreadsheet1,,,,,,info,BEGIN,,,,,,,0,,,,,,,,,,,
2,1725910586518,09/09/2024 19:36:26,1725896186518,-4,09/09/2024 11:36:26,187004,3,task-efz1,,39967545,BLIND,11682176,,complete,,,computer,Desktop or Laptop,Mac OS 10.15.7,Chrome 128.0.0.0,1680x1050,1692x912,,,0,Study Welcome,13,Accurate,2,,Accurate,Spreadsheet1,,Spreadsheet1,1,IMG,Study Welcome,gc8r1z,1,continue,,4045.3,4032.9000000000005,4045.3,4045.3,4032.9000000000005,4045.3,1,4045.3,0,0,,Click To Continue,Continue Button,2,object-4,IMG,,
3,1725910586520,09/09/2024 19:36:26,1725896186520,-4,09/09/2024 11:36:26,187004,3,task-efz1,,39967545,BLIND,11682176,,complete,,,computer,Desktop or Laptop,Mac OS 10.15.7,Chrome 128.0.0.0,1680x1050,1692x912,,,0,Study Welcome,13,Accurate,2,,Accurate,Spreadsheet1,,Spreadsheet1,,,,,,info,END,,,,,,,0,,,,,,,,,,,
END OF FILE
