Event Index,UTC Timestamp,UTC Date and Time,Local Timestamp,Local Timezone,Local Date and Time,Experiment ID,Experiment Version,Tree Node Key,Repeat Key,Schedule ID,Participant Public ID,Participant Private ID,Participant Starting Group,Participant Status,Participant Completion Code,Participant External Session ID,Participant Device Type,Participant Device,Participant OS,Participant Browser,Participant Monitor Size,Participant Viewport Size,Checkpoint,Room ID,Room Order,Task Name,Task Version,branch-ck1c,randomiser-8rl3,branch-tpdd,branch-qy9p,Spreadsheet,Current Spreadsheet,Trial Number,Display,Screen,Screen ID,Screen Counter,Response Type,Response,Onset Time,Clock Time,Reaction Time,Absolute Onset Time,Absolute Clock Time,Absolute Reaction Time,Correct,Response Onset,Response Duration,Proportion,Tag,Component Name,Object Name,Object Number,Object ID,Spreadsheet: display,Spreadsheet: answer,Spreadsheet: img,Spreadsheet: border,Spreadsheet: Screen,Spreadsheet: timing,Manipulation: Spreadsheet
1,1728500777400,09/10/2024 19:06:17,1728475577400,-7,09/10/2024 05:06:17,187004,3,task-wzke,repeat-3dmk#1,40526599,BLIND,11824218,,complete,,,computer,Desktop or Laptop,Windows 10,Chrome 129.0.0.0,1920x1080,1920x945,,,0,Sustained Attention Practice (Clone),4,Inaccurate~Accurate,2,,Inaccurate~Inaccurate~Accurate,Spreadsheet1,Spreadsheet1,,,,,,info,BEGIN,,,,,,,0,,,,,,,,,,,,,,,
2,1728500803141,09/10/2024 19:06:43,1728475603141,-7,09/10/2024 05:06:43,187004,3,task-wzke,repeat-3dmk#1,40526599,BLIND,11824218,,complete,,,computer,Desktop or Laptop,Windows 10,Chrome 129.0.0.0,1920x1080,1920x945,,,0,Sustained Attention Practice (Clone),4,Inaccurate~Accurate,2,,Inaccurate~Inaccurate~Accurate,Spreadsheet1,Spreadsheet1,1,instructions,Screen 1,djhvrt,1,continue,,24725.00000000596,24720.4,24725.00000000596,24725.00000000596,24720.4,24725.00000000596,1,24725.00000000596,0,0,,Click To Continue,Continue Button,6,object-20,instructions,,,,,,
3,1728500809171,09/10/2024 19:06:49,1728475609171,-7,09/10/2024 05:06:49,187004,3,task-wzke,repeat-3dmk#1,40526599,BLIND,11824218,,complete,,,computer,Desktop or Laptop,Windows 10,Chrome 129.0.0.0,1920x1080,1920x945,,,0,Sustained Attention Practice (Clone),4,Inaccurate~Accurate,2,,Inaccurate~Inaccurate~Accurate,Spreadsheet1,Spreadsheet1,1,instructions,Screen 2,1kaj8e,2,continue,,6034.200000000001,6027.299999999999,6034.200000000001,6034.200000000001,6027.299999999999,6034.200000000001,1,6034.200000000001,0,0,,Click To Continue,Continue Button,2,object-7,instructions,,,,,,
4,1728500812164,09/10/2024 19:06:52,1728475612164,-7,09/10/2024 05:06:52,187004,3,task-wzke,repeat-3dmk#1,40526599,BLIND,11824218,,complete,,,computer,Desktop or Laptop,Windows 10,Chrome 129.0.0.0,1920x1080,1920x945,,,0,Sustained Attention Practice (Clone),4,Inaccurate~Accurate,2,,Inaccurate~Inaccurate~Accurate,Spreadsheet1,Spreadsheet1,1,instructions,Screen 3,j5lb3b,3,timedOut,,3000.1000000029817,2999.9000000000015,3000.1000000029817,3000.1000000029817,2999.9000000000015,3000.1000000029817,1,3000.1000000029817,0,0,,Time Limit,screen,0,screen,instructions,,,,,,
5,1728500813165,09/10/2024 19:06:53,1728475613165,-7,09/10/2024 05:06:53,187004,3,task-wzke,repeat-3dmk#1,40526599,BLIND,11824218,,complete,,,computer,Desktop or Laptop,Windows 10,Chrome 129.0.0.0,1920x1080,1920x945,,,0,Sustained Attention Practice (Clone),4,Inaccurate~Accurate,2,,Inaccurate~Inaccurate~Accurate,Spreadsheet1,Spreadsheet1,1,image,Trials,mxeghn,1,response,J,999.8000000000029,999.8000000000029,999.8000000000029,999.8000000000029,999.8000000000029,999.8000000000029,0,999.8000000000029,0,0,,Time Limit,screen,0,screen,image,F,instr_photo.jpg,#FF69B4,,1000ms,
6,1728500814157,09/10/2024 19:06:54,1728475614157,-7,09/10/2024 05:06:54,187004,3,task-wzke,repeat-3dmk#1,40526599,BLIND,11824218,,complete,,,computer,Desktop or Laptop,Windows 10,Chrome 129.0.0.0,1920x1080,1920x945,,,0,Sustained Attention Practice (Clone),4,Inaccurate~Accurate,2,,Inaccurate~Inaccurate~Accurate,Spreadsheet1,Spreadsheet1,1,image,Screen 2,2al84i,2,continue,,500,500,500,500,500,500,1,500,0,0,,Fixation Timing,Fixation,1,object-24,image,F,instr_photo.jpg,#FF69B4,,1000ms,
7,1728500815157,09/10/2024 19:06:55,1728475615157,-7,09/10/2024 05:06:55,187004,3,task-wzke,repeat-3dmk#1,40526599,BLIND,11824218,,complete,,,computer,Desktop or Laptop,Windows 10,Chrome 129.0.0.0,1920x1080,1920x945,,,0,Sustained Attention Practice (Clone),4,Inaccurate~Accurate,2,,Inaccurate~Inaccurate~Accurate,Spreadsheet1,Spreadsheet1,2,image,Trials,mxeghn,1,response,J,999.9000000000015,999.9000000000015,999.9000000000015,999.9000000000015,999.9000000000015,999.9000000000015,0,999.9000000000015,0,0,,Time Limit,screen,0,screen,image,F,instr_photo_2.jpg,#DC143C,,1000ms,
8,1728500816150,09/10/2024 19:06:56,1728475616150,-7,09/10/2024 05:06:56,187004,3,task-wzke,repeat-3dmk#1,40526599,BLIND,11824218,,complete,,,computer,Desktop or Laptop,Windows 10,Chrome 129.0.0.0,1920x1080,1920x945,,,0,Sustained Attention Practice (Clone),4,Inaccurate~Accurate,2,,Inaccurate~Inaccurate~Accurate,Spreadsheet1,Spreadsheet1,2,image,Screen 2,2al84i,2,continue,,500,500,500,500,500,500,1,500,0,0,,Fixation Timing,Fixation,1,object-24,image,F,instr_photo_2.jpg,#DC143C,,1000ms,
9,1728500817150,09/10/2024 19:06:57,1728475617150,-7,09/10/2024 05:06:57,187004,3,task-wzke,repeat-3dmk#1,40526599,BLIND,11824218,,complete,,,computer,Desktop or Laptop,Windows 10,Chrome 129.0.0.0,1920x1080,1920x945,,,0,Sustained Attention Practice (Clone),4,Inaccurate~Accurate,2,,Inaccurate~Inaccurate~Accurate,Spreadsheet1,Spreadsheet1,3,image,Trials,mxeghn,1,response,J,999.8999999999942,999.8999999999942,999.8999999999942,999.8999999999942,999.8999999999942,999.8999999999942,0,999.8999999999942,0,0,,Time Limit,screen,0,screen,image,F,instr_photo_3.jpg,#E2752C,,1000ms,
10,1728500818143,09/10/2024 19:06:58,1728475618143,-7,09/10/2024 05:06:58,187004,3,task-wzke,repeat-3dmk#1,40526599,BLIND,11824218,,complete,,,computer,Desktop or Laptop,Windows 10,Chrome 129.0.0.0,1920x1080,1920x945,,,0,Sustained Attention Practice (Clone),4,Inaccurate~Accurate,2,,Inaccurate~Inaccurate~Accurate,Spreadsheet1,Spreadsheet1,3,image,Screen 2,2al84i,2,continue,,500.1000000000058,500.1000000000058,500.1000000000058,500.1000000000058,500.1000000000058,500.1000000000058,1,500.1000000000058,0,0,,Fixation Timing,Fixation,1,object-24,image,F,instr_photo_3.jpg,#E2752C,,1000ms,
11,1728500818740,09/10/2024 19:06:58,1728475618740,-7,09/10/2024 05:06:58,187004,3,task-wzke,repeat-3dmk#1,40526599,BLIND,11824218,,complete,,,computer,Desktop or Laptop,Windows 10,Chrome 129.0.0.0,1920x1080,1920x945,,,0,Sustained Attention Practice (Clone),4,Inaccurate~Accurate,2,,Inaccurate~Inaccurate~Accurate,Spreadsheet1,Spreadsheet1,4,image,Trials,mxeghn,1,response,F,596.9000000029773,590.0999999999985,596.9000000029773,596.9000000029773,590.0999999999985,596.9000000029773,0,596.9000000029773,0,0,,Keyboard Response,Keyboard Response,2,object-4,image,J,instr_photo_3.jpg,#DC143C,,1000ms,
12,1728500819733,09/10/2024 19:06:59,1728475619733,-7,09/10/2024 05:06:59,187004,3,task-wzke,repeat-3dmk#1,40526599,BLIND,11824218,,complete,,,computer,Desktop or Laptop,Windows 10,Chrome 129.0.0.0,1920x1080,1920x945,,,0,Sustained Attention Practice (Clone),4,Inaccurate~Accurate,2,,Inaccurate~Inaccurate~Accurate,Spreadsheet1,Spreadsheet1,4,image,Screen 2,2al84i,2,continue,,499.8000000000029,499.8000000000029,499.8000000000029,499.8000000000029,499.8000000000029,499.8000000000029,1,499.8000000000029,0,0,,Fixation Timing,Fixation,1,object-24,image,J,instr_photo_3.jpg,#DC143C,,1000ms,
13,1728500820733,09/10/2024 19:07:00,1728475620733,-7,09/10/2024 05:07:00,187004,3,task-wzke,repeat-3dmk#1,40526599,BLIND,11824218,,complete,,,computer,Desktop or Laptop,Windows 10,Chrome 129.0.0.0,1920x1080,1920x945,,,0,Sustained Attention Practice (Clone),4,Inaccurate~Accurate,2,,Inaccurate~Inaccurate~Accurate,Spreadsheet1,Spreadsheet1,5,image,Trials,mxeghn,1,response,J,999.8999999999942,999.8999999999942,999.8999999999942,999.8999999999942,999.8999999999942,999.8999999999942,0,999.8999999999942,0,0,,Time Limit,screen,0,screen,image,F,instr_photo_5.jpg,#FF69B4,,1000ms,
14,1728500821726,09/10/2024 19:07:01,1728475621726,-7,09/10/2024 05:07:01,187004,3,task-wzke,repeat-3dmk#1,40526599,BLIND,11824218,,complete,,,computer,Desktop or Laptop,Windows 10,Chrome 129.0.0.0,1920x1080,1920x945,,,0,Sustained Attention Practice (Clone),4,Inaccurate~Accurate,2,,Inaccurate~Inaccurate~Accurate,Spreadsheet1,Spreadsheet1,5,image,Screen 2,2al84i,2,continue,,499.8999999999942,499.8999999999942,499.8999999999942,499.8999999999942,499.8999999999942,499.8999999999942,1,499.8999999999942,0,0,,Fixation Timing,Fixation,1,object-24,image,F,instr_photo_5.jpg,#FF69B4,,1000ms,
15,1728500821726,09/10/2024 19:07:01,1728475621726,-7,09/10/2024 05:07:01,187004,3,task-wzke,repeat-3dmk#1,40526599,BLIND,11824218,,complete,,,computer,Desktop or Laptop,Windows 10,Chrome 129.0.0.0,1920x1080,1920x945,,,0,Sustained Attention Practice (Clone),4,Inaccurate~Accurate,2,,Inaccurate~Inaccurate~Accurate,Spreadsheet1,Spreadsheet1,,,,,,info,END,,,,,,,0,,,,,,,,,,,,,,,
1,1728500840840,09/10/2024 19:07:20,1728475640840,-7,09/10/2024 05:07:20,187004,3,task-wzke,repeat-3dmk#2,40526629,BLIND,11824218,,complete,,,computer,Desktop or Laptop,Windows 10,Chrome 129.0.0.0,1920x1080,1920x945,,,0,Sustained Attention Practice (Clone),4,Inaccurate~Accurate,2,,Inaccurate~Inaccurate~Accurate,Spreadsheet1,Spreadsheet1,,,,,,info,BEGIN,,,,,,,0,,,,,,,,,,,,,,,
2,1728500847212,09/10/2024 19:07:27,1728475647212,-7,09/10/2024 05:07:27,187004,3,task-wzke,repeat-3dmk#2,40526629,BLIND,11824218,,complete,,,computer,Desktop or Laptop,Windows 10,Chrome 129.0.0.0,1920x1080,1920x945,,,0,Sustained Attention Practice (Clone),4,Inaccurate~Accurate,2,,Inaccurate~Inaccurate~Accurate,Spreadsheet1,Spreadsheet1,1,instructions,Screen 1,djhvrt,1,continue,,6369.699999988079,6367.6,6369.699999988079,6369.699999988079,6367.6,6369.699999988079,1,6369.699999988079,0,0,,Click To Continue,Continue Button,6,object-20,instructions,,,,,,
3,1728500848116,09/10/2024 19:07:28,1728475648116,-7,09/10/2024 05:07:28,187004,3,task-wzke,repeat-3dmk#2,40526629,BLIND,11824218,,complete,,,computer,Desktop or Laptop,Windows 10,Chrome 129.0.0.0,1920x1080,1920x945,,,0,Sustained Attention Practice (Clone),4,Inaccurate~Accurate,2,,Inaccurate~Inaccurate~Accurate,Spreadsheet1,Spreadsheet1,1,instructions,Screen 2,1kaj8e,2,continue,,906.0999999880787,902.6999999999989,906.0999999880787,906.0999999880787,902.6999999999989,906.0999999880787,1,906.0999999880787,0,0,,Click To Continue,Continue Button,2,object-7,instructions,,,,,,
4,1728500851112,09/10/2024 19:07:31,1728475651112,-7,09/10/2024 05:07:31,187004,3,task-wzke,repeat-3dmk#2,40526629,BLIND,11824218,,complete,,,computer,Desktop or Laptop,Windows 10,Chrome 129.0.0.0,1920x1080,1920x945,,,0,Sustained Attention Practice (Clone),4,Inaccurate~Accurate,2,,Inaccurate~Inaccurate~Accurate,Spreadsheet1,Spreadsheet1,1,instructions,Screen 3,j5lb3b,3,timedOut,,2999.89999998808,2999.7000000000007,2999.89999998808,2999.89999998808,2999.7000000000007,2999.89999998808,1,2999.89999998808,0,0,,Time Limit,screen,0,screen,instructions,,,,,,
5,1728500851424,09/10/2024 19:07:31,1728475651424,-7,09/10/2024 05:07:31,187004,3,task-wzke,repeat-3dmk#2,40526629,BLIND,11824218,,complete,,,computer,Desktop or Laptop,Windows 10,Chrome 129.0.0.0,1920x1080,1920x945,,,0,Sustained Attention Practice (Clone),4,Inaccurate~Accurate,2,,Inaccurate~Inaccurate~Accurate,Spreadsheet1,Spreadsheet1,1,image,Trials,mxeghn,1,response,F,311.79999999701977,305.60000000000036,311.79999999701977,311.79999999701977,305.60000000000036,311.79999999701977,1,311.79999999701977,0,0,,Keyboard Response,Keyboard Response,2,object-4,image,F,instr_photo.jpg,#FF69B4,,1000ms,
6,1728500852418,09/10/2024 19:07:32,1728475652418,-7,09/10/2024 05:07:32,187004,3,task-wzke,repeat-3dmk#2,40526629,BLIND,11824218,,complete,,,computer,Desktop or Laptop,Windows 10,Chrome 129.0.0.0,1920x1080,1920x945,,,0,Sustained Attention Practice (Clone),4,Inaccurate~Accurate,2,,Inaccurate~Inaccurate~Accurate,Spreadsheet1,Spreadsheet1,1,image,Screen 2,2al84i,2,continue,,499.89999999999964,499.89999999999964,499.89999999999964,499.89999999999964,499.89999999999964,499.89999999999964,1,499.89999999999964,0,0,,Fixation Timing,Fixation,1,object-24,image,F,instr_photo.jpg,#FF69B4,,1000ms,
7,1728500853009,09/10/2024 19:07:33,1728475653009,-7,09/10/2024 05:07:33,187004,3,task-wzke,repeat-3dmk#2,40526629,BLIND,11824218,,complete,,,computer,Desktop or Laptop,Windows 10,Chrome 129.0.0.0,1920x1080,1920x945,,,0,Sustained Attention Practice (Clone),4,Inaccurate~Accurate,2,,Inaccurate~Inaccurate~Accurate,Spreadsheet1,Spreadsheet1,2,image,Trials,mxeghn,1,response,F,590.3999999999996,583.3999999999996,590.3999999999996,590.3999999999996,583.3999999999996,590.3999999999996,1,590.3999999999996,0,0,,Keyboard Response,Keyboard Response,2,object-4,image,F,instr_photo_2.jpg,#DC143C,,1000ms,
8,1728500854001,09/10/2024 19:07:34,1728475654001,-7,09/10/2024 05:07:34,187004,3,task-wzke,repeat-3dmk#2,40526629,BLIND,11824218,,complete,,,computer,Desktop or Laptop,Windows 10,Chrome 129.0.0.0,1920x1080,1920x945,,,0,Sustained Attention Practice (Clone),4,Inaccurate~Accurate,2,,Inaccurate~Inaccurate~Accurate,Spreadsheet1,Spreadsheet1,2,image,Screen 2,2al84i,2,continue,,499.90000000000146,499.90000000000146,499.90000000000146,499.90000000000146,499.90000000000146,499.90000000000146,1,499.90000000000146,0,0,,Fixation Timing,Fixation,1,object-24,image,F,instr_photo_2.jpg,#DC143C,,1000ms,
9,1728500854367,09/10/2024 19:07:34,1728475654367,-7,09/10/2024 05:07:34,187004,3,task-wzke,repeat-3dmk#2,40526629,BLIND,11824218,,complete,,,computer,Desktop or Laptop,Windows 10,Chrome 129.0.0.0,1920x1080,1920x945,,,0,Sustained Attention Practice (Clone),4,Inaccurate~Accurate,2,,Inaccurate~Inaccurate~Accurate,Spreadsheet1,Spreadsheet1,3,image,Trials,mxeghn,1,response,F,365.59999999701904,361.09999999999854,365.59999999701904,365.59999999701904,361.09999999999854,365.59999999701904,1,365.59999999701904,0,0,,Keyboard Response,Keyboard Response,2,object-4,image,F,instr_photo_3.jpg,#E2752C,,1000ms,
10,1728500855362,09/10/2024 19:07:35,1728475655362,-7,09/10/2024 05:07:35,187004,3,task-wzke,repeat-3dmk#2,40526629,BLIND,11824218,,complete,,,computer,Desktop or Laptop,Windows 10,Chrome 129.0.0.0,1920x1080,1920x945,,,0,Sustained Attention Practice (Clone),4,Inaccurate~Accurate,2,,Inaccurate~Inaccurate~Accurate,Spreadsheet1,Spreadsheet1,3,image,Screen 2,2al84i,2,continue,,500,500,500,500,500,500,1,500,0,0,,Fixation Timing,Fixation,1,object-24,image,F,instr_photo_3.jpg,#E2752C,,1000ms,
11,1728500856363,09/10/2024 19:07:36,1728475656363,-7,09/10/2024 05:07:36,187004,3,task-wzke,repeat-3dmk#2,40526629,BLIND,11824218,,complete,,,computer,Desktop or Laptop,Windows 10,Chrome 129.0.0.0,1920x1080,1920x945,,,0,Sustained Attention Practice (Clone),4,Inaccurate~Accurate,2,,Inaccurate~Inaccurate~Accurate,Spreadsheet1,Spreadsheet1,4,image,Trials,mxeghn,1,response,J,1000,1000,1000,1000,1000,1000,1,1000,0,0,,Time Limit,screen,0,screen,image,J,instr_photo_3.jpg,#DC143C,,1000ms,
12,1728500857355,09/10/2024 19:07:37,1728475657355,-7,09/10/2024 05:07:37,187004,3,task-wzke,repeat-3dmk#2,40526629,BLIND,11824218,,complete,,,computer,Desktop or Laptop,Windows 10,Chrome 129.0.0.0,1920x1080,1920x945,,,0,Sustained Attention Practice (Clone),4,Inaccurate~Accurate,2,,Inaccurate~Inaccurate~Accurate,Spreadsheet1,Spreadsheet1,4,image,Screen 2,2al84i,2,continue,,500,500,500,500,500,500,1,500,0,0,,Fixation Timing,Fixation,1,object-24,image,J,instr_photo_3.jpg,#DC143C,,1000ms,
13,1728500857639,09/10/2024 19:07:37,1728475657639,-7,09/10/2024 05:07:37,187004,3,task-wzke,repeat-3dmk#2,40526629,BLIND,11824218,,complete,,,computer,Desktop or Laptop,Windows 10,Chrome 129.0.0.0,1920x1080,1920x945,,,0,Sustained Attention Practice (Clone),4,Inaccurate~Accurate,2,,Inaccurate~Inaccurate~Accurate,Spreadsheet1,Spreadsheet1,5,image,Trials,mxeghn,1,response,F,283.59999999701904,277.8999999999978,283.59999999701904,283.59999999701904,277.8999999999978,283.59999999701904,1,283.59999999701904,0,0,,Keyboard Response,Keyboard Response,2,object-4,image,F,instr_photo_5.jpg,#FF69B4,,1000ms,
14,1728500858633,09/10/2024 19:07:38,1728475658633,-7,09/10/2024 05:07:38,187004,3,task-wzke,repeat-3dmk#2,40526629,BLIND,11824218,,complete,,,computer,Desktop or Laptop,Windows 10,Chrome 129.0.0.0,1920x1080,1920x945,,,0,Sustained Attention Practice (Clone),4,Inaccurate~Accurate,2,,Inaccurate~Inaccurate~Accurate,Spreadsheet1,Spreadsheet1,5,image,Screen 2,2al84i,2,continue,,499.90000000000146,499.90000000000146,499.90000000000146,499.90000000000146,499.90000000000146,499.90000000000146,1,499.90000000000146,0,0,,Fixation Timing,Fixation,1,object-24,image,F,instr_photo_5.jpg,#FF69B4,,1000ms,
15,1728500858634,09/10/2024 19:07:38,1728475658634,-7,09/10/2024 05:07:38,187004,3,task-wzke,repeat-3dmk#2,40526629,BLIND,11824218,,complete,,,computer,Desktop or Laptop,Windows 10,Chrome 129.0.0.0,1920x1080,1920x945,,,0,Sustained Attention Practice (Clone),4,Inaccurate~Accurate,2,,Inaccurate~Inaccurate~Accurate,Spreadsheet1,Spreadsheet1,,,,,,info,END,,,,,,,0,,,,,,,,,,,,,,,
1,1728500979603,09/10/2024 19:09:39,1728482979603,-5,09/10/2024 09:09:39,187004,3,task-wzke,repeat-3dmk#2,40526694,BLIND,11824228,,complete,,,computer,Desktop or Laptop,Windows 10,Edge 129.0.0.0,1366x768,1366x653,,,0,Sustained Attention Practice (Clone),4,Inaccurate~Inaccurate~Inaccurate~Inaccurate~Inaccurate~Accurate,2,,Inaccurate~Inaccurate~Accurate,Spreadsheet1,Spreadsheet1,,,,,,info,BEGIN,,,,,,,0,,,,,,,,,,,,,,,
2,1728500983696,09/10/2024 19:09:43,1728482983696,-5,09/10/2024 09:09:43,187004,3,task-wzke,repeat-3dmk#2,40526694,BLIND,11824228,,complete,,,computer,Desktop or Laptop,Windows 10,Edge 129.0.0.0,1366x768,1366x653,,,0,Sustained Attention Practice (Clone),4,Inaccurate~Inaccurate~Inaccurate~Inaccurate~Inaccurate~Accurate,2,,Inaccurate~Inaccurate~Accurate,Spreadsheet1,Spreadsheet1,1,instructions,Screen 1,djhvrt,1,continue,,3974.3999999046328,3963.3,3974.3999999046328,3974.3999999046328,3963.3,3974.3999999046328,1,3974.3999999046328,0,0,,Click To Continue,Continue Button,6,object-20,instructions,,,,,,
3,1728500986075,09/10/2024 19:09:46,1728482986075,-5,09/10/2024 09:09:46,187004,3,task-wzke,repeat-3dmk#2,40526694,BLIND,11824228,,complete,,,computer,Desktop or Laptop,Windows 10,Edge 129.0.0.0,1366x768,1366x653,,,0,Sustained Attention Practice (Clone),4,Inaccurate~Inaccurate~Inaccurate~Inaccurate~Inaccurate~Accurate,2,,Inaccurate~Inaccurate~Accurate,Spreadsheet1,Spreadsheet1,1,instructions,Screen 2,1kaj8e,2,continue,,2390.5,2380.7000000000007,2390.5,2390.5,2380.7000000000007,2390.5,1,2390.5,0,0,,Click To Continue,Continue Button,2,object-7,instructions,,,,,,
4,1728500989064,09/10/2024 19:09:49,1728482989064,-5,09/10/2024 09:09:49,187004,3,task-wzke,repeat-3dmk#2,40526694,BLIND,11824228,,complete,,,computer,Desktop or Laptop,Windows 10,Edge 129.0.0.0,1366x768,1366x653,,,0,Sustained Attention Practice (Clone),4,Inaccurate~Inaccurate~Inaccurate~Inaccurate~Inaccurate~Accurate,2,,Inaccurate~Inaccurate~Accurate,Spreadsheet1,Spreadsheet1,1,instructions,Screen 3,j5lb3b,3,timedOut,,2999.2999999999993,2997.3999999999996,2999.2999999999993,2999.2999999999993,2997.3999999999996,2999.2999999999993,1,2999.2999999999993,0,0,,Time Limit,screen,0,screen,instructions,,,,,,
5,1728500990066,09/10/2024 19:09:50,1728482990066,-5,09/10/2024 09:09:50,187004,3,task-wzke,repeat-3dmk#2,40526694,BLIND,11824228,,complete,,,computer,Desktop or Laptop,Windows 10,Edge 129.0.0.0,1366x768,1366x653,,,0,Sustained Attention Practice (Clone),4,Inaccurate~Inaccurate~Inaccurate~Inaccurate~Inaccurate~Accurate,2,,Inaccurate~Inaccurate~Accurate,Spreadsheet1,Spreadsheet1,1,image,Trials,mxeghn,1,response,J,998.8999999999996,998.8999999999996,998.8999999999996,998.8999999999996,998.8999999999996,998.8999999999996,0,998.8999999999996,0,0,,Time Limit,screen,0,screen,image,F,instr_photo.jpg,#FF69B4,,1000ms,
6,1728500991046,09/10/2024 19:09:51,1728482991046,-5,09/10/2024 09:09:51,187004,3,task-wzke,repeat-3dmk#2,40526694,BLIND,11824228,,complete,,,computer,Desktop or Laptop,Windows 10,Edge 129.0.0.0,1366x768,1366x653,,,0,Sustained Attention Practice (Clone),4,Inaccurate~Inaccurate~Inaccurate~Inaccurate~Inaccurate~Accurate,2,,Inaccurate~Inaccurate~Accurate,Spreadsheet1,Spreadsheet1,1,image,Screen 2,2al84i,2,continue,,499.59999999999854,499.59999999999854,499.59999999999854,499.59999999999854,499.59999999999854,499.59999999999854,1,499.59999999999854,0,0,,Fixation Timing,Fixation,1,object-24,image,F,instr_photo.jpg,#FF69B4,,1000ms,
7,1728500992048,09/10/2024 19:09:52,1728482992048,-5,09/10/2024 09:09:52,187004,3,task-wzke,repeat-3dmk#2,40526694,BLIND,11824228,,complete,,,computer,Desktop or Laptop,Windows 10,Edge 129.0.0.0,1366x768,1366x653,,,0,Sustained Attention Practice (Clone),4,Inaccurate~Inaccurate~Inaccurate~Inaccurate~Inaccurate~Accurate,2,,Inaccurate~Inaccurate~Accurate,Spreadsheet1,Spreadsheet1,2,image,Trials,mxeghn,1,response,J,999.1000000000022,999.1000000000022,999.1000000000022,999.1000000000022,999.1000000000022,999.1000000000022,0,999.1000000000022,0,0,,Time Limit,screen,0,screen,image,F,instr_photo_2.jpg,#DC143C,,1000ms,
8,1728500993028,09/10/2024 19:09:53,1728482993028,-5,09/10/2024 09:09:53,187004,3,task-wzke,repeat-3dmk#2,40526694,BLIND,11824228,,complete,,,computer,Desktop or Laptop,Windows 10,Edge 129.0.0.0,1366x768,1366x653,,,0,Sustained Attention Practice (Clone),4,Inaccurate~Inaccurate~Inaccurate~Inaccurate~Inaccurate~Accurate,2,,Inaccurate~Inaccurate~Accurate,Spreadsheet1,Spreadsheet1,2,image,Screen 2,2al84i,2,continue,,499.59999999999854,499.59999999999854,499.59999999999854,499.59999999999854,499.59999999999854,499.59999999999854,1,499.59999999999854,0,0,,Fixation Timing,Fixation,1,object-24,image,F,instr_photo_2.jpg,#DC143C,,1000ms,
9,1728500994029,09/10/2024 19:09:54,1728482994029,-5,09/10/2024 09:09:54,187004,3,task-wzke,repeat-3dmk#2,40526694,BLIND,11824228,,complete,,,computer,Desktop or Laptop,Windows 10,Edge 129.0.0.0,1366x768,1366x653,,,0,Sustained Attention Practice (Clone),4,Inaccurate~Inaccurate~Inaccurate~Inaccurate~Inaccurate~Accurate,2,,Inaccurate~Inaccurate~Accurate,Spreadsheet1,Spreadsheet1,3,image,Trials,mxeghn,1,response,J,998.7000000000007,998.7000000000007,998.7000000000007,998.7000000000007,998.7000000000007,998.7000000000007,0,998.7000000000007,0,0,,Time Limit,screen,0,screen,image,F,instr_photo_3.jpg,#E2752C,,1000ms,
10,1728500995008,09/10/2024 19:09:55,1728482995008,-5,09/10/2024 09:09:55,187004,3,task-wzke,repeat-3dmk#2,40526694,BLIND,11824228,,complete,,,computer,Desktop or Laptop,Windows 10,Edge 129.0.0.0,1366x768,1366x653,,,0,Sustained Attention Practice (Clone),4,Inaccurate~Inaccurate~Inaccurate~Inaccurate~Inaccurate~Accurate,2,,Inaccurate~Inaccurate~Accurate,Spreadsheet1,Spreadsheet1,3,image,Screen 2,2al84i,2,continue,,498.90000000000146,498.90000000000146,498.90000000000146,498.90000000000146,498.90000000000146,498.90000000000146,1,498.90000000000146,0,0,,Fixation Timing,Fixation,1,object-24,image,F,instr_photo_3.jpg,#E2752C,,1000ms,
11,1728500995487,09/10/2024 19:09:55,1728482995487,-5,09/10/2024 09:09:55,187004,3,task-wzke,repeat-3dmk#2,40526694,BLIND,11824228,,complete,,,computer,Desktop or Laptop,Windows 10,Edge 129.0.0.0,1366x768,1366x653,,,0,Sustained Attention Practice (Clone),4,Inaccurate~Inaccurate~Inaccurate~Inaccurate~Inaccurate~Accurate,2,,Inaccurate~Inaccurate~Accurate,Spreadsheet1,Spreadsheet1,4,image,Trials,mxeghn,1,response,F,478.7000000476837,466.7000000000007,478.7000000476837,478.7000000476837,466.7000000000007,478.7000000476837,0,478.7000000476837,0,0,,Keyboard Response,Keyboard Response,2,object-4,image,J,instr_photo_3.jpg,#DC143C,,1000ms,
12,1728500996474,09/10/2024 19:09:56,1728482996474,-5,09/10/2024 09:09:56,187004,3,task-wzke,repeat-3dmk#2,40526694,BLIND,11824228,,complete,,,computer,Desktop or Laptop,Windows 10,Edge 129.0.0.0,1366x768,1366x653,,,0,Sustained Attention Practice (Clone),4,Inaccurate~Inaccurate~Inaccurate~Inaccurate~Inaccurate~Accurate,2,,Inaccurate~Inaccurate~Accurate,Spreadsheet1,Spreadsheet1,4,image,Screen 2,2al84i,2,continue,,499.7000000000007,499.7000000000007,499.7000000000007,499.7000000000007,499.7000000000007,499.7000000000007,1,499.7000000000007,0,0,,Fixation Timing,Fixation,1,object-24,image,J,instr_photo_3.jpg,#DC143C,,1000ms,
13,1728500997475,09/10/2024 19:09:57,1728482997475,-5,09/10/2024 09:09:57,187004,3,task-wzke,repeat-3dmk#2,40526694,BLIND,11824228,,complete,,,computer,Desktop or Laptop,Windows 10,Edge 129.0.0.0,1366x768,1366x653,,,0,Sustained Attention Practice (Clone),4,Inaccurate~Inaccurate~Inaccurate~Inaccurate~Inaccurate~Accurate,2,,Inaccurate~Inaccurate~Accurate,Spreadsheet1,Spreadsheet1,5,image,Trials,mxeghn,1,response,J,998.7999999999993,998.7999999999993,998.7999999999993,998.7999999999993,998.7999999999993,998.7999999999993,0,998.7999999999993,0,0,,Time Limit,screen,0,screen,image,F,instr_photo_5.jpg,#FF69B4,,1000ms,
14,1728500998456,09/10/2024 19:09:58,1728482998456,-5,09/10/2024 09:09:58,187004,3,task-wzke,repeat-3dmk#2,40526694,BLIND,11824228,,complete,,,computer,Desktop or Laptop,Windows 10,Edge 129.0.0.0,1366x768,1366x653,,,0,Sustained Attention Practice (Clone),4,Inaccurate~Inaccurate~Inaccurate~Inaccurate~Inaccurate~Accurate,2,,Inaccurate~Inaccurate~Accurate,Spreadsheet1,Spreadsheet1,5,image,Screen 2,2al84i,2,continue,,499.90000000000146,499.90000000000146,499.90000000000146,499.90000000000146,499.90000000000146,499.90000000000146,1,499.90000000000146,0,0,,Fixation Timing,Fixation,1,object-24,image,F,instr_photo_5.jpg,#FF69B4,,1000ms,
15,1728500998461,09/10/2024 19:09:58,1728482998461,-5,09/10/2024 09:09:58,187004,3,task-wzke,repeat-3dmk#2,40526694,BLIND,11824228,,complete,,,computer,Desktop or Laptop,Windows 10,Edge 129.0.0.0,1366x768,1366x653,,,0,Sustained Attention Practice (Clone),4,Inaccurate~Inaccurate~Inaccurate~Inaccurate~Inaccurate~Accurate,2,,Inaccurate~Inaccurate~Accurate,Spreadsheet1,Spreadsheet1,,,,,,info,END,,,,,,,0,,,,,,,,,,,,,,,
1,1728501023033,09/10/2024 19:10:23,1728483023033,-5,09/10/2024 09:10:23,187004,3,task-wzke,repeat-3dmk#3,40526711,BLIND,11824228,,complete,,,computer,Desktop or Laptop,Windows 10,Edge 129.0.0.0,1366x768,1366x653,,,0,Sustained Attention Practice (Clone),4,Inaccurate~Inaccurate~Inaccurate~Inaccurate~Inaccurate~Accurate,2,,Inaccurate~Inaccurate~Accurate,Spreadsheet1,Spreadsheet1,,,,,,info,BEGIN,,,,,,,0,,,,,,,,,,,,,,,
2,1728501026257,09/10/2024 19:10:26,1728483026257,-5,09/10/2024 09:10:26,187004,3,task-wzke,repeat-3dmk#3,40526711,BLIND,11824228,,complete,,,computer,Desktop or Laptop,Windows 10,Edge 129.0.0.0,1366x768,1366x653,,,0,Sustained Attention Practice (Clone),4,Inaccurate~Inaccurate~Inaccurate~Inaccurate~Inaccurate~Accurate,2,,Inaccurate~Inaccurate~Accurate,Spreadsheet1,Spreadsheet1,1,instructions,Screen 1,djhvrt,1,continue,,3070.7999998569485,3063.8999999999996,3070.7999998569485,3070.7999998569485,3063.8999999999996,3070.7999998569485,1,3070.7999998569485,0,0,,Click To Continue,Continue Button,6,object-20,instructions,,,,,,
3,1728501027905,09/10/2024 19:10:27,1728483027905,-5,09/10/2024 09:10:27,187004,3,task-wzke,repeat-3dmk#3,40526711,BLIND,11824228,,complete,,,computer,Desktop or Laptop,Windows 10,Edge 129.0.0.0,1366x768,1366x653,,,0,Sustained Attention Practice (Clone),4,Inaccurate~Inaccurate~Inaccurate~Inaccurate~Inaccurate~Accurate,2,,Inaccurate~Inaccurate~Accurate,Spreadsheet1,Spreadsheet1,1,instructions,Screen 2,1kaj8e,2,continue,,1655.3999998569489,1648.2999999999993,1655.3999998569489,1655.3999998569489,1648.2999999999993,1655.3999998569489,1,1655.3999998569489,0,0,,Click To Continue,Continue Button,2,object-7,instructions,,,,,,
4,1728501030898,09/10/2024 19:10:30,1728483030898,-5,09/10/2024 09:10:30,187004,3,task-wzke,repeat-3dmk#3,40526711,BLIND,11824228,,complete,,,computer,Desktop or Laptop,Windows 10,Edge 129.0.0.0,1366x768,1366x653,,,0,Sustained Attention Practice (Clone),4,Inaccurate~Inaccurate~Inaccurate~Inaccurate~Inaccurate~Accurate,2,,Inaccurate~Inaccurate~Accurate,Spreadsheet1,Spreadsheet1,1,instructions,Screen 3,j5lb3b,3,timedOut,,2999.899999809266,2997.800000000001,2999.899999809266,2999.899999809266,2997.800000000001,2999.899999809266,1,2999.899999809266,0,0,,Time Limit,screen,0,screen,instructions,,,,,,
5,1728501031900,09/10/2024 19:10:31,1728483031900,-5,09/10/2024 09:10:31,187004,3,task-wzke,repeat-3dmk#3,40526711,BLIND,11824228,,complete,,,computer,Desktop or Laptop,Windows 10,Edge 129.0.0.0,1366x768,1366x653,,,0,Sustained Attention Practice (Clone),4,Inaccurate~Inaccurate~Inaccurate~Inaccurate~Inaccurate~Accurate,2,,Inaccurate~Inaccurate~Accurate,Spreadsheet1,Spreadsheet1,1,image,Trials,mxeghn,1,response,J,999.1000000000004,999.1000000000004,999.1000000000004,999.1000000000004,999.1000000000004,999.1000000000004,0,999.1000000000004,0,0,,Time Limit,screen,0,screen,image,F,instr_photo.jpg,#FF69B4,,1000ms,
6,1728501032878,09/10/2024 19:10:32,1728483032878,-5,09/10/2024 09:10:32,187004,3,task-wzke,repeat-3dmk#3,40526711,BLIND,11824228,,complete,,,computer,Desktop or Laptop,Windows 10,Edge 129.0.0.0,1366x768,1366x653,,,0,Sustained Attention Practice (Clone),4,Inaccurate~Inaccurate~Inaccurate~Inaccurate~Inaccurate~Accurate,2,,Inaccurate~Inaccurate~Accurate,Spreadsheet1,Spreadsheet1,1,image,Screen 2,2al84i,2,continue,,499.7000000000007,499.7000000000007,499.7000000000007,499.7000000000007,499.7000000000007,499.7000000000007,1,499.7000000000007,0,0,,Fixation Timing,Fixation,1,object-24,image,F,instr_photo.jpg,#FF69B4,,1000ms,
7,1728501033877,09/10/2024 19:10:33,1728483033877,-5,09/10/2024 09:10:33,187004,3,task-wzke,repeat-3dmk#3,40526711,BLIND,11824228,,complete,,,computer,Desktop or Laptop,Windows 10,Edge 129.0.0.0,1366x768,1366x653,,,0,Sustained Attention Practice (Clone),4,Inaccurate~Inaccurate~Inaccurate~Inaccurate~Inaccurate~Accurate,2,,Inaccurate~Inaccurate~Accurate,Spreadsheet1,Spreadsheet1,2,image,Trials,mxeghn,1,response,J,998.7000000000007,998.7000000000007,998.7000000000007,998.7000000000007,998.7000000000007,998.7000000000007,0,998.7000000000007,0,0,,Time Limit,screen,0,screen,image,F,instr_photo_2.jpg,#DC143C,,1000ms,
8,1728501034861,09/10/2024 19:10:34,1728483034861,-5,09/10/2024 09:10:34,187004,3,task-wzke,repeat-3dmk#3,40526711,BLIND,11824228,,complete,,,computer,Desktop or Laptop,Windows 10,Edge 129.0.0.0,1366x768,1366x653,,,0,Sustained Attention Practice (Clone),4,Inaccurate~Inaccurate~Inaccurate~Inaccurate~Inaccurate~Accurate,2,,Inaccurate~Inaccurate~Accurate,Spreadsheet1,Spreadsheet1,2,image,Screen 2,2al84i,2,continue,,499.7999999999993,499.7999999999993,499.7999999999993,499.7999999999993,499.7999999999993,499.7999999999993,1,499.7999999999993,0,0,,Fixation Timing,Fixation,1,object-24,image,F,instr_photo_2.jpg,#DC143C,,1000ms,
9,1728501035860,09/10/2024 19:10:35,1728483035860,-5,09/10/2024 09:10:35,187004,3,task-wzke,repeat-3dmk#3,40526711,BLIND,11824228,,complete,,,computer,Desktop or Laptop,Windows 10,Edge 129.0.0.0,1366x768,1366x653,,,0,Sustained Attention Practice (Clone),4,Inaccurate~Inaccurate~Inaccurate~Inaccurate~Inaccurate~Accurate,2,,Inaccurate~Inaccurate~Accurate,Spreadsheet1,Spreadsheet1,3,image,Trials,mxeghn,1,response,J,998.4000000000015,998.4000000000015,998.4000000000015,998.4000000000015,998.4000000000015,998.4000000000015,0,998.4000000000015,0,0,,Time Limit,screen,0,screen,image,F,instr_photo_3.jpg,#E2752C,,1000ms,
10,1728501036842,09/10/2024 19:10:36,1728483036842,-5,09/10/2024 09:10:36,187004,3,task-wzke,repeat-3dmk#3,40526711,BLIND,11824228,,complete,,,computer,Desktop or Laptop,Windows 10,Edge 129.0.0.0,1366x768,1366x653,,,0,Sustained Attention Practice (Clone),4,Inaccurate~Inaccurate~Inaccurate~Inaccurate~Inaccurate~Accurate,2,,Inaccurate~Inaccurate~Accurate,Spreadsheet1,Spreadsheet1,3,image,Screen 2,2al84i,2,continue,,500.40000000000146,500.40000000000146,500.40000000000146,500.40000000000146,500.40000000000146,500.40000000000146,1,500.40000000000146,0,0,,Fixation Timing,Fixation,1,object-24,image,F,instr_photo_3.jpg,#E2752C,,1000ms,
11,1728501037306,09/10/2024 19:10:37,1728483037306,-5,09/10/2024 09:10:37,187004,3,task-wzke,repeat-3dmk#3,40526711,BLIND,11824228,,complete,,,computer,Desktop or Laptop,Windows 10,Edge 129.0.0.0,1366x768,1366x653,,,0,Sustained Attention Practice (Clone),4,Inaccurate~Inaccurate~Inaccurate~Inaccurate~Inaccurate~Accurate,2,,Inaccurate~Inaccurate~Accurate,Spreadsheet1,Spreadsheet1,4,image,Trials,mxeghn,1,response,F,465,449.2000000000007,465,465,449.2000000000007,465,0,465,0,0,,Keyboard Response,Keyboard Response,2,object-4,image,J,instr_photo_3.jpg,#DC143C,,1000ms,
12,1728501038290,09/10/2024 19:10:38,1728483038290,-5,09/10/2024 09:10:38,187004,3,task-wzke,repeat-3dmk#3,40526711,BLIND,11824228,,complete,,,computer,Desktop or Laptop,Windows 10,Edge 129.0.0.0,1366x768,1366x653,,,0,Sustained Attention Practice (Clone),4,Inaccurate~Inaccurate~Inaccurate~Inaccurate~Inaccurate~Accurate,2,,Inaccurate~Inaccurate~Accurate,Spreadsheet1,Spreadsheet1,4,image,Screen 2,2al84i,2,continue,,499.7000000000007,499.7000000000007,499.7000000000007,499.7000000000007,499.7000000000007,499.7000000000007,1,499.7000000000007,0,0,,Fixation Timing,Fixation,1,object-24,image,J,instr_photo_3.jpg,#DC143C,,1000ms,
13,1728501039291,09/10/2024 19:10:39,1728483039291,-5,09/10/2024 09:10:39,187004,3,task-wzke,repeat-3dmk#3,40526711,BLIND,11824228,,complete,,,computer,Desktop or Laptop,Windows 10,Edge 129.0.0.0,1366x768,1366x653,,,0,Sustained Attention Practice (Clone),4,Inaccurate~Inaccurate~Inaccurate~Inaccurate~Inaccurate~Accurate,2,,Inaccurate~Inaccurate~Accurate,Spreadsheet1,Spreadsheet1,5,image,Trials,mxeghn,1,response,J,999.2000000000007,999.2000000000007,999.2000000000007,999.2000000000007,999.2000000000007,999.2000000000007,0,999.2000000000007,0,0,,Time Limit,screen,0,screen,image,F,instr_photo_5.jpg,#FF69B4,,1000ms,
14,1728501040272,09/10/2024 19:10:40,1728483040272,-5,09/10/2024 09:10:40,187004,3,task-wzke,repeat-3dmk#3,40526711,BLIND,11824228,,complete,,,computer,Desktop or Laptop,Windows 10,Edge 129.0.0.0,1366x768,1366x653,,,0,Sustained Attention Practice (Clone),4,Inaccurate~Inaccurate~Inaccurate~Inaccurate~Inaccurate~Accurate,2,,Inaccurate~Inaccurate~Accurate,Spreadsheet1,Spreadsheet1,5,image,Screen 2,2al84i,2,continue,,499.2999999999993,499.2999999999993,499.2999999999993,499.2999999999993,499.2999999999993,499.2999999999993,1,499.2999999999993,0,0,,Fixation Timing,Fixation,1,object-24,image,F,instr_photo_5.jpg,#FF69B4,,1000ms,
15,1728501040277,09/10/2024 19:10:40,1728483040277,-5,09/10/2024 09:10:40,187004,3,task-wzke,repeat-3dmk#3,40526711,BLIND,11824228,,complete,,,computer,Desktop or Laptop,Windows 10,Edge 129.0.0.0,1366x768,1366x653,,,0,Sustained Attention Practice (Clone),4,Inaccurate~Inaccurate~Inaccurate~Inaccurate~Inaccurate~Accurate,2,,Inaccurate~Inaccurate~Accurate,Spreadsheet1,Spreadsheet1,,,,,,info,END,,,,,,,0,,,,,,,,,,,,,,,
1,1728501068696,09/10/2024 19:11:08,1728483068696,-5,09/10/2024 09:11:08,187004,3,task-wzke,repeat-3dmk#4,40526737,BLIND,11824228,,complete,,,computer,Desktop or Laptop,Windows 10,Edge 129.0.0.0,1366x768,1366x653,,,0,Sustained Attention Practice (Clone),4,Inaccurate~Inaccurate~Inaccurate~Inaccurate~Inaccurate~Accurate,2,,Inaccurate~Inaccurate~Accurate,Spreadsheet1,Spreadsheet1,,,,,,info,BEGIN,,,,,,,0,,,,,,,,,,,,,,,
2,1728501081714,09/10/2024 19:11:21,1728483081714,-5,09/10/2024 09:11:21,187004,3,task-wzke,repeat-3dmk#4,40526737,BLIND,11824228,,complete,,,computer,Desktop or Laptop,Windows 10,Edge 129.0.0.0,1366x768,1366x653,,,0,Sustained Attention Practice (Clone),4,Inaccurate~Inaccurate~Inaccurate~Inaccurate~Inaccurate~Accurate,2,,Inaccurate~Inaccurate~Accurate,Spreadsheet1,Spreadsheet1,1,instructions,Screen 1,djhvrt,1,continue,,12878.300000047684,12871.199999999999,12878.300000047684,12878.300000047684,12871.199999999999,12878.300000047684,1,12878.300000047684,0,0,,Click To Continue,Continue Button,6,object-20,instructions,,,,,,
3,1728501083556,09/10/2024 19:11:23,1728483083556,-5,09/10/2024 09:11:23,187004,3,task-wzke,repeat-3dmk#4,40526737,BLIND,11824228,,complete,,,computer,Desktop or Laptop,Windows 10,Edge 129.0.0.0,1366x768,1366x653,,,0,Sustained Attention Practice (Clone),4,Inaccurate~Inaccurate~Inaccurate~Inaccurate~Inaccurate~Accurate,2,,Inaccurate~Inaccurate~Accurate,Spreadsheet1,Spreadsheet1,1,instructions,Screen 2,1kaj8e,2,continue,,1848.499999904634,1832.2000000000007,1848.499999904634,1848.499999904634,1832.2000000000007,1848.499999904634,1,1848.499999904634,0,0,,Click To Continue,Continue Button,2,object-7,instructions,,,,,,
4,1728501086538,09/10/2024 19:11:26,1728483086538,-5,09/10/2024 09:11:26,187004,3,task-wzke,repeat-3dmk#4,40526737,BLIND,11824228,,complete,,,computer,Desktop or Laptop,Windows 10,Edge 129.0.0.0,1366x768,1366x653,,,0,Sustained Attention Practice (Clone),4,Inaccurate~Inaccurate~Inaccurate~Inaccurate~Inaccurate~Accurate,2,,Inaccurate~Inaccurate~Accurate,Spreadsheet1,Spreadsheet1,1,instructions,Screen 3,j5lb3b,3,timedOut,,2999.5999998569496,2997.2000000000007,2999.5999998569496,2999.5999998569496,2997.2000000000007,2999.5999998569496,1,2999.5999998569496,0,0,,Time Limit,screen,0,screen,instructions,,,,,,
5,1728501087540,09/10/2024 19:11:27,1728483087540,-5,09/10/2024 09:11:27,187004,3,task-wzke,repeat-3dmk#4,40526737,BLIND,11824228,,complete,,,computer,Desktop or Laptop,Windows 10,Edge 129.0.0.0,1366x768,1366x653,,,0,Sustained Attention Practice (Clone),4,Inaccurate~Inaccurate~Inaccurate~Inaccurate~Inaccurate~Accurate,2,,Inaccurate~Inaccurate~Accurate,Spreadsheet1,Spreadsheet1,1,image,Trials,mxeghn,1,response,J,999,999,999,999,999,999,0,999,0,0,,Time Limit,screen,0,screen,image,F,instr_photo.jpg,#FF69B4,,1000ms,
6,1728501088518,09/10/2024 19:11:28,1728483088518,-5,09/10/2024 09:11:28,187004,3,task-wzke,repeat-3dmk#4,40526737,BLIND,11824228,,complete,,,computer,Desktop or Laptop,Windows 10,Edge 129.0.0.0,1366x768,1366x653,,,0,Sustained Attention Practice (Clone),4,Inaccurate~Inaccurate~Inaccurate~Inaccurate~Inaccurate~Accurate,2,,Inaccurate~Inaccurate~Accurate,Spreadsheet1,Spreadsheet1,1,image,Screen 2,2al84i,2,continue,,499.1000000000022,499.1000000000022,499.1000000000022,499.1000000000022,499.1000000000022,499.1000000000022,1,499.1000000000022,0,0,,Fixation Timing,Fixation,1,object-24,image,F,instr_photo.jpg,#FF69B4,,1000ms,
7,1728501089014,09/10/2024 19:11:29,1728483089014,-5,09/10/2024 09:11:29,187004,3,task-wzke,repeat-3dmk#4,40526737,BLIND,11824228,,complete,,,computer,Desktop or Laptop,Windows 10,Edge 129.0.0.0,1366x768,1366x653,,,0,Sustained Attention Practice (Clone),4,Inaccurate~Inaccurate~Inaccurate~Inaccurate~Inaccurate~Accurate,2,,Inaccurate~Inaccurate~Accurate,Spreadsheet1,Spreadsheet1,2,image,Trials,mxeghn,1,response,F,492.500000047683,483,492.500000047683,492.500000047683,483,492.500000047683,1,492.500000047683,0,0,,Keyboard Response,Keyboard Response,2,object-4,image,F,instr_photo_2.jpg,#DC143C,,1000ms,
8,1728501090001,09/10/2024 19:11:30,1728483090001,-5,09/10/2024 09:11:30,187004,3,task-wzke,repeat-3dmk#4,40526737,BLIND,11824228,,complete,,,computer,Desktop or Laptop,Windows 10,Edge 129.0.0.0,1366x768,1366x653,,,0,Sustained Attention Practice (Clone),4,Inaccurate~Inaccurate~Inaccurate~Inaccurate~Inaccurate~Accurate,2,,Inaccurate~Inaccurate~Accurate,Spreadsheet1,Spreadsheet1,2,image,Screen 2,2al84i,2,continue,,499.40000000000146,499.40000000000146,499.40000000000146,499.40000000000146,499.40000000000146,499.40000000000146,1,499.40000000000146,0,0,,Fixation Timing,Fixation,1,object-24,image,F,instr_photo_2.jpg,#DC143C,,1000ms,
9,1728501091002,09/10/2024 19:11:31,1728483091002,-5,09/10/2024 09:11:31,187004,3,task-wzke,repeat-3dmk#4,40526737,BLIND,11824228,,complete,,,computer,Desktop or Laptop,Windows 10,Edge 129.0.0.0,1366x768,1366x653,,,0,Sustained Attention Practice (Clone),4,Inaccurate~Inaccurate~Inaccurate~Inaccurate~Inaccurate~Accurate,2,,Inaccurate~Inaccurate~Accurate,Spreadsheet1,Spreadsheet1,3,image,Trials,mxeghn,1,response,J,999.2000000000007,999.2000000000007,999.2000000000007,999.2000000000007,999.2000000000007,999.2000000000007,0,999.2000000000007,0,0,,Time Limit,screen,0,screen,image,F,instr_photo_3.jpg,#E2752C,,1000ms,
10,1728501091982,09/10/2024 19:11:31,1728483091982,-5,09/10/2024 09:11:31,187004,3,task-wzke,repeat-3dmk#4,40526737,BLIND,11824228,,complete,,,computer,Desktop or Laptop,Windows 10,Edge 129.0.0.0,1366x768,1366x653,,,0,Sustained Attention Practice (Clone),4,Inaccurate~Inaccurate~Inaccurate~Inaccurate~Inaccurate~Accurate,2,,Inaccurate~Inaccurate~Accurate,Spreadsheet1,Spreadsheet1,3,image,Screen 2,2al84i,2,continue,,499.40000000000146,499.40000000000146,499.40000000000146,499.40000000000146,499.40000000000146,499.40000000000146,1,499.40000000000146,0,0,,Fixation Timing,Fixation,1,object-24,image,F,instr_photo_3.jpg,#E2752C,,1000ms,
11,1728501092984,09/10/2024 19:11:32,1728483092984,-5,09/10/2024 09:11:32,187004,3,task-wzke,repeat-3dmk#4,40526737,BLIND,11824228,,complete,,,computer,Desktop or Laptop,Windows 10,Edge 129.0.0.0,1366x768,1366x653,,,0,Sustained Attention Practice (Clone),4,Inaccurate~Inaccurate~Inaccurate~Inaccurate~Inaccurate~Accurate,2,,Inaccurate~Inaccurate~Accurate,Spreadsheet1,Spreadsheet1,4,image,Trials,mxeghn,1,response,J,998.8999999999978,998.8999999999978,998.8999999999978,998.8999999999978,998.8999999999978,998.8999999999978,1,998.8999999999978,0,0,,Time Limit,screen,0,screen,image,J,instr_photo_3.jpg,#DC143C,,1000ms,
12,1728501093962,09/10/2024 19:11:33,1728483093962,-5,09/10/2024 09:11:33,187004,3,task-wzke,repeat-3dmk#4,40526737,BLIND,11824228,,complete,,,computer,Desktop or Laptop,Windows 10,Edge 129.0.0.0,1366x768,1366x653,,,0,Sustained Attention Practice (Clone),4,Inaccurate~Inaccurate~Inaccurate~Inaccurate~Inaccurate~Accurate,2,,Inaccurate~Inaccurate~Accurate,Spreadsheet1,Spreadsheet1,4,image,Screen 2,2al84i,2,continue,,499.40000000000146,499.40000000000146,499.40000000000146,499.40000000000146,499.40000000000146,499.40000000000146,1,499.40000000000146,0,0,,Fixation Timing,Fixation,1,object-24,image,J,instr_photo_3.jpg,#DC143C,,1000ms,
13,1728501094961,09/10/2024 19:11:34,1728483094961,-5,09/10/2024 09:11:34,187004,3,task-wzke,repeat-3dmk#4,40526737,BLIND,11824228,,complete,,,computer,Desktop or Laptop,Windows 10,Edge 129.0.0.0,1366x768,1366x653,,,0,Sustained Attention Practice (Clone),4,Inaccurate~Inaccurate~Inaccurate~Inaccurate~Inaccurate~Accurate,2,,Inaccurate~Inaccurate~Accurate,Spreadsheet1,Spreadsheet1,5,image,Trials,mxeghn,1,response,J,999,999,999,999,999,999,0,999,0,0,,Time Limit,screen,0,screen,image,F,instr_photo_5.jpg,#FF69B4,,1000ms,
14,1728501095943,09/10/2024 19:11:35,1728483095943,-5,09/10/2024 09:11:35,187004,3,task-wzke,repeat-3dmk#4,40526737,BLIND,11824228,,complete,,,computer,Desktop or Laptop,Windows 10,Edge 129.0.0.0,1366x768,1366x653,,,0,Sustained Attention Practice (Clone),4,Inaccurate~Inaccurate~Inaccurate~Inaccurate~Inaccurate~Accurate,2,,Inaccurate~Inaccurate~Accurate,Spreadsheet1,Spreadsheet1,5,image,Screen 2,2al84i,2,continue,,499.50000000000364,499.50000000000364,499.50000000000364,499.50000000000364,499.50000000000364,499.50000000000364,1,499.50000000000364,0,0,,Fixation Timing,Fixation,1,object-24,image,F,instr_photo_5.jpg,#FF69B4,,1000ms,
15,1728501095944,09/10/2024 19:11:35,1728483095944,-5,09/10/2024 09:11:35,187004,3,task-wzke,repeat-3dmk#4,40526737,BLIND,11824228,,complete,,,computer,Desktop or Laptop,Windows 10,Edge 129.0.0.0,1366x768,1366x653,,,0,Sustained Attention Practice (Clone),4,Inaccurate~Inaccurate~Inaccurate~Inaccurate~Inaccurate~Accurate,2,,Inaccurate~Inaccurate~Accurate,Spreadsheet1,Spreadsheet1,,,,,,info,END,,,,,,,0,,,,,,,,,,,,,,,
1,1728501090253,09/10/2024 19:11:30,1728486690253,-4,09/10/2024 11:11:30,187004,3,task-wzke,repeat-3dmk#1,40526757,BLIND,11824247,,complete,,,computer,Desktop or Laptop,Windows 10,Chrome 129.0.0.0,1536x864,1536x738,,,0,Sustained Attention Practice (Clone),4,Inaccurate~Accurate,1,Inaccurate~Inaccurate~Inaccurate~Accurate,,Spreadsheet1,Spreadsheet1,,,,,,info,BEGIN,,,,,,,0,,,,,,,,,,,,,,,
2,1728501117211,09/10/2024 19:11:57,1728486717211,-4,09/10/2024 11:11:57,187004,3,task-wzke,repeat-3dmk#1,40526757,BLIND,11824247,,complete,,,computer,Desktop or Laptop,Windows 10,Chrome 129.0.0.0,1536x864,1536x738,,,0,Sustained Attention Practice (Clone),4,Inaccurate~Accurate,1,Inaccurate~Inaccurate~Inaccurate~Accurate,,Spreadsheet1,Spreadsheet1,1,instructions,Screen 1,djhvrt,1,continue,,26729.300000005962,26720.300000000003,26729.300000005962,26729.300000005962,26720.300000000003,26729.300000005962,1,26729.300000005962,0,0,,Click To Continue,Continue Button,6,object-20,instructions,,,,,,
3,1728501120504,09/10/2024 19:12:00,1728486720504,-4,09/10/2024 11:12:00,187004,3,task-wzke,repeat-3dmk#1,40526757,BLIND,11824247,,complete,,,computer,Desktop or Laptop,Windows 10,Chrome 129.0.0.0,1536x864,1536x738,,,0,Sustained Attention Practice (Clone),4,Inaccurate~Accurate,1,Inaccurate~Inaccurate~Inaccurate~Accurate,,Spreadsheet1,Spreadsheet1,1,instructions,Screen 2,1kaj8e,2,continue,,3301.2999999880776,3298.2999999999956,3301.2999999880776,3301.2999999880776,3298.2999999999956,3301.2999999880776,1,3301.2999999880776,0,0,,Click To Continue,Continue Button,2,object-7,instructions,,,,,,
4,1728501123499,09/10/2024 19:12:03,1728486723499,-4,09/10/2024 11:12:03,187004,3,task-wzke,repeat-3dmk#1,40526757,BLIND,11824247,,complete,,,computer,Desktop or Laptop,Windows 10,Chrome 129.0.0.0,1536x864,1536x738,,,0,Sustained Attention Practice (Clone),4,Inaccurate~Accurate,1,Inaccurate~Inaccurate~Inaccurate~Accurate,,Spreadsheet1,Spreadsheet1,1,instructions,Screen 3,j5lb3b,3,timedOut,,2999.2000000059634,2998.4000000000015,2999.2000000059634,2999.2000000059634,2998.4000000000015,2999.2000000059634,1,2999.2000000059634,0,0,,Time Limit,screen,0,screen,instructions,,,,,,
5,1728501124500,09/10/2024 19:12:04,1728486724500,-4,09/10/2024 11:12:04,187004,3,task-wzke,repeat-3dmk#1,40526757,BLIND,11824247,,complete,,,computer,Desktop or Laptop,Windows 10,Chrome 129.0.0.0,1536x864,1536x738,,,0,Sustained Attention Practice (Clone),4,Inaccurate~Accurate,1,Inaccurate~Inaccurate~Inaccurate~Accurate,,Spreadsheet1,Spreadsheet1,1,image,Trials,mxeghn,1,response,J,999.5,999.5,999.5,999.5,999.5,999.5,0,999.5,0,0,,Time Limit,screen,0,screen,image,F,instr_photo.jpg,#FF69B4,,1000ms,
6,1728501125482,09/10/2024 19:12:05,1728486725482,-4,09/10/2024 11:12:05,187004,3,task-wzke,repeat-3dmk#1,40526757,BLIND,11824247,,complete,,,computer,Desktop or Laptop,Windows 10,Chrome 129.0.0.0,1536x864,1536x738,,,0,Sustained Attention Practice (Clone),4,Inaccurate~Accurate,1,Inaccurate~Inaccurate~Inaccurate~Accurate,,Spreadsheet1,Spreadsheet1,1,image,Screen 2,2al84i,2,continue,,499.90000000000146,499.90000000000146,499.90000000000146,499.90000000000146,499.90000000000146,499.90000000000146,1,499.90000000000146,0,0,,Fixation Timing,Fixation,1,object-24,image,F,instr_photo.jpg,#FF69B4,,1000ms,
7,1728501126112,09/10/2024 19:12:06,1728486726112,-4,09/10/2024 11:12:06,187004,3,task-wzke,repeat-3dmk#1,40526757,BLIND,11824247,,complete,,,computer,Desktop or Laptop,Windows 10,Chrome 129.0.0.0,1536x864,1536x738,,,0,Sustained Attention Practice (Clone),4,Inaccurate~Accurate,1,Inaccurate~Inaccurate~Inaccurate~Accurate,,Spreadsheet1,Spreadsheet1,2,image,Trials,mxeghn,1,response,F,630.5999999880805,616.4000000000015,630.5999999880805,630.5999999880805,616.4000000000015,630.5999999880805,1,630.5999999880805,0,0,,Keyboard Response,Keyboard Response,2,object-4,image,F,instr_photo_2.jpg,#DC143C,,1000ms,
8,1728501127097,09/10/2024 19:12:07,1728486727097,-4,09/10/2024 11:12:07,187004,3,task-wzke,repeat-3dmk#1,40526757,BLIND,11824247,,complete,,,computer,Desktop or Laptop,Windows 10,Chrome 129.0.0.0,1536x864,1536x738,,,0,Sustained Attention Practice (Clone),4,Inaccurate~Accurate,1,Inaccurate~Inaccurate~Inaccurate~Accurate,,Spreadsheet1,Spreadsheet1,2,image,Screen 2,2al84i,2,continue,,499.59999999999854,499.59999999999854,499.59999999999854,499.59999999999854,499.59999999999854,499.59999999999854,1,499.59999999999854,0,0,,Fixation Timing,Fixation,1,object-24,image,F,instr_photo_2.jpg,#DC143C,,1000ms,
9,1728501127768,09/10/2024 19:12:07,1728486727768,-4,09/10/2024 11:12:07,187004,3,task-wzke,repeat-3dmk#1,40526757,BLIND,11824247,,complete,,,computer,Desktop or Laptop,Windows 10,Chrome 129.0.0.0,1536x864,1536x738,,,0,Sustained Attention Practice (Clone),4,Inaccurate~Accurate,1,Inaccurate~Inaccurate~Inaccurate~Accurate,,Spreadsheet1,Spreadsheet1,3,image,Trials,mxeghn,1,response,F,670.500000005959,666.4000000000015,670.500000005959,670.500000005959,666.4000000000015,670.500000005959,1,670.500000005959,0,0,,Keyboard Response,Keyboard Response,2,object-4,image,F,instr_photo_3.jpg,#E2752C,,1000ms,
10,1728501128763,09/10/2024 19:12:08,1728486728763,-4,09/10/2024 11:12:08,187004,3,task-wzke,repeat-3dmk#1,40526757,BLIND,11824247,,complete,,,computer,Desktop or Laptop,Windows 10,Chrome 129.0.0.0,1536x864,1536x738,,,0,Sustained Attention Practice (Clone),4,Inaccurate~Accurate,1,Inaccurate~Inaccurate~Inaccurate~Accurate,,Spreadsheet1,Spreadsheet1,3,image,Screen 2,2al84i,2,continue,,499.90000000000146,499.90000000000146,499.90000000000146,499.90000000000146,499.90000000000146,499.90000000000146,1,499.90000000000146,0,0,,Fixation Timing,Fixation,1,object-24,image,F,instr_photo_3.jpg,#E2752C,,1000ms,
11,1728501129763,09/10/2024 19:12:09,1728486729763,-4,09/10/2024 11:12:09,187004,3,task-wzke,repeat-3dmk#1,40526757,BLIND,11824247,,complete,,,computer,Desktop or Laptop,Windows 10,Chrome 129.0.0.0,1536x864,1536x738,,,0,Sustained Attention Practice (Clone),4,Inaccurate~Accurate,1,Inaccurate~Inaccurate~Inaccurate~Accurate,,Spreadsheet1,Spreadsheet1,4,image,Trials,mxeghn,1,response,J,999.4000000000015,999.4000000000015,999.4000000000015,999.4000000000015,999.4000000000015,999.4000000000015,1,999.4000000000015,0,0,,Time Limit,screen,0,screen,image,J,instr_photo_3.jpg,#DC143C,,1000ms,
12,1728501130745,09/10/2024 19:12:10,1728486730745,-4,09/10/2024 11:12:10,187004,3,task-wzke,repeat-3dmk#1,40526757,BLIND,11824247,,complete,,,computer,Desktop or Laptop,Windows 10,Chrome 129.0.0.0,1536x864,1536x738,,,0,Sustained Attention Practice (Clone),4,Inaccurate~Accurate,1,Inaccurate~Inaccurate~Inaccurate~Accurate,,Spreadsheet1,Spreadsheet1,4,image,Screen 2,2al84i,2,continue,,499.79999999999563,499.79999999999563,499.79999999999563,499.79999999999563,499.79999999999563,499.79999999999563,1,499.79999999999563,0,0,,Fixation Timing,Fixation,1,object-24,image,J,instr_photo_3.jpg,#DC143C,,1000ms,
13,1728501131420,09/10/2024 19:12:11,1728486731420,-4,09/10/2024 11:12:11,187004,3,task-wzke,repeat-3dmk#1,40526757,BLIND,11824247,,complete,,,computer,Desktop or Laptop,Windows 10,Chrome 129.0.0.0,1536x864,1536x738,,,0,Sustained Attention Practice (Clone),4,Inaccurate~Accurate,1,Inaccurate~Inaccurate~Inaccurate~Accurate,,Spreadsheet1,Spreadsheet1,5,image,Trials,mxeghn,1,response,F,675.0999999880805,666.3000000000029,675.0999999880805,675.0999999880805,666.3000000000029,675.0999999880805,1,675.0999999880805,0,0,,Keyboard Response,Keyboard Response,2,object-4,image,F,instr_photo_5.jpg,#FF69B4,,1000ms,
14,1728501132411,09/10/2024 19:12:12,1728486732411,-4,09/10/2024 11:12:12,187004,3,task-wzke,repeat-3dmk#1,40526757,BLIND,11824247,,complete,,,computer,Desktop or Laptop,Windows 10,Chrome 129.0.0.0,1536x864,1536x738,,,0,Sustained Attention Practice (Clone),4,Inaccurate~Accurate,1,Inaccurate~Inaccurate~Inaccurate~Accurate,,Spreadsheet1,Spreadsheet1,5,image,Screen 2,2al84i,2,continue,,499.70000000000437,499.70000000000437,499.70000000000437,499.70000000000437,499.70000000000437,499.70000000000437,1,499.70000000000437,0,0,,Fixation Timing,Fixation,1,object-24,image,F,instr_photo_5.jpg,#FF69B4,,1000ms,
15,1728501132412,09/10/2024 19:12:12,1728486732412,-4,09/10/2024 11:12:12,187004,3,task-wzke,repeat-3dmk#1,40526757,BLIND,11824247,,complete,,,computer,Desktop or Laptop,Windows 10,Chrome 129.0.0.0,1536x864,1536x738,,,0,Sustained Attention Practice (Clone),4,Inaccurate~Accurate,1,Inaccurate~Inaccurate~Inaccurate~Accurate,,Spreadsheet1,Spreadsheet1,,,,,,info,END,,,,,,,0,,,,,,,,,,,,,,,
1,1728501145138,09/10/2024 19:12:25,1728486745138,-4,09/10/2024 11:12:25,187004,3,task-wzke,repeat-3dmk#2,40526782,BLIND,11824247,,complete,,,computer,Desktop or Laptop,Windows 10,Chrome 129.0.0.0,1536x864,1536x738,,,0,Sustained Attention Practice (Clone),4,Inaccurate~Accurate,1,Inaccurate~Inaccurate~Inaccurate~Accurate,,Spreadsheet1,Spreadsheet1,,,,,,info,BEGIN,,,,,,,0,,,,,,,,,,,,,,,
2,1728501147498,09/10/2024 19:12:27,1728486747498,-4,09/10/2024 11:12:27,187004,3,task-wzke,repeat-3dmk#2,40526782,BLIND,11824247,,complete,,,computer,Desktop or Laptop,Windows 10,Chrome 129.0.0.0,1536x864,1536x738,,,0,Sustained Attention Practice (Clone),4,Inaccurate~Accurate,1,Inaccurate~Inaccurate~Inaccurate~Accurate,,Spreadsheet1,Spreadsheet1,1,instructions,Screen 1,djhvrt,1,continue,,2310.499999976158,2298.9999999999995,2310.499999976158,2310.499999976158,2298.9999999999995,2310.499999976158,1,2310.499999976158,0,0,,Click To Continue,Continue Button,6,object-20,instructions,,,,,,
3,1728501149556,09/10/2024 19:12:29,1728486749556,-4,09/10/2024 11:12:29,187004,3,task-wzke,repeat-3dmk#2,40526782,BLIND,11824247,,complete,,,computer,Desktop or Laptop,Windows 10,Chrome 129.0.0.0,1536x864,1536x738,,,0,Sustained Attention Practice (Clone),4,Inaccurate~Accurate,1,Inaccurate~Inaccurate~Inaccurate~Accurate,,Spreadsheet1,Spreadsheet1,1,instructions,Screen 2,1kaj8e,2,continue,,2069.6000000000004,2065.6000000000004,2069.6000000000004,2069.6000000000004,2065.6000000000004,2069.6000000000004,1,2069.6000000000004,0,0,,Click To Continue,Continue Button,2,object-7,instructions,,,,,,
4,1728501152551,09/10/2024 19:12:32,1728486752551,-4,09/10/2024 11:12:32,187004,3,task-wzke,repeat-3dmk#2,40526782,BLIND,11824247,,complete,,,computer,Desktop or Laptop,Windows 10,Chrome 129.0.0.0,1536x864,1536x738,,,0,Sustained Attention Practice (Clone),4,Inaccurate~Accurate,1,Inaccurate~Inaccurate~Inaccurate~Accurate,,Spreadsheet1,Spreadsheet1,1,instructions,Screen 3,j5lb3b,3,timedOut,,2998.7999999821186,2998.5,2998.7999999821186,2998.7999999821186,2998.5,2998.7999999821186,1,2998.7999999821186,0,0,,Time Limit,screen,0,screen,instructions,,,,,,
5,1728501152912,09/10/2024 19:12:32,1728486752912,-4,09/10/2024 11:12:32,187004,3,task-wzke,repeat-3dmk#2,40526782,BLIND,11824247,,complete,,,computer,Desktop or Laptop,Windows 10,Chrome 129.0.0.0,1536x864,1536x738,,,0,Sustained Attention Practice (Clone),4,Inaccurate~Accurate,1,Inaccurate~Inaccurate~Inaccurate~Accurate,,Spreadsheet1,Spreadsheet1,1,image,Trials,mxeghn,1,response,F,360.59999999403954,349.7999999999993,360.59999999403954,360.59999999403954,349.7999999999993,360.59999999403954,1,360.59999999403954,0,0,,Keyboard Response,Keyboard Response,2,object-4,image,F,instr_photo.jpg,#FF69B4,,1000ms,
6,1728501153901,09/10/2024 19:12:33,1728486753901,-4,09/10/2024 11:12:33,187004,3,task-wzke,repeat-3dmk#2,40526782,BLIND,11824247,,complete,,,computer,Desktop or Laptop,Windows 10,Chrome 129.0.0.0,1536x864,1536x738,,,0,Sustained Attention Practice (Clone),4,Inaccurate~Accurate,1,Inaccurate~Inaccurate~Inaccurate~Accurate,,Spreadsheet1,Spreadsheet1,1,image,Screen 2,2al84i,2,continue,,499.7999999999993,499.7999999999993,499.7999999999993,499.7999999999993,499.7999999999993,499.7999999999993,1,499.7999999999993,0,0,,Fixation Timing,Fixation,1,object-24,image,F,instr_photo.jpg,#FF69B4,,1000ms,
7,1728501154382,09/10/2024 19:12:34,1728486754382,-4,09/10/2024 11:12:34,187004,3,task-wzke,repeat-3dmk#2,40526782,BLIND,11824247,,complete,,,computer,Desktop or Laptop,Windows 10,Chrome 129.0.0.0,1536x864,1536x738,,,0,Sustained Attention Practice (Clone),4,Inaccurate~Accurate,1,Inaccurate~Inaccurate~Inaccurate~Accurate,,Spreadsheet1,Spreadsheet1,2,image,Trials,mxeghn,1,response,F,480.3999999880798,466.5,480.3999999880798,480.3999999880798,466.5,480.3999999880798,1,480.3999999880798,0,0,,Keyboard Response,Keyboard Response,2,object-4,image,F,instr_photo_2.jpg,#DC143C,,1000ms,
8,1728501155366,09/10/2024 19:12:35,1728486755366,-4,09/10/2024 11:12:35,187004,3,task-wzke,repeat-3dmk#2,40526782,BLIND,11824247,,complete,,,computer,Desktop or Laptop,Windows 10,Chrome 129.0.0.0,1536x864,1536x738,,,0,Sustained Attention Practice (Clone),4,Inaccurate~Accurate,1,Inaccurate~Inaccurate~Inaccurate~Accurate,,Spreadsheet1,Spreadsheet1,2,image,Screen 2,2al84i,2,continue,,499.7000000000007,499.7000000000007,499.7000000000007,499.7000000000007,499.7000000000007,499.7000000000007,1,499.7000000000007,0,0,,Fixation Timing,Fixation,1,object-24,image,F,instr_photo_2.jpg,#DC143C,,1000ms,
9,1728501155849,09/10/2024 19:12:35,1728486755849,-4,09/10/2024 11:12:35,187004,3,task-wzke,repeat-3dmk#2,40526782,BLIND,11824247,,complete,,,computer,Desktop or Laptop,Windows 10,Chrome 129.0.0.0,1536x864,1536x738,,,0,Sustained Attention Practice (Clone),4,Inaccurate~Accurate,1,Inaccurate~Inaccurate~Inaccurate~Accurate,,Spreadsheet1,Spreadsheet1,3,image,Trials,mxeghn,1,response,F,481.99999998807834,466.59999999999854,481.99999998807834,481.99999998807834,466.59999999999854,481.99999998807834,1,481.99999998807834,0,0,,Keyboard Response,Keyboard Response,2,object-4,image,F,instr_photo_3.jpg,#E2752C,,1000ms,
10,1728501156833,09/10/2024 19:12:36,1728486756833,-4,09/10/2024 11:12:36,187004,3,task-wzke,repeat-3dmk#2,40526782,BLIND,11824247,,complete,,,computer,Desktop or Laptop,Windows 10,Chrome 129.0.0.0,1536x864,1536x738,,,0,Sustained Attention Practice (Clone),4,Inaccurate~Accurate,1,Inaccurate~Inaccurate~Inaccurate~Accurate,,Spreadsheet1,Spreadsheet1,3,image,Screen 2,2al84i,2,continue,,499.7999999999993,499.7999999999993,499.7999999999993,499.7999999999993,499.7999999999993,499.7999999999993,1,499.7999999999993,0,0,,Fixation Timing,Fixation,1,object-24,image,F,instr_photo_3.jpg,#E2752C,,1000ms,
11,1728501157832,09/10/2024 19:12:37,1728486757832,-4,09/10/2024 11:12:37,187004,3,task-wzke,repeat-3dmk#2,40526782,BLIND,11824247,,complete,,,computer,Desktop or Laptop,Windows 10,Chrome 129.0.0.0,1536x864,1536x738,,,0,Sustained Attention Practice (Clone),4,Inaccurate~Accurate,1,Inaccurate~Inaccurate~Inaccurate~Accurate,,Spreadsheet1,Spreadsheet1,4,image,Trials,mxeghn,1,response,J,999.3000000000011,999.3000000000011,999.3000000000011,999.3000000000011,999.3000000000011,999.3000000000011,1,999.3000000000011,0,0,,Time Limit,screen,0,screen,image,J,instr_photo_3.jpg,#DC143C,,1000ms,
12,1728501158815,09/10/2024 19:12:38,1728486758815,-4,09/10/2024 11:12:38,187004,3,task-wzke,repeat-3dmk#2,40526782,BLIND,11824247,,complete,,,computer,Desktop or Laptop,Windows 10,Chrome 129.0.0.0,1536x864,1536x738,,,0,Sustained Attention Practice (Clone),4,Inaccurate~Accurate,1,Inaccurate~Inaccurate~Inaccurate~Accurate,,Spreadsheet1,Spreadsheet1,4,image,Screen 2,2al84i,2,continue,,499.60000000000036,499.60000000000036,499.60000000000036,499.60000000000036,499.60000000000036,499.60000000000036,1,499.60000000000036,0,0,,Fixation Timing,Fixation,1,object-24,image,J,instr_photo_3.jpg,#DC143C,,1000ms,
13,1728501159304,09/10/2024 19:12:39,1728486759304,-4,09/10/2024 11:12:39,187004,3,task-wzke,repeat-3dmk#2,40526782,BLIND,11824247,,complete,,,computer,Desktop or Laptop,Windows 10,Chrome 129.0.0.0,1536x864,1536x738,,,0,Sustained Attention Practice (Clone),4,Inaccurate~Accurate,1,Inaccurate~Inaccurate~Inaccurate~Accurate,,Spreadsheet1,Spreadsheet1,5,image,Trials,mxeghn,1,response,F,489.2999999821186,483.2000000000007,489.2999999821186,489.2999999821186,483.2000000000007,489.2999999821186,1,489.2999999821186,0,0,,Keyboard Response,Keyboard Response,2,object-4,image,F,instr_photo_5.jpg,#FF69B4,,1000ms,
14,1728501160298,09/10/2024 19:12:40,1728486760298,-4,09/10/2024 11:12:40,187004,3,task-wzke,repeat-3dmk#2,40526782,BLIND,11824247,,complete,,,computer,Desktop or Laptop,Windows 10,Chrome 129.0.0.0,1536x864,1536x738,,,0,Sustained Attention Practice (Clone),4,Inaccurate~Accurate,1,Inaccurate~Inaccurate~Inaccurate~Accurate,,Spreadsheet1,Spreadsheet1,5,image,Screen 2,2al84i,2,continue,,499.7999999999993,499.7999999999993,499.7999999999993,499.7999999999993,499.7999999999993,499.7999999999993,1,499.7999999999993,0,0,,Fixation Timing,Fixation,1,object-24,image,F,instr_photo_5.jpg,#FF69B4,,1000ms,
15,1728501160299,09/10/2024 19:12:40,1728486760299,-4,09/10/2024 11:12:40,187004,3,task-wzke,repeat-3dmk#2,40526782,BLIND,11824247,,complete,,,computer,Desktop or Laptop,Windows 10,Chrome 129.0.0.0,1536x864,1536x738,,,0,Sustained Attention Practice (Clone),4,Inaccurate~Accurate,1,Inaccurate~Inaccurate~Inaccurate~Accurate,,Spreadsheet1,Spreadsheet1,,,,,,info,END,,,,,,,0,,,,,,,,,,,,,,,
1,1728501162099,09/10/2024 19:12:42,1728483162099,-5,09/10/2024 09:12:42,187004,3,task-wzke,repeat-3dmk#6,40526786,BLIND,11824228,,complete,,,computer,Desktop or Laptop,Windows 10,Edge 129.0.0.0,1366x768,1366x653,,,0,Sustained Attention Practice (Clone),4,Inaccurate~Inaccurate~Inaccurate~Inaccurate~Inaccurate~Accurate,2,,Inaccurate~Inaccurate~Accurate,Spreadsheet1,Spreadsheet1,,,,,,info,BEGIN,,,,,,,0,,,,,,,,,,,,,,,
2,1728501163398,09/10/2024 19:12:43,1728483163398,-5,09/10/2024 09:12:43,187004,3,task-wzke,repeat-3dmk#6,40526786,BLIND,11824228,,complete,,,computer,Desktop or Laptop,Windows 10,Edge 129.0.0.0,1366x768,1366x653,,,0,Sustained Attention Practice (Clone),4,Inaccurate~Inaccurate~Inaccurate~Inaccurate~Inaccurate~Accurate,2,,Inaccurate~Inaccurate~Accurate,Spreadsheet1,Spreadsheet1,1,instructions,Screen 1,djhvrt,1,continue,,1162.5,1149.3000000000002,1162.5,1162.5,1149.3000000000002,1162.5,1,1162.5,0,0,,Click To Continue,Continue Button,6,object-20,instructions,,,,,,
3,1728501166012,09/10/2024 19:12:46,1728483166012,-5,09/10/2024 09:12:46,187004,3,task-wzke,repeat-3dmk#6,40526786,BLIND,11824228,,complete,,,computer,Desktop or Laptop,Windows 10,Edge 129.0.0.0,1366x768,1366x653,,,0,Sustained Attention Practice (Clone),4,Inaccurate~Inaccurate~Inaccurate~Inaccurate~Inaccurate~Accurate,2,,Inaccurate~Inaccurate~Accurate,Spreadsheet1,Spreadsheet1,1,instructions,Screen 2,1kaj8e,2,continue,,2627.9000000476835,2613.999999999999,2627.9000000476835,2627.9000000476835,2613.999999999999,2627.9000000476835,1,2627.9000000476835,0,0,,Click To Continue,Continue Button,2,object-7,instructions,,,,,,
4,1728501168997,09/10/2024 19:12:48,1728483168997,-5,09/10/2024 09:12:48,187004,3,task-wzke,repeat-3dmk#6,40526786,BLIND,11824228,,complete,,,computer,Desktop or Laptop,Windows 10,Edge 129.0.0.0,1366x768,1366x653,,,0,Sustained Attention Practice (Clone),4,Inaccurate~Inaccurate~Inaccurate~Inaccurate~Inaccurate~Accurate,2,,Inaccurate~Inaccurate~Accurate,Spreadsheet1,Spreadsheet1,1,instructions,Screen 3,j5lb3b,3,timedOut,,2998.4000000476844,2997.2000000000007,2998.4000000476844,2998.4000000476844,2997.2000000000007,2998.4000000476844,1,2998.4000000476844,0,0,,Time Limit,screen,0,screen,instructions,,,,,,
5,1728501169444,09/10/2024 19:12:49,1728483169444,-5,09/10/2024 09:12:49,187004,3,task-wzke,repeat-3dmk#6,40526786,BLIND,11824228,,complete,,,computer,Desktop or Laptop,Windows 10,Edge 129.0.0.0,1366x768,1366x653,,,0,Sustained Attention Practice (Clone),4,Inaccurate~Inaccurate~Inaccurate~Inaccurate~Inaccurate~Accurate,2,,Inaccurate~Inaccurate~Accurate,Spreadsheet1,Spreadsheet1,1,image,Trials,mxeghn,1,response,F,443.7999999523163,432.89999999999964,443.7999999523163,443.7999999523163,432.89999999999964,443.7999999523163,1,443.7999999523163,0,0,,Keyboard Response,Keyboard Response,2,object-4,image,F,instr_photo.jpg,#FF69B4,,1000ms,
6,1728501170430,09/10/2024 19:12:50,1728483170430,-5,09/10/2024 09:12:50,187004,3,task-wzke,repeat-3dmk#6,40526786,BLIND,11824228,,complete,,,computer,Desktop or Laptop,Windows 10,Edge 129.0.0.0,1366x768,1366x653,,,0,Sustained Attention Practice (Clone),4,Inaccurate~Inaccurate~Inaccurate~Inaccurate~Inaccurate~Accurate,2,,Inaccurate~Inaccurate~Accurate,Spreadsheet1,Spreadsheet1,1,image,Screen 2,2al84i,2,continue,,499.10000000000036,499.10000000000036,499.10000000000036,499.10000000000036,499.10000000000036,499.10000000000036,1,499.10000000000036,0,0,,Fixation Timing,Fixation,1,object-24,image,F,instr_photo.jpg,#FF69B4,,1000ms,
7,1728501171026,09/10/2024 19:12:51,1728483171026,-5,09/10/2024 09:12:51,187004,3,task-wzke,repeat-3dmk#6,40526786,BLIND,11824228,,complete,,,computer,Desktop or Laptop,Windows 10,Edge 129.0.0.0,1366x768,1366x653,,,0,Sustained Attention Practice (Clone),4,Inaccurate~Inaccurate~Inaccurate~Inaccurate~Inaccurate~Accurate,2,,Inaccurate~Inaccurate~Accurate,Spreadsheet1,Spreadsheet1,2,image,Trials,mxeghn,1,response,F,595.6000001430511,583,595.6000001430511,595.6000001430511,583,595.6000001430511,1,595.6000001430511,0,0,,Keyboard Response,Keyboard Response,2,object-4,image,F,instr_photo_2.jpg,#DC143C,,1000ms,
8,1728501172011,09/10/2024 19:12:52,1728483172011,-5,09/10/2024 09:12:52,187004,3,task-wzke,repeat-3dmk#6,40526786,BLIND,11824228,,complete,,,computer,Desktop or Laptop,Windows 10,Edge 129.0.0.0,1366x768,1366x653,,,0,Sustained Attention Practice (Clone),4,Inaccurate~Inaccurate~Inaccurate~Inaccurate~Inaccurate~Accurate,2,,Inaccurate~Inaccurate~Accurate,Spreadsheet1,Spreadsheet1,2,image,Screen 2,2al84i,2,continue,,499.1999999999989,499.1999999999989,499.1999999999989,499.1999999999989,499.1999999999989,499.1999999999989,1,499.1999999999989,0,0,,Fixation Timing,Fixation,1,object-24,image,F,instr_photo_2.jpg,#DC143C,,1000ms,
9,1728501172634,09/10/2024 19:12:52,1728483172634,-5,09/10/2024 09:12:52,187004,3,task-wzke,repeat-3dmk#6,40526786,BLIND,11824228,,complete,,,computer,Desktop or Laptop,Windows 10,Edge 129.0.0.0,1366x768,1366x653,,,0,Sustained Attention Practice (Clone),4,Inaccurate~Inaccurate~Inaccurate~Inaccurate~Inaccurate~Accurate,2,,Inaccurate~Inaccurate~Accurate,Spreadsheet1,Spreadsheet1,3,image,Trials,mxeghn,1,response,F,622.8000000476841,616.5000000000018,622.8000000476841,622.8000000476841,616.5000000000018,622.8000000476841,1,622.8000000476841,0,0,,Keyboard Response,Keyboard Response,2,object-4,image,F,instr_photo_3.jpg,#E2752C,,1000ms,
10,1728501173626,09/10/2024 19:12:53,1728483173626,-5,09/10/2024 09:12:53,187004,3,task-wzke,repeat-3dmk#6,40526786,BLIND,11824228,,complete,,,computer,Desktop or Laptop,Windows 10,Edge 129.0.0.0,1366x768,1366x653,,,0,Sustained Attention Practice (Clone),4,Inaccurate~Inaccurate~Inaccurate~Inaccurate~Inaccurate~Accurate,2,,Inaccurate~Inaccurate~Accurate,Spreadsheet1,Spreadsheet1,3,image,Screen 2,2al84i,2,continue,,499.5,499.5,499.5,499.5,499.5,499.5,1,499.5,0,0,,Fixation Timing,Fixation,1,object-24,image,F,instr_photo_3.jpg,#E2752C,,1000ms,
11,1728501174628,09/10/2024 19:12:54,1728483174628,-5,09/10/2024 09:12:54,187004,3,task-wzke,repeat-3dmk#6,40526786,BLIND,11824228,,complete,,,computer,Desktop or Laptop,Windows 10,Edge 129.0.0.0,1366x768,1366x653,,,0,Sustained Attention Practice (Clone),4,Inaccurate~Inaccurate~Inaccurate~Inaccurate~Inaccurate~Accurate,2,,Inaccurate~Inaccurate~Accurate,Spreadsheet1,Spreadsheet1,4,image,Trials,mxeghn,1,response,J,999.0999999999985,999.0999999999985,999.0999999999985,999.0999999999985,999.0999999999985,999.0999999999985,1,999.0999999999985,0,0,,Time Limit,screen,0,screen,image,J,instr_photo_3.jpg,#DC143C,,1000ms,
12,1728501175606,09/10/2024 19:12:55,1728483175606,-5,09/10/2024 09:12:55,187004,3,task-wzke,repeat-3dmk#6,40526786,BLIND,11824228,,complete,,,computer,Desktop or Laptop,Windows 10,Edge 129.0.0.0,1366x768,1366x653,,,0,Sustained Attention Practice (Clone),4,Inaccurate~Inaccurate~Inaccurate~Inaccurate~Inaccurate~Accurate,2,,Inaccurate~Inaccurate~Accurate,Spreadsheet1,Spreadsheet1,4,image,Screen 2,2al84i,2,continue,,499,499,499,499,499,499,1,499,0,0,,Fixation Timing,Fixation,1,object-24,image,J,instr_photo_3.jpg,#DC143C,,1000ms,
13,1728501176041,09/10/2024 19:12:56,1728483176041,-5,09/10/2024 09:12:56,187004,3,task-wzke,repeat-3dmk#6,40526786,BLIND,11824228,,complete,,,computer,Desktop or Laptop,Windows 10,Edge 129.0.0.0,1366x768,1366x653,,,0,Sustained Attention Practice (Clone),4,Inaccurate~Inaccurate~Inaccurate~Inaccurate~Inaccurate~Accurate,2,,Inaccurate~Inaccurate~Accurate,Spreadsheet1,Spreadsheet1,5,image,Trials,mxeghn,1,response,F,433.6000000000058,416.8000000000029,433.6000000000058,433.6000000000058,416.8000000000029,433.6000000000058,1,433.6000000000058,0,0,,Keyboard Response,Keyboard Response,2,object-4,image,F,instr_photo_5.jpg,#FF69B4,,1000ms,
14,1728501177023,09/10/2024 19:12:57,1728483177023,-5,09/10/2024 09:12:57,187004,3,task-wzke,repeat-3dmk#6,40526786,BLIND,11824228,,complete,,,computer,Desktop or Laptop,Windows 10,Edge 129.0.0.0,1366x768,1366x653,,,0,Sustained Attention Practice (Clone),4,Inaccurate~Inaccurate~Inaccurate~Inaccurate~Inaccurate~Accurate,2,,Inaccurate~Inaccurate~Accurate,Spreadsheet1,Spreadsheet1,5,image,Screen 2,2al84i,2,continue,,499.3999999999978,499.3999999999978,499.3999999999978,499.3999999999978,499.3999999999978,499.3999999999978,1,499.3999999999978,0,0,,Fixation Timing,Fixation,1,object-24,image,F,instr_photo_5.jpg,#FF69B4,,1000ms,
15,1728501177027,09/10/2024 19:12:57,1728483177027,-5,09/10/2024 09:12:57,187004,3,task-wzke,repeat-3dmk#6,40526786,BLIND,11824228,,complete,,,computer,Desktop or Laptop,Windows 10,Edge 129.0.0.0,1366x768,1366x653,,,0,Sustained Attention Practice (Clone),4,Inaccurate~Inaccurate~Inaccurate~Inaccurate~Inaccurate~Accurate,2,,Inaccurate~Inaccurate~Accurate,Spreadsheet1,Spreadsheet1,,,,,,info,END,,,,,,,0,,,,,,,,,,,,,,,
1,1728506494953,09/10/2024 20:41:34,1728481294953,-7,09/10/2024 06:41:34,187004,3,task-wzke,repeat-3dmk#1,40528394,BLIND,11824685,,complete,,,computer,Desktop or Laptop,Chromium OS 14541.0.0,Chrome 126.0.0.0,1366x768,1366x633,,,0,Sustained Attention Practice (Clone),4,Accurate,2,,Inaccurate~Accurate,Spreadsheet1,Spreadsheet1,,,,,,info,BEGIN,,,,,,,0,,,,,,,,,,,,,,,
2,1728506516895,09/10/2024 20:41:56,1728481316895,-7,09/10/2024 06:41:56,187004,3,task-wzke,repeat-3dmk#1,40528394,BLIND,11824685,,complete,,,computer,Desktop or Laptop,Chromium OS 14541.0.0,Chrome 126.0.0.0,1366x768,1366x633,,,0,Sustained Attention Practice (Clone),4,Accurate,2,,Inaccurate~Accurate,Spreadsheet1,Spreadsheet1,1,instructions,Screen 1,djhvrt,1,continue,,21665.5,21648.9,21665.5,21665.5,21648.9,21665.5,1,21665.5,0,0,,Click To Continue,Continue Button,6,object-20,instructions,,,,,,
3,1728506521578,09/10/2024 20:42:01,1728481321578,-7,09/10/2024 06:42:01,187004,3,task-wzke,repeat-3dmk#1,40528394,BLIND,11824685,,complete,,,computer,Desktop or Laptop,Chromium OS 14541.0.0,Chrome 126.0.0.0,1366x768,1366x633,,,0,Sustained Attention Practice (Clone),4,Accurate,2,,Inaccurate~Accurate,Spreadsheet1,Spreadsheet1,1,instructions,Screen 2,1kaj8e,2,continue,,4703.699999999953,4699.700000000001,4703.699999999953,4703.699999999953,4699.700000000001,4703.699999999953,1,4703.699999999953,0,0,,Click To Continue,Continue Button,2,object-7,instructions,,,,,,
4,1728506524574,09/10/2024 20:42:04,1728481324574,-7,09/10/2024 06:42:04,187004,3,task-wzke,repeat-3dmk#1,40528394,BLIND,11824685,,complete,,,computer,Desktop or Laptop,Chromium OS 14541.0.0,Chrome 126.0.0.0,1366x768,1366x633,,,0,Sustained Attention Practice (Clone),4,Accurate,2,,Inaccurate~Accurate,Spreadsheet1,Spreadsheet1,1,instructions,Screen 3,j5lb3b,3,timedOut,,3001.8999999998596,3000,3001.8999999998596,3001.8999999998596,3000,3001.8999999998596,1,3001.8999999998596,0,0,,Time Limit,screen,0,screen,instructions,,,,,,
5,1728506525051,09/10/2024 20:42:05,1728481325051,-7,09/10/2024 06:42:05,187004,3,task-wzke,repeat-3dmk#1,40528394,BLIND,11824685,,complete,,,computer,Desktop or Laptop,Chromium OS 14541.0.0,Chrome 126.0.0.0,1366x768,1366x633,,,0,Sustained Attention Practice (Clone),4,Accurate,2,,Inaccurate~Accurate,Spreadsheet1,Spreadsheet1,1,image,Trials,mxeghn,1,response,F,473.8999999998596,466.59999999999854,473.8999999998596,473.8999999998596,466.59999999999854,473.8999999998596,1,473.8999999998596,0,0,,Keyboard Response,Keyboard Response,2,object-4,image,F,instr_photo.jpg,#FF69B4,,1000ms,
6,1728506526041,09/10/2024 20:42:06,1728481326041,-7,09/10/2024 06:42:06,187004,3,task-wzke,repeat-3dmk#1,40528394,BLIND,11824685,,complete,,,computer,Desktop or Laptop,Chromium OS 14541.0.0,Chrome 126.0.0.0,1366x768,1366x633,,,0,Sustained Attention Practice (Clone),4,Accurate,2,,Inaccurate~Accurate,Spreadsheet1,Spreadsheet1,1,image,Screen 2,2al84i,2,continue,,500,500,500,500,500,500,1,500,0,0,,Fixation Timing,Fixation,1,object-24,image,F,instr_photo.jpg,#FF69B4,,1000ms,
7,1728506526582,09/10/2024 20:42:06,1728481326582,-7,09/10/2024 06:42:06,187004,3,task-wzke,repeat-3dmk#1,40528394,BLIND,11824685,,complete,,,computer,Desktop or Laptop,Chromium OS 14541.0.0,Chrome 126.0.0.0,1366x768,1366x633,,,0,Sustained Attention Practice (Clone),4,Accurate,2,,Inaccurate~Accurate,Spreadsheet1,Spreadsheet1,2,image,Trials,mxeghn,1,response,F,541.3999999999505,533.2999999999956,541.3999999999505,541.3999999999505,533.2999999999956,541.3999999999505,1,541.3999999999505,0,0,,Keyboard Response,Keyboard Response,2,object-4,image,F,instr_photo_2.jpg,#DC143C,,1000ms,
8,1728506527574,09/10/2024 20:42:07,1728481327574,-7,09/10/2024 06:42:07,187004,3,task-wzke,repeat-3dmk#1,40528394,BLIND,11824685,,complete,,,computer,Desktop or Laptop,Chromium OS 14541.0.0,Chrome 126.0.0.0,1366x768,1366x633,,,0,Sustained Attention Practice (Clone),4,Accurate,2,,Inaccurate~Accurate,Spreadsheet1,Spreadsheet1,2,image,Screen 2,2al84i,2,continue,,500,500,500,500,500,500,1,500,0,0,,Fixation Timing,Fixation,1,object-24,image,F,instr_photo_2.jpg,#DC143C,,1000ms,
9,1728506528011,09/10/2024 20:42:08,1728481328011,-7,09/10/2024 06:42:08,187004,3,task-wzke,repeat-3dmk#1,40528394,BLIND,11824685,,complete,,,computer,Desktop or Laptop,Chromium OS 14541.0.0,Chrome 126.0.0.0,1366x768,1366x633,,,0,Sustained Attention Practice (Clone),4,Accurate,2,,Inaccurate~Accurate,Spreadsheet1,Spreadsheet1,3,image,Trials,mxeghn,1,response,F,433.40000000000873,416.70000000000437,433.40000000000873,433.40000000000873,416.70000000000437,433.40000000000873,1,433.40000000000873,0,0,,Keyboard Response,Keyboard Response,2,object-4,image,F,instr_photo_3.jpg,#E2752C,,1000ms,
10,1728506528990,09/10/2024 20:42:08,1728481328990,-7,09/10/2024 06:42:08,187004,3,task-wzke,repeat-3dmk#1,40528394,BLIND,11824685,,complete,,,computer,Desktop or Laptop,Chromium OS 14541.0.0,Chrome 126.0.0.0,1366x768,1366x633,,,0,Sustained Attention Practice (Clone),4,Accurate,2,,Inaccurate~Accurate,Spreadsheet1,Spreadsheet1,3,image,Screen 2,2al84i,2,continue,,499.8999999999942,499.8999999999942,499.8999999999942,499.8999999999942,499.8999999999942,499.8999999999942,1,499.8999999999942,0,0,,Fixation Timing,Fixation,1,object-24,image,F,instr_photo_3.jpg,#E2752C,,1000ms,
11,1728506529992,09/10/2024 20:42:09,1728481329992,-7,09/10/2024 06:42:09,187004,3,task-wzke,repeat-3dmk#1,40528394,BLIND,11824685,,complete,,,computer,Desktop or Laptop,Chromium OS 14541.0.0,Chrome 126.0.0.0,1366x768,1366x633,,,0,Sustained Attention Practice (Clone),4,Accurate,2,,Inaccurate~Accurate,Spreadsheet1,Spreadsheet1,4,image,Trials,mxeghn,1,response,J,999.9000000000015,999.9000000000015,999.9000000000015,999.9000000000015,999.9000000000015,999.9000000000015,1,999.9000000000015,0,0,,Time Limit,screen,0,screen,image,J,instr_photo_3.jpg,#DC143C,,1000ms,
12,1728506530973,09/10/2024 20:42:10,1728481330973,-7,09/10/2024 06:42:10,187004,3,task-wzke,repeat-3dmk#1,40528394,BLIND,11824685,,complete,,,computer,Desktop or Laptop,Chromium OS 14541.0.0,Chrome 126.0.0.0,1366x768,1366x633,,,0,Sustained Attention Practice (Clone),4,Accurate,2,,Inaccurate~Accurate,Spreadsheet1,Spreadsheet1,4,image,Screen 2,2al84i,2,continue,,500,500,500,500,500,500,1,500,0,0,,Fixation Timing,Fixation,1,object-24,image,J,instr_photo_3.jpg,#DC143C,,1000ms,
13,1728506531365,09/10/2024 20:42:11,1728481331365,-7,09/10/2024 06:42:11,187004,3,task-wzke,repeat-3dmk#1,40528394,BLIND,11824685,,complete,,,computer,Desktop or Laptop,Chromium OS 14541.0.0,Chrome 126.0.0.0,1366x768,1366x633,,,0,Sustained Attention Practice (Clone),4,Accurate,2,,Inaccurate~Accurate,Spreadsheet1,Spreadsheet1,5,image,Trials,mxeghn,1,response,F,391.799999999952,383.29999999999563,391.799999999952,391.799999999952,383.29999999999563,391.799999999952,1,391.799999999952,0,0,,Keyboard Response,Keyboard Response,2,object-4,image,F,instr_photo_5.jpg,#FF69B4,,1000ms,
14,1728506532356,09/10/2024 20:42:12,1728481332356,-7,09/10/2024 06:42:12,187004,3,task-wzke,repeat-3dmk#1,40528394,BLIND,11824685,,complete,,,computer,Desktop or Laptop,Chromium OS 14541.0.0,Chrome 126.0.0.0,1366x768,1366x633,,,0,Sustained Attention Practice (Clone),4,Accurate,2,,Inaccurate~Accurate,Spreadsheet1,Spreadsheet1,5,image,Screen 2,2al84i,2,continue,,500,500,500,500,500,500,1,500,0,0,,Fixation Timing,Fixation,1,object-24,image,F,instr_photo_5.jpg,#FF69B4,,1000ms,
15,1728506532359,09/10/2024 20:42:12,1728481332359,-7,09/10/2024 06:42:12,187004,3,task-wzke,repeat-3dmk#1,40528394,BLIND,11824685,,complete,,,computer,Desktop or Laptop,Chromium OS 14541.0.0,Chrome 126.0.0.0,1366x768,1366x633,,,0,Sustained Attention Practice (Clone),4,Accurate,2,,Inaccurate~Accurate,Spreadsheet1,Spreadsheet1,,,,,,info,END,,,,,,,0,,,,,,,,,,,,,,,
1,1728501118397,09/10/2024 19:11:58,1728483118397,-5,09/10/2024 09:11:58,187004,3,task-wzke,repeat-3dmk#5,40526763,BLIND,11824228,,complete,,,computer,Desktop or Laptop,Windows 10,Edge 129.0.0.0,1366x768,1366x653,,,0,Sustained Attention Practice (Clone),4,Inaccurate~Inaccurate~Inaccurate~Inaccurate~Inaccurate~Accurate,2,,Inaccurate~Inaccurate~Accurate,Spreadsheet1,Spreadsheet1,,,,,,info,BEGIN,,,,,,,0,,,,,,,,,,,,,,,
2,1728501125211,09/10/2024 19:12:05,1728483125211,-5,09/10/2024 09:12:05,187004,3,task-wzke,repeat-3dmk#5,40526763,BLIND,11824228,,complete,,,computer,Desktop or Laptop,Windows 10,Edge 129.0.0.0,1366x768,1366x653,,,0,Sustained Attention Practice (Clone),4,Inaccurate~Inaccurate~Inaccurate~Inaccurate~Inaccurate~Accurate,2,,Inaccurate~Inaccurate~Accurate,Spreadsheet1,Spreadsheet1,1,instructions,Screen 1,djhvrt,1,continue,,6689.000000095368,6677.1,6689.000000095368,6689.000000095368,6677.1,6689.000000095368,1,6689.000000095368,0,0,,Click To Continue,Continue Button,6,object-20,instructions,,,,,,
3,1728501127101,09/10/2024 19:12:07,1728483127101,-5,09/10/2024 09:12:07,187004,3,task-wzke,repeat-3dmk#5,40526763,BLIND,11824228,,complete,,,computer,Desktop or Laptop,Windows 10,Edge 129.0.0.0,1366x768,1366x653,,,0,Sustained Attention Practice (Clone),4,Inaccurate~Inaccurate~Inaccurate~Inaccurate~Inaccurate~Accurate,2,,Inaccurate~Inaccurate~Accurate,Spreadsheet1,Spreadsheet1,1,instructions,Screen 2,1kaj8e,2,continue,,1902.7000000476837,1897.8999999999996,1902.7000000476837,1902.7000000476837,1897.8999999999996,1902.7000000476837,1,1902.7000000476837,0,0,,Click To Continue,Continue Button,2,object-7,instructions,,,,,,
4,1728501130096,09/10/2024 19:12:10,1728483130096,-5,09/10/2024 09:12:10,187004,3,task-wzke,repeat-3dmk#5,40526763,BLIND,11824228,,complete,,,computer,Desktop or Laptop,Windows 10,Edge 129.0.0.0,1366x768,1366x653,,,0,Sustained Attention Practice (Clone),4,Inaccurate~Inaccurate~Inaccurate~Inaccurate~Inaccurate~Accurate,2,,Inaccurate~Inaccurate~Accurate,Spreadsheet1,Spreadsheet1,1,instructions,Screen 3,j5lb3b,3,timedOut,,3000.2000001430515,2997.800000000001,3000.2000001430515,3000.2000001430515,2997.800000000001,3000.2000001430515,1,3000.2000001430515,0,0,,Time Limit,screen,0,screen,instructions,,,,,,
5,1728501131098,09/10/2024 19:12:11,1728483131098,-5,09/10/2024 09:12:11,187004,3,task-wzke,repeat-3dmk#5,40526763,BLIND,11824228,,complete,,,computer,Desktop or Laptop,Windows 10,Edge 129.0.0.0,1366x768,1366x653,,,0,Sustained Attention Practice (Clone),4,Inaccurate~Inaccurate~Inaccurate~Inaccurate~Inaccurate~Accurate,2,,Inaccurate~Inaccurate~Accurate,Spreadsheet1,Spreadsheet1,1,image,Trials,mxeghn,1,response,J,998.7999999999993,998.7999999999993,998.7999999999993,998.7999999999993,998.7999999999993,998.7999999999993,0,998.7999999999993,0,0,,Time Limit,screen,0,screen,image,F,instr_photo.jpg,#FF69B4,,1000ms,
6,1728501132077,09/10/2024 19:12:12,1728483132077,-5,09/10/2024 09:12:12,187004,3,task-wzke,repeat-3dmk#5,40526763,BLIND,11824228,,complete,,,computer,Desktop or Laptop,Windows 10,Edge 129.0.0.0,1366x768,1366x653,,,0,Sustained Attention Practice (Clone),4,Inaccurate~Inaccurate~Inaccurate~Inaccurate~Inaccurate~Accurate,2,,Inaccurate~Inaccurate~Accurate,Spreadsheet1,Spreadsheet1,1,image,Screen 2,2al84i,2,continue,,499.59999999999854,499.59999999999854,499.59999999999854,499.59999999999854,499.59999999999854,499.59999999999854,1,499.59999999999854,0,0,,Fixation Timing,Fixation,1,object-24,image,F,instr_photo.jpg,#FF69B4,,1000ms,
7,1728501132506,09/10/2024 19:12:12,1728483132506,-5,09/10/2024 09:12:12,187004,3,task-wzke,repeat-3dmk#5,40526763,BLIND,11824228,,complete,,,computer,Desktop or Laptop,Windows 10,Edge 129.0.0.0,1366x768,1366x653,,,0,Sustained Attention Practice (Clone),4,Inaccurate~Inaccurate~Inaccurate~Inaccurate~Inaccurate~Accurate,2,,Inaccurate~Inaccurate~Accurate,Spreadsheet1,Spreadsheet1,2,image,Trials,mxeghn,1,response,F,429.0000001430526,415.8000000000029,429.0000001430526,429.0000001430526,415.8000000000029,429.0000001430526,1,429.0000001430526,0,0,,Keyboard Response,Keyboard Response,2,object-4,image,F,instr_photo_2.jpg,#DC143C,,1000ms,
8,1728501133481,09/10/2024 19:12:13,1728483133481,-5,09/10/2024 09:12:13,187004,3,task-wzke,repeat-3dmk#5,40526763,BLIND,11824228,,complete,,,computer,Desktop or Laptop,Windows 10,Edge 129.0.0.0,1366x768,1366x653,,,0,Sustained Attention Practice (Clone),4,Inaccurate~Inaccurate~Inaccurate~Inaccurate~Inaccurate~Accurate,2,,Inaccurate~Inaccurate~Accurate,Spreadsheet1,Spreadsheet1,2,image,Screen 2,2al84i,2,continue,,499,499,499,499,499,499,1,499,0,0,,Fixation Timing,Fixation,1,object-24,image,F,instr_photo_2.jpg,#DC143C,,1000ms,
9,1728501134177,09/10/2024 19:12:14,1728483134177,-5,09/10/2024 09:12:14,187004,3,task-wzke,repeat-3dmk#5,40526763,BLIND,11824228,,complete,,,computer,Desktop or Laptop,Windows 10,Edge 129.0.0.0,1366x768,1366x653,,,0,Sustained Attention Practice (Clone),4,Inaccurate~Inaccurate~Inaccurate~Inaccurate~Inaccurate~Accurate,2,,Inaccurate~Inaccurate~Accurate,Spreadsheet1,Spreadsheet1,3,image,Trials,mxeghn,1,response,F,695.2000001907363,682.8000000000029,695.2000001907363,695.2000001907363,682.8000000000029,695.2000001907363,1,695.2000001907363,0,0,,Keyboard Response,Keyboard Response,2,object-4,image,F,instr_photo_3.jpg,#E2752C,,1000ms,
10,1728501135163,09/10/2024 19:12:15,1728483135163,-5,09/10/2024 09:12:15,187004,3,task-wzke,repeat-3dmk#5,40526763,BLIND,11824228,,complete,,,computer,Desktop or Laptop,Windows 10,Edge 129.0.0.0,1366x768,1366x653,,,0,Sustained Attention Practice (Clone),4,Inaccurate~Inaccurate~Inaccurate~Inaccurate~Inaccurate~Accurate,2,,Inaccurate~Inaccurate~Accurate,Spreadsheet1,Spreadsheet1,3,image,Screen 2,2al84i,2,continue,,499.8999999999978,499.8999999999978,499.8999999999978,499.8999999999978,499.8999999999978,499.8999999999978,1,499.8999999999978,0,0,,Fixation Timing,Fixation,1,object-24,image,F,instr_photo_3.jpg,#E2752C,,1000ms,
11,1728501136165,09/10/2024 19:12:16,1728483136165,-5,09/10/2024 09:12:16,187004,3,task-wzke,repeat-3dmk#5,40526763,BLIND,11824228,,complete,,,computer,Desktop or Laptop,Windows 10,Edge 129.0.0.0,1366x768,1366x653,,,0,Sustained Attention Practice (Clone),4,Inaccurate~Inaccurate~Inaccurate~Inaccurate~Inaccurate~Accurate,2,,Inaccurate~Inaccurate~Accurate,Spreadsheet1,Spreadsheet1,4,image,Trials,mxeghn,1,response,J,998.7999999999993,998.7999999999993,998.7999999999993,998.7999999999993,998.7999999999993,998.7999999999993,1,998.7999999999993,0,0,,Time Limit,screen,0,screen,image,J,instr_photo_3.jpg,#DC143C,,1000ms,
12,1728501137144,09/10/2024 19:12:17,1728483137144,-5,09/10/2024 09:12:17,187004,3,task-wzke,repeat-3dmk#5,40526763,BLIND,11824228,,complete,,,computer,Desktop or Laptop,Windows 10,Edge 129.0.0.0,1366x768,1366x653,,,0,Sustained Attention Practice (Clone),4,Inaccurate~Inaccurate~Inaccurate~Inaccurate~Inaccurate~Accurate,2,,Inaccurate~Inaccurate~Accurate,Spreadsheet1,Spreadsheet1,4,image,Screen 2,2al84i,2,continue,,499.3000000000029,499.3000000000029,499.3000000000029,499.3000000000029,499.3000000000029,499.3000000000029,1,499.3000000000029,0,0,,Fixation Timing,Fixation,1,object-24,image,J,instr_photo_3.jpg,#DC143C,,1000ms,
13,1728501137876,09/10/2024 19:12:17,1728483137876,-5,09/10/2024 09:12:17,187004,3,task-wzke,repeat-3dmk#5,40526763,BLIND,11824228,,complete,,,computer,Desktop or Laptop,Windows 10,Edge 129.0.0.0,1366x768,1366x653,,,0,Sustained Attention Practice (Clone),4,Inaccurate~Inaccurate~Inaccurate~Inaccurate~Inaccurate~Accurate,2,,Inaccurate~Inaccurate~Accurate,Spreadsheet1,Spreadsheet1,5,image,Trials,mxeghn,1,response,F,732.7000000000007,715.7999999999993,732.7000000000007,732.7000000000007,715.7999999999993,732.7000000000007,1,732.7000000000007,0,0,,Keyboard Response,Keyboard Response,2,object-4,image,F,instr_photo_5.jpg,#FF69B4,,1000ms,
14,1728501138859,09/10/2024 19:12:18,1728483138859,-5,09/10/2024 09:12:18,187004,3,task-wzke,repeat-3dmk#5,40526763,BLIND,11824228,,complete,,,computer,Desktop or Laptop,Windows 10,Edge 129.0.0.0,1366x768,1366x653,,,0,Sustained Attention Practice (Clone),4,Inaccurate~Inaccurate~Inaccurate~Inaccurate~Inaccurate~Accurate,2,,Inaccurate~Inaccurate~Accurate,Spreadsheet1,Spreadsheet1,5,image,Screen 2,2al84i,2,continue,,499.5,499.5,499.5,499.5,499.5,499.5,1,499.5,0,0,,Fixation Timing,Fixation,1,object-24,image,F,instr_photo_5.jpg,#FF69B4,,1000ms,
15,1728501138865,09/10/2024 19:12:18,1728483138865,-5,09/10/2024 09:12:18,187004,3,task-wzke,repeat-3dmk#5,40526763,BLIND,11824228,,complete,,,computer,Desktop or Laptop,Windows 10,Edge 129.0.0.0,1366x768,1366x653,,,0,Sustained Attention Practice (Clone),4,Inaccurate~Inaccurate~Inaccurate~Inaccurate~Inaccurate~Accurate,2,,Inaccurate~Inaccurate~Accurate,Spreadsheet1,Spreadsheet1,,,,,,info,END,,,,,,,0,,,,,,,,,,,,,,,
1,1728500903793,09/10/2024 19:08:23,1728482903793,-5,09/10/2024 09:08:23,187004,3,task-wzke,repeat-3dmk#1,40526655,BLIND,11824228,,complete,,,computer,Desktop or Laptop,Windows 10,Edge 129.0.0.0,1366x768,1366x653,,,0,Sustained Attention Practice (Clone),4,Inaccurate~Inaccurate~Inaccurate~Inaccurate~Inaccurate~Accurate,2,,Inaccurate~Inaccurate~Accurate,Spreadsheet1,Spreadsheet1,,,,,,info,BEGIN,,,,,,,0,,,,,,,,,,,,,,,
2,1728500924699,09/10/2024 19:08:44,1728482924699,-5,09/10/2024 09:08:44,187004,3,task-wzke,repeat-3dmk#1,40526655,BLIND,11824228,,complete,,,computer,Desktop or Laptop,Windows 10,Edge 129.0.0.0,1366x768,1366x653,,,0,Sustained Attention Practice (Clone),4,Inaccurate~Inaccurate~Inaccurate~Inaccurate~Inaccurate~Accurate,2,,Inaccurate~Inaccurate~Accurate,Spreadsheet1,Spreadsheet1,1,instructions,Screen 1,djhvrt,1,continue,,20591.000000095366,20580.199999999997,20591.000000095366,20591.000000095366,20580.199999999997,20591.000000095366,1,20591.000000095366,0,0,,Click To Continue,Continue Button,6,object-20,instructions,,,,,,
3,1728500938265,09/10/2024 19:08:58,1728482938265,-5,09/10/2024 09:08:58,187004,3,task-wzke,repeat-3dmk#1,40526655,BLIND,11824228,,complete,,,computer,Desktop or Laptop,Windows 10,Edge 129.0.0.0,1366x768,1366x653,,,0,Sustained Attention Practice (Clone),4,Inaccurate~Inaccurate~Inaccurate~Inaccurate~Inaccurate~Accurate,2,,Inaccurate~Inaccurate~Accurate,Spreadsheet1,Spreadsheet1,1,instructions,Screen 2,1kaj8e,2,continue,,13571.599999999999,13554.599999999999,13571.599999999999,13571.599999999999,13554.599999999999,13571.599999999999,1,13571.599999999999,0,0,,Click To Continue,Continue Button,2,object-7,instructions,,,,,,
4,1728500941224,09/10/2024 19:09:01,1728482941224,-5,09/10/2024 09:09:01,187004,3,task-wzke,repeat-3dmk#1,40526655,BLIND,11824228,,complete,,,computer,Desktop or Laptop,Windows 10,Edge 129.0.0.0,1366x768,1366x653,,,0,Sustained Attention Practice (Clone),4,Inaccurate~Inaccurate~Inaccurate~Inaccurate~Inaccurate~Accurate,2,,Inaccurate~Inaccurate~Accurate,Spreadsheet1,Spreadsheet1,1,instructions,Screen 3,j5lb3b,3,timedOut,,2999.800000000003,2996.800000000003,2999.800000000003,2999.800000000003,2996.800000000003,2999.800000000003,1,2999.800000000003,0,0,,Time Limit,screen,0,screen,instructions,,,,,,
5,1728500942229,09/10/2024 19:09:02,1728482942229,-5,09/10/2024 09:09:02,187004,3,task-wzke,repeat-3dmk#1,40526655,BLIND,11824228,,complete,,,computer,Desktop or Laptop,Windows 10,Edge 129.0.0.0,1366x768,1366x653,,,0,Sustained Attention Practice (Clone),4,Inaccurate~Inaccurate~Inaccurate~Inaccurate~Inaccurate~Accurate,2,,Inaccurate~Inaccurate~Accurate,Spreadsheet1,Spreadsheet1,1,image,Trials,mxeghn,1,response,J,999,999,999,999,999,999,0,999,0,0,,Time Limit,screen,0,screen,image,F,instr_photo.jpg,#FF69B4,,1000ms,
6,1728500943206,09/10/2024 19:09:03,1728482943206,-5,09/10/2024 09:09:03,187004,3,task-wzke,repeat-3dmk#1,40526655,BLIND,11824228,,complete,,,computer,Desktop or Laptop,Windows 10,Edge 129.0.0.0,1366x768,1366x653,,,0,Sustained Attention Practice (Clone),4,Inaccurate~Inaccurate~Inaccurate~Inaccurate~Inaccurate~Accurate,2,,Inaccurate~Inaccurate~Accurate,Spreadsheet1,Spreadsheet1,1,image,Screen 2,2al84i,2,continue,,499.8000000000029,499.8000000000029,499.8000000000029,499.8000000000029,499.8000000000029,499.8000000000029,1,499.8000000000029,0,0,,Fixation Timing,Fixation,1,object-24,image,F,instr_photo.jpg,#FF69B4,,1000ms,
7,1728500944206,09/10/2024 19:09:04,1728482944206,-5,09/10/2024 09:09:04,187004,3,task-wzke,repeat-3dmk#1,40526655,BLIND,11824228,,complete,,,computer,Desktop or Laptop,Windows 10,Edge 129.0.0.0,1366x768,1366x653,,,0,Sustained Attention Practice (Clone),4,Inaccurate~Inaccurate~Inaccurate~Inaccurate~Inaccurate~Accurate,2,,Inaccurate~Inaccurate~Accurate,Spreadsheet1,Spreadsheet1,2,image,Trials,mxeghn,1,response,J,998.9000000000015,998.9000000000015,998.9000000000015,998.9000000000015,998.9000000000015,998.9000000000015,0,998.9000000000015,0,0,,Time Limit,screen,0,screen,image,F,instr_photo_2.jpg,#DC143C,,1000ms,
8,1728500945186,09/10/2024 19:09:05,1728482945186,-5,09/10/2024 09:09:05,187004,3,task-wzke,repeat-3dmk#1,40526655,BLIND,11824228,,complete,,,computer,Desktop or Laptop,Windows 10,Edge 129.0.0.0,1366x768,1366x653,,,0,Sustained Attention Practice (Clone),4,Inaccurate~Inaccurate~Inaccurate~Inaccurate~Inaccurate~Accurate,2,,Inaccurate~Inaccurate~Accurate,Spreadsheet1,Spreadsheet1,2,image,Screen 2,2al84i,2,continue,,499.70000000000437,499.70000000000437,499.70000000000437,499.70000000000437,499.70000000000437,499.70000000000437,1,499.70000000000437,0,0,,Fixation Timing,Fixation,1,object-24,image,F,instr_photo_2.jpg,#DC143C,,1000ms,
9,1728500946187,09/10/2024 19:09:06,1728482946187,-5,09/10/2024 09:09:06,187004,3,task-wzke,repeat-3dmk#1,40526655,BLIND,11824228,,complete,,,computer,Desktop or Laptop,Windows 10,Edge 129.0.0.0,1366x768,1366x653,,,0,Sustained Attention Practice (Clone),4,Inaccurate~Inaccurate~Inaccurate~Inaccurate~Inaccurate~Accurate,2,,Inaccurate~Inaccurate~Accurate,Spreadsheet1,Spreadsheet1,3,image,Trials,mxeghn,1,response,J,999.0999999999985,999.0999999999985,999.0999999999985,999.0999999999985,999.0999999999985,999.0999999999985,0,999.0999999999985,0,0,,Time Limit,screen,0,screen,image,F,instr_photo_3.jpg,#E2752C,,1000ms,
10,1728500947168,09/10/2024 19:09:07,1728482947168,-5,09/10/2024 09:09:07,187004,3,task-wzke,repeat-3dmk#1,40526655,BLIND,11824228,,complete,,,computer,Desktop or Laptop,Windows 10,Edge 129.0.0.0,1366x768,1366x653,,,0,Sustained Attention Practice (Clone),4,Inaccurate~Inaccurate~Inaccurate~Inaccurate~Inaccurate~Accurate,2,,Inaccurate~Inaccurate~Accurate,Spreadsheet1,Spreadsheet1,3,image,Screen 2,2al84i,2,continue,,499.90000000000146,499.90000000000146,499.90000000000146,499.90000000000146,499.90000000000146,499.90000000000146,1,499.90000000000146,0,0,,Fixation Timing,Fixation,1,object-24,image,F,instr_photo_3.jpg,#E2752C,,1000ms,
11,1728500947870,09/10/2024 19:09:07,1728482947870,-5,09/10/2024 09:09:07,187004,3,task-wzke,repeat-3dmk#1,40526655,BLIND,11824228,,complete,,,computer,Desktop or Laptop,Windows 10,Edge 129.0.0.0,1366x768,1366x653,,,0,Sustained Attention Practice (Clone),4,Inaccurate~Inaccurate~Inaccurate~Inaccurate~Inaccurate~Accurate,2,,Inaccurate~Inaccurate~Accurate,Spreadsheet1,Spreadsheet1,4,image,Trials,mxeghn,1,response,F,666.1000000000058,649.2000000000044,666.1000000000058,666.1000000000058,649.2000000000044,666.1000000000058,0,666.1000000000058,0,0,,Keyboard Response,Keyboard Response,2,object-4,image,J,instr_photo_3.jpg,#DC143C,,1000ms,
12,1728500948816,09/10/2024 19:09:08,1728482948816,-5,09/10/2024 09:09:08,187004,3,task-wzke,repeat-3dmk#1,40526655,BLIND,11824228,,complete,,,computer,Desktop or Laptop,Windows 10,Edge 129.0.0.0,1366x768,1366x653,,,0,Sustained Attention Practice (Clone),4,Inaccurate~Inaccurate~Inaccurate~Inaccurate~Inaccurate~Accurate,2,,Inaccurate~Inaccurate~Accurate,Spreadsheet1,Spreadsheet1,4,image,Screen 2,2al84i,2,continue,,499.3999999999942,499.3999999999942,499.3999999999942,499.3999999999942,499.3999999999942,499.3999999999942,1,499.3999999999942,0,0,,Fixation Timing,Fixation,1,object-24,image,J,instr_photo_3.jpg,#DC143C,,1000ms,
13,1728500949816,09/10/2024 19:09:09,1728482949816,-5,09/10/2024 09:09:09,187004,3,task-wzke,repeat-3dmk#1,40526655,BLIND,11824228,,complete,,,computer,Desktop or Laptop,Windows 10,Edge 129.0.0.0,1366x768,1366x653,,,0,Sustained Attention Practice (Clone),4,Inaccurate~Inaccurate~Inaccurate~Inaccurate~Inaccurate~Accurate,2,,Inaccurate~Inaccurate~Accurate,Spreadsheet1,Spreadsheet1,5,image,Trials,mxeghn,1,response,J,999.4000000000015,999.4000000000015,999.4000000000015,999.4000000000015,999.4000000000015,999.4000000000015,0,999.4000000000015,0,0,,Time Limit,screen,0,screen,image,F,instr_photo_5.jpg,#FF69B4,,1000ms,
14,1728500950797,09/10/2024 19:09:10,1728482950797,-5,09/10/2024 09:09:10,187004,3,task-wzke,repeat-3dmk#1,40526655,BLIND,11824228,,complete,,,computer,Desktop or Laptop,Windows 10,Edge 129.0.0.0,1366x768,1366x653,,,0,Sustained Attention Practice (Clone),4,Inaccurate~Inaccurate~Inaccurate~Inaccurate~Inaccurate~Accurate,2,,Inaccurate~Inaccurate~Accurate,Spreadsheet1,Spreadsheet1,5,image,Screen 2,2al84i,2,continue,,499.5,499.5,499.5,499.5,499.5,499.5,1,499.5,0,0,,Fixation Timing,Fixation,1,object-24,image,F,instr_photo_5.jpg,#FF69B4,,1000ms,
15,1728500950800,09/10/2024 19:09:10,1728482950800,-5,09/10/2024 09:09:10,187004,3,task-wzke,repeat-3dmk#1,40526655,BLIND,11824228,,complete,,,computer,Desktop or Laptop,Windows 10,Edge 129.0.0.0,1366x768,1366x653,,,0,Sustained Attention Practice (Clone),4,Inaccurate~Inaccurate~Inaccurate~Inaccurate~Inaccurate~Accurate,2,,Inaccurate~Inaccurate~Accurate,Spreadsheet1,Spreadsheet1,,,,,,info,END,,,,,,,0,,,,,,,,,,,,,,,
END OF FILE
